tree	now	goes to	state	rule
evidence	evidence/proofs/posits/proof_boundary_inheritance.py	evidence/proofs/posits/proof_boundary_inheritance.py	stays	in its domain
evidence	evidence/proofs/posits/proof_conservation.py	evidence/proofs/posits/proof_conservation.py	stays	in its domain
evidence	evidence/proofs/posits/proof_constants_two_routes.py	evidence/proofs/posits/proof_constants_two_routes.py	stays	in its domain
evidence	evidence/proofs/posits/proof_corpus_audit.py	evidence/proofs/posits/proof_corpus_audit.py	stays	in its domain
evidence	evidence/proofs/posits/proof_domain_boundaries.py	evidence/proofs/posits/proof_domain_boundaries.py	stays	in its domain
evidence	evidence/proofs/posits/proof_group_law.py	evidence/proofs/posits/proof_group_law.py	stays	in its domain
evidence	evidence/proofs/posits/proof_invariance_survives_null.py	evidence/proofs/posits/proof_invariance_survives_null.py	stays	in its domain
evidence	evidence/proofs/posits/proof_many_routes.py	evidence/proofs/posits/proof_many_routes.py	stays	in its domain
evidence	evidence/proofs/posits/proof_null_property.py	evidence/proofs/posits/proof_null_property.py	stays	in its domain
evidence	evidence/proofs/posits/proof_pi_clears_the_term.py	evidence/proofs/posits/proof_pi_clears_the_term.py	stays	in its domain
evidence	evidence/proofs/posits/proof_precision_spread.py	evidence/proofs/posits/proof_precision_spread.py	stays	in its domain
evidence	evidence/proofs/posits/proof_precision_theorems.py	evidence/proofs/posits/proof_precision_theorems.py	stays	in its domain
evidence	evidence/proofs/posits/proof_set_theory.py	evidence/proofs/posits/proof_set_theory.py	stays	in its domain
evidence	evidence/proofs/posits/proof_symbol_width.py	evidence/proofs/posits/proof_symbol_width.py	stays	in its domain
evidence	evidence/proofs/posits/proof_twiddle_group_in_field.py	evidence/proofs/posits/proof_twiddle_group_in_field.py	stays	in its domain
evidence	evidence/sims/matlab/README.md	evidence/sims/matlab/README.md	stays	in its domain
evidence	evidence/sims/matlab/orior_departure.m	evidence/sims/matlab/orior_departure.m	stays	in its domain
evidence	src/engine/matlab/sim_cluster_rapid_deploy/README.md	evidence/sims/matlab/sim_cluster_rapid_deploy/README.md	moves	R and MATLAB/Octave sims are evidence's
evidence	src/engine/matlab/sim_cluster_rapid_deploy/chk_run.sh	evidence/sims/matlab/sim_cluster_rapid_deploy/chk_run.sh	moves	R and MATLAB/Octave sims are evidence's
evidence	src/engine/r/README.md	evidence/sims/r/README.md	moves	R and MATLAB/Octave sims are evidence's
evidence	evidence/sims/r/departure.R	evidence/sims/r/departure.R	stays	in its domain
evidence	src/engine/r/hypotheses/ladder_analysis.R	evidence/sims/r/hypotheses/ladder_analysis.R	moves	R and MATLAB/Octave sims are evidence's
evidence	src/engine/r/hypotheses/language_variance.R	evidence/sims/r/hypotheses/language_variance.R	moves	R and MATLAB/Octave sims are evidence's
evidence	src/engine/r/hypotheses/ratio_normality.R	evidence/sims/r/hypotheses/ratio_normality.R	moves	R and MATLAB/Octave sims are evidence's
examples	examples/00_blob_viz_tools/README.md	examples/00_blob_viz_tools/README.md	stays	in its domain
examples	examples/00_blob_viz_tools/aimed_arms.py	examples/00_blob_viz_tools/aimed_arms.py	stays	in its domain
examples	examples/00_blob_viz_tools/arm_draw.py	examples/00_blob_viz_tools/arm_draw.py	stays	in its domain
examples	examples/00_blob_viz_tools/arm_rank.py	examples/00_blob_viz_tools/arm_rank.py	stays	in its domain
examples	examples/00_blob_viz_tools/beam_illuminate.py	examples/00_blob_viz_tools/beam_illuminate.py	stays	in its domain
examples	examples/00_blob_viz_tools/beam_read.py	examples/00_blob_viz_tools/beam_read.py	stays	in its domain
examples	examples/00_blob_viz_tools/beam_rows.py	examples/00_blob_viz_tools/beam_rows.py	stays	in its domain
examples	examples/00_blob_viz_tools/bend_view_template.html	examples/00_blob_viz_tools/bend_view_template.html	stays	in its domain
examples	examples/00_blob_viz_tools/blind_view_template.html	examples/00_blob_viz_tools/blind_view_template.html	stays	in its domain
examples	examples/00_blob_viz_tools/bloch_cost.py	examples/00_blob_viz_tools/bloch_cost.py	stays	in its domain
examples	examples/00_blob_viz_tools/bloch_reach.py	examples/00_blob_viz_tools/bloch_reach.py	stays	in its domain
examples	examples/00_blob_viz_tools/block_view_template.html	examples/00_blob_viz_tools/block_view_template.html	stays	in its domain
examples	examples/00_blob_viz_tools/boundary_count.py	examples/00_blob_viz_tools/boundary_count.py	stays	in its domain
examples	examples/00_blob_viz_tools/boundary_read.py	examples/00_blob_viz_tools/boundary_read.py	stays	in its domain
examples	examples/00_blob_viz_tools/build_beam_view.py	examples/00_blob_viz_tools/build_beam_view.py	stays	in its domain
examples	examples/00_blob_viz_tools/build_bend_view.py	examples/00_blob_viz_tools/build_bend_view.py	stays	in its domain
examples	examples/00_blob_viz_tools/build_blind_view.py	examples/00_blob_viz_tools/build_blind_view.py	stays	in its domain
examples	examples/00_blob_viz_tools/build_blob_view.py	examples/00_blob_viz_tools/build_blob_view.py	stays	in its domain
examples	examples/00_blob_viz_tools/build_block_view.py	examples/00_blob_viz_tools/build_block_view.py	stays	in its domain
examples	examples/00_blob_viz_tools/build_chart_view.py	examples/00_blob_viz_tools/build_chart_view.py	stays	in its domain
examples	examples/00_blob_viz_tools/build_earth_view.py	examples/00_blob_viz_tools/build_earth_view.py	stays	in its domain
examples	examples/00_blob_viz_tools/build_field_view.py	examples/00_blob_viz_tools/build_field_view.py	stays	in its domain
examples	examples/00_blob_viz_tools/build_illuminate_view.py	examples/00_blob_viz_tools/build_illuminate_view.py	stays	in its domain
examples	examples/00_blob_viz_tools/build_orrery_view.py	examples/00_blob_viz_tools/build_orrery_view.py	stays	in its domain
examples	examples/00_blob_viz_tools/build_pack.ps1	examples/00_blob_viz_tools/build_pack.ps1	stays	in its domain
examples	examples/00_blob_viz_tools/build_plot_view.py	examples/00_blob_viz_tools/build_plot_view.py	stays	in its domain
examples	examples/00_blob_viz_tools/build_pool_view.py	examples/00_blob_viz_tools/build_pool_view.py	stays	in its domain
examples	examples/00_blob_viz_tools/build_room_view.py	examples/00_blob_viz_tools/build_room_view.py	stays	in its domain
examples	examples/00_blob_viz_tools/build_scope_view.py	examples/00_blob_viz_tools/build_scope_view.py	stays	in its domain
examples	examples/00_blob_viz_tools/build_sha_clock_view.py	examples/00_blob_viz_tools/build_sha_clock_view.py	stays	in its domain
examples	examples/00_blob_viz_tools/build_sha_pairs_view.py	examples/00_blob_viz_tools/build_sha_pairs_view.py	stays	in its domain
examples	examples/00_blob_viz_tools/build_sha_room_view.py	examples/00_blob_viz_tools/build_sha_room_view.py	stays	in its domain
examples	examples/00_blob_viz_tools/build_sha_sphere_view.py	examples/00_blob_viz_tools/build_sha_sphere_view.py	stays	in its domain
examples	examples/00_blob_viz_tools/build_shadow_view.py	examples/00_blob_viz_tools/build_shadow_view.py	stays	in its domain
examples	examples/00_blob_viz_tools/build_shapes_view.py	examples/00_blob_viz_tools/build_shapes_view.py	stays	in its domain
examples	examples/00_blob_viz_tools/build_sound_view.py	examples/00_blob_viz_tools/build_sound_view.py	stays	in its domain
examples	examples/00_blob_viz_tools/build_sources_view.py	examples/00_blob_viz_tools/build_sources_view.py	stays	in its domain
examples	examples/00_blob_viz_tools/build_sphere_view.py	examples/00_blob_viz_tools/build_sphere_view.py	stays	in its domain
examples	examples/00_blob_viz_tools/build_spiral_view.py	examples/00_blob_viz_tools/build_spiral_view.py	stays	in its domain
examples	examples/00_blob_viz_tools/build_step_view.py	examples/00_blob_viz_tools/build_step_view.py	stays	in its domain
examples	examples/00_blob_viz_tools/build_survey_view.py	examples/00_blob_viz_tools/build_survey_view.py	stays	in its domain
examples	examples/00_blob_viz_tools/build_sweep_view.py	examples/00_blob_viz_tools/build_sweep_view.py	stays	in its domain
examples	examples/00_blob_viz_tools/build_voxel_view.py	examples/00_blob_viz_tools/build_voxel_view.py	stays	in its domain
examples	examples/00_blob_viz_tools/chain_kat.py	examples/00_blob_viz_tools/chain_kat.py	stays	in its domain
examples	examples/00_blob_viz_tools/chart_view_template.html	examples/00_blob_viz_tools/chart_view_template.html	stays	in its domain
examples	examples/00_blob_viz_tools/conserved.py	examples/00_blob_viz_tools/conserved.py	stays	in its domain
examples	examples/00_blob_viz_tools/parity_check.py	examples/00_blob_viz_tools/parity_check.py	stays	in its domain
examples	examples/00_blob_viz_tools/toolbox/core/watch.js	examples/00_blob_viz_tools/toolbox/core/watch.js	stays	in its domain
examples	examples/00_blob_viz_tools/toolbox/ui/bar.js	examples/00_blob_viz_tools/toolbox/ui/bar.js	stays	in its domain
examples	examples/00_blob_viz_tools/cut_project.py	examples/00_blob_viz_tools/cut_project.py	stays	in its domain
examples	examples/00_blob_viz_tools/data_check.py	examples/00_blob_viz_tools/data_check.py	stays	in its domain
examples	examples/00_blob_viz_tools/deform_rate.py	examples/00_blob_viz_tools/deform_rate.py	stays	in its domain
examples	examples/00_blob_viz_tools/dsp.py	examples/00_blob_viz_tools/dsp.py	stays	in its domain
examples	examples/00_blob_viz_tools/earth_view_template.html	examples/00_blob_viz_tools/earth_view_template.html	stays	in its domain
examples	examples/00_blob_viz_tools/exact.py	examples/00_blob_viz_tools/exact.py	stays	in its domain
examples	examples/00_blob_viz_tools/exact_qubits.py	examples/00_blob_viz_tools/exact_qubits.py	stays	in its domain
examples	examples/00_blob_viz_tools/fractal_spike.py	examples/00_blob_viz_tools/fractal_spike.py	stays	in its domain
examples	examples/00_blob_viz_tools/frame_audit.py	examples/00_blob_viz_tools/frame_audit.py	stays	in its domain
examples	examples/00_blob_viz_tools/frame_findings.md	examples/00_blob_viz_tools/frame_findings.md	stays	in its domain
examples	examples/00_blob_viz_tools/funnel_coherence.py	examples/00_blob_viz_tools/funnel_coherence.py	stays	in its domain
examples	examples/00_blob_viz_tools/generate_template.py	examples/00_blob_viz_tools/generate_template.py	stays	in its domain
examples	examples/00_blob_viz_tools/gpu_pack.py	examples/00_blob_viz_tools/gpu_pack.py	stays	in its domain
examples	examples/00_blob_viz_tools/graph_machine.py	examples/00_blob_viz_tools/graph_machine.py	stays	in its domain
examples	examples/00_blob_viz_tools/grid_error.py	examples/00_blob_viz_tools/grid_error.py	stays	in its domain
examples	examples/00_blob_viz_tools/hhl_nested.py	examples/00_blob_viz_tools/hhl_nested.py	stays	in its domain
examples	examples/00_blob_viz_tools/inert_report.py	examples/00_blob_viz_tools/inert_report.py	stays	in its domain
examples	examples/00_blob_viz_tools/layering.py	examples/00_blob_viz_tools/layering.py	stays	in its domain
examples	examples/00_blob_viz_tools/magic_conserves.py	examples/00_blob_viz_tools/magic_conserves.py	stays	in its domain
examples	examples/00_blob_viz_tools/make_shadow_figure.py	examples/00_blob_viz_tools/make_shadow_figure.py	stays	in its domain
examples	examples/00_blob_viz_tools/manifest.py	examples/00_blob_viz_tools/manifest.py	stays	in its domain
examples	examples/00_blob_viz_tools/miner_return.py	examples/00_blob_viz_tools/miner_return.py	stays	in its domain
examples	examples/00_blob_viz_tools/nonce_conditional.py	examples/00_blob_viz_tools/nonce_conditional.py	stays	in its domain
examples	examples/00_blob_viz_tools/nonce_cost.py	examples/00_blob_viz_tools/nonce_cost.py	stays	in its domain
examples	examples/00_blob_viz_tools/nonce_hash_unit.py	examples/00_blob_viz_tools/nonce_hash_unit.py	stays	in its domain
examples	examples/00_blob_viz_tools/nonce_local.py	examples/00_blob_viz_tools/nonce_local.py	stays	in its domain
examples	examples/00_blob_viz_tools/nonce_morphic.py	examples/00_blob_viz_tools/nonce_morphic.py	stays	in its domain
examples	examples/00_blob_viz_tools/nonce_period.py	examples/00_blob_viz_tools/nonce_period.py	stays	in its domain
examples	examples/00_blob_viz_tools/nonce_read.py	examples/00_blob_viz_tools/nonce_read.py	stays	in its domain
examples	examples/00_blob_viz_tools/nonce_ring_factor.py	examples/00_blob_viz_tools/nonce_ring_factor.py	stays	in its domain
examples	examples/00_blob_viz_tools/nonce_support.py	examples/00_blob_viz_tools/nonce_support.py	stays	in its domain
examples	examples/00_blob_viz_tools/nonce_validset.py	examples/00_blob_viz_tools/nonce_validset.py	stays	in its domain
examples	examples/00_blob_viz_tools/nonce_web.py	examples/00_blob_viz_tools/nonce_web.py	stays	in its domain
examples	examples/00_blob_viz_tools/normalized_harmonics.py	examples/00_blob_viz_tools/normalized_harmonics.py	stays	in its domain
examples	examples/00_blob_viz_tools/null_first.py	examples/00_blob_viz_tools/null_first.py	stays	in its domain
examples	examples/00_blob_viz_tools/null_harness.py	examples/00_blob_viz_tools/null_harness.py	stays	in its domain
examples	examples/00_blob_viz_tools/o2_boundary.py	examples/00_blob_viz_tools/o2_boundary.py	stays	in its domain
examples	examples/00_blob_viz_tools/o2_nonce.py	examples/00_blob_viz_tools/o2_nonce.py	stays	in its domain
examples	examples/00_blob_viz_tools/o2_ntt_boundary.py	examples/00_blob_viz_tools/o2_ntt_boundary.py	stays	in its domain
examples	examples/00_blob_viz_tools/octant_lex.py	examples/00_blob_viz_tools/octant_lex.py	stays	in its domain
examples	examples/00_blob_viz_tools/orrery_view_template.html	examples/00_blob_viz_tools/orrery_view_template.html	stays	in its domain
examples	examples/00_blob_viz_tools/out_path.py	examples/00_blob_viz_tools/out_path.py	stays	in its domain
examples	examples/00_blob_viz_tools/pack_shapes.cu	examples/00_blob_viz_tools/pack_shapes.cu	stays	in its domain
examples	examples/00_blob_viz_tools/pack_shapes.exe	examples/00_blob_viz_tools/pack_shapes.exe	stays	in its domain
examples	examples/00_blob_viz_tools/pack_shapes.ptx	examples/00_blob_viz_tools/pack_shapes.ptx	stays	in its domain
examples	examples/00_blob_viz_tools/pairs_view_template.html	examples/00_blob_viz_tools/pairs_view_template.html	stays	in its domain
examples	examples/00_blob_viz_tools/perturb_inertia.py	examples/00_blob_viz_tools/perturb_inertia.py	stays	in its domain
examples	examples/00_blob_viz_tools/product_machine.py	examples/00_blob_viz_tools/product_machine.py	stays	in its domain
examples	examples/00_blob_viz_tools/quantum_recursion.py	examples/00_blob_viz_tools/quantum_recursion.py	stays	in its domain
examples	examples/00_blob_viz_tools/qubit_trace.py	examples/00_blob_viz_tools/qubit_trace.py	stays	in its domain
examples	examples/00_blob_viz_tools/quotient_coherence.py	examples/00_blob_viz_tools/quotient_coherence.py	stays	in its domain
examples	examples/00_blob_viz_tools/reading_rank.py	examples/00_blob_viz_tools/reading_rank.py	stays	in its domain
examples	examples/00_blob_viz_tools/ring_quadrant.py	examples/00_blob_viz_tools/ring_quadrant.py	stays	in its domain
examples	examples/00_blob_viz_tools/room_view_template.html	examples/00_blob_viz_tools/room_view_template.html	stays	in its domain
examples	examples/00_blob_viz_tools/scope_view_template.html	examples/00_blob_viz_tools/scope_view_template.html	stays	in its domain
examples	examples/00_blob_viz_tools/script_check.py	examples/00_blob_viz_tools/script_check.py	stays	in its domain
examples	examples/00_blob_viz_tools/settings.py	examples/00_blob_viz_tools/settings.py	stays	in its domain
examples	examples/00_blob_viz_tools/shadow_view_template.html	examples/00_blob_viz_tools/shadow_view_template.html	stays	in its domain
examples	examples/00_blob_viz_tools/shapes_view_template.html	examples/00_blob_viz_tools/shapes_view_template.html	stays	in its domain
examples	examples/00_blob_viz_tools/shor_trace.py	examples/00_blob_viz_tools/shor_trace.py	stays	in its domain
examples	examples/00_blob_viz_tools/snap_release.py	examples/00_blob_viz_tools/snap_release.py	stays	in its domain
examples	examples/00_blob_viz_tools/sources_view_template.html	examples/00_blob_viz_tools/sources_view_template.html	stays	in its domain
examples	examples/00_blob_viz_tools/sphere_field.py	examples/00_blob_viz_tools/sphere_field.py	stays	in its domain
examples	examples/00_blob_viz_tools/sphere_view_template.html	examples/00_blob_viz_tools/sphere_view_template.html	stays	in its domain
examples	examples/00_blob_viz_tools/spiral_view_template.html	examples/00_blob_viz_tools/spiral_view_template.html	stays	in its domain
examples	examples/00_blob_viz_tools/stabilizer_rank.py	examples/00_blob_viz_tools/stabilizer_rank.py	stays	in its domain
examples	examples/00_blob_viz_tools/step_view_template.html	examples/00_blob_viz_tools/step_view_template.html	stays	in its domain
examples	examples/00_blob_viz_tools/survey_view_template.html	examples/00_blob_viz_tools/survey_view_template.html	stays	in its domain
examples	examples/00_blob_viz_tools/tail_bit.py	examples/00_blob_viz_tools/tail_bit.py	stays	in its domain
examples	examples/00_blob_viz_tools/tgate_free.py	examples/00_blob_viz_tools/tgate_free.py	stays	in its domain
examples	examples/00_blob_viz_tools/toolbox/copyright.html	examples/00_blob_viz_tools/toolbox/copyright.html	stays	in its domain
examples	examples/00_blob_viz_tools/toolbox/core/angle.js	examples/00_blob_viz_tools/toolbox/core/angle.js	stays	in its domain
examples	examples/00_blob_viz_tools/toolbox/core/clock.js	examples/00_blob_viz_tools/toolbox/core/clock.js	stays	in its domain
examples	examples/00_blob_viz_tools/toolbox/core/gpu.js	examples/00_blob_viz_tools/toolbox/core/gpu.js	stays	in its domain
examples	examples/00_blob_viz_tools/toolbox/core/mat4.js	examples/00_blob_viz_tools/toolbox/core/mat4.js	stays	in its domain
examples	examples/00_blob_viz_tools/toolbox/core/scheme.js	examples/00_blob_viz_tools/toolbox/core/scheme.js	stays	in its domain
examples	examples/00_blob_viz_tools/toolbox/manifest.tsv	examples/00_blob_viz_tools/toolbox/manifest.tsv	stays	in its domain
examples	examples/00_blob_viz_tools/toolbox/shapes/cube.js	examples/00_blob_viz_tools/toolbox/shapes/cube.js	stays	in its domain
examples	examples/00_blob_viz_tools/toolbox/shapes/curve.js	examples/00_blob_viz_tools/toolbox/shapes/curve.js	stays	in its domain
examples	examples/00_blob_viz_tools/toolbox/shapes/field.js	examples/00_blob_viz_tools/toolbox/shapes/field.js	stays	in its domain
examples	examples/00_blob_viz_tools/toolbox/shapes/lines.js	examples/00_blob_viz_tools/toolbox/shapes/lines.js	stays	in its domain
examples	examples/00_blob_viz_tools/toolbox/shapes/mesh.js	examples/00_blob_viz_tools/toolbox/shapes/mesh.js	stays	in its domain
examples	examples/00_blob_viz_tools/toolbox/shapes/surface.js	examples/00_blob_viz_tools/toolbox/shapes/surface.js	stays	in its domain
examples	examples/00_blob_viz_tools/toolbox/theme.css	examples/00_blob_viz_tools/toolbox/theme.css	stays	in its domain
examples	examples/00_blob_viz_tools/toolbox/ui/toolbar.css	examples/00_blob_viz_tools/toolbox/ui/toolbar.css	stays	in its domain
examples	examples/00_blob_viz_tools/toolbox/ui/toolbar.js	examples/00_blob_viz_tools/toolbox/ui/toolbar.js	stays	in its domain
examples	examples/00_blob_viz_tools/topology_match.py	examples/00_blob_viz_tools/topology_match.py	stays	in its domain
examples	examples/00_blob_viz_tools/torus_count.py	examples/00_blob_viz_tools/torus_count.py	stays	in its domain
examples	examples/00_blob_viz_tools/track_room_template.html	examples/00_blob_viz_tools/track_room_template.html	stays	in its domain
examples	examples/00_blob_viz_tools/unmodeled.py	examples/00_blob_viz_tools/unmodeled.py	stays	in its domain
examples	examples/00_blob_viz_tools/view/README_sphere.html	examples/00_blob_viz_tools/view/README_sphere.html	stays	in its domain
examples	examples/00_blob_viz_tools/view/README_view.html	examples/00_blob_viz_tools/view/README_view.html	stays	in its domain
examples	examples/00_blob_viz_tools/view/beam_read.html	examples/00_blob_viz_tools/view/beam_read.html	stays	in its domain
examples	examples/00_blob_viz_tools/view/bend_view.html	examples/00_blob_viz_tools/view/bend_view.html	stays	in its domain
examples	examples/00_blob_viz_tools/view/blind_view.html	examples/00_blob_viz_tools/view/blind_view.html	stays	in its domain
examples	examples/00_blob_viz_tools/view/block_view.html	examples/00_blob_viz_tools/view/block_view.html	stays	in its domain
examples	examples/00_blob_viz_tools/view/earth_view.html	examples/00_blob_viz_tools/view/earth_view.html	stays	in its domain
examples	examples/00_blob_viz_tools/view/engine_view.html	examples/00_blob_viz_tools/view/engine_view.html	stays	in its domain
examples	examples/00_blob_viz_tools/view/engine_view/app.js	examples/00_blob_viz_tools/view/engine_view/app.js	stays	in its domain
examples	examples/00_blob_viz_tools/view/engine_view/cfg.js	examples/00_blob_viz_tools/view/engine_view/cfg.js	stays	in its domain
examples	examples/00_blob_viz_tools/view/engine_view/controls.js	examples/00_blob_viz_tools/view/engine_view/controls.js	stays	in its domain
examples	examples/00_blob_viz_tools/view/engine_view/gpu.js	examples/00_blob_viz_tools/view/engine_view/gpu.js	stays	in its domain
examples	examples/00_blob_viz_tools/view/engine_view/input.js	examples/00_blob_viz_tools/view/engine_view/input.js	stays	in its domain
examples	examples/00_blob_viz_tools/toolbox/volume/object.js	examples/00_blob_viz_tools/toolbox/volume/object.js	stays	in its domain
examples	examples/00_blob_viz_tools/view/engine_view/page.html	examples/00_blob_viz_tools/view/engine_view/page.html	stays	in its domain
examples	examples/00_blob_viz_tools/view/engine_view/panels.js	examples/00_blob_viz_tools/view/engine_view/panels.js	stays	in its domain
examples	examples/00_blob_viz_tools/toolbox/volume/kernels.js	examples/00_blob_viz_tools/toolbox/volume/kernels.js	stays	in its domain
examples	examples/00_blob_viz_tools/toolbox/volume/render_common.js	examples/00_blob_viz_tools/toolbox/volume/render_common.js	stays	in its domain
examples	examples/00_blob_viz_tools/toolbox/shapes/map.js	examples/00_blob_viz_tools/toolbox/shapes/map.js	stays	in its domain
examples	examples/00_blob_viz_tools/toolbox/shapes/blob.js	examples/00_blob_viz_tools/toolbox/shapes/blob.js	stays	in its domain
examples	examples/00_blob_viz_tools/toolbox/core/turn_table.js	examples/00_blob_viz_tools/toolbox/core/turn_table.js	stays	in its domain
examples	examples/00_blob_viz_tools/view/illuminate_view.html	examples/00_blob_viz_tools/view/illuminate_view.html	stays	in its domain
examples	examples/00_blob_viz_tools/view/invariant_any.txt	examples/00_blob_viz_tools/view/invariant_any.txt	stays	in its domain
examples	examples/00_blob_viz_tools/view/invariant_word3.txt	examples/00_blob_viz_tools/view/invariant_word3.txt	stays	in its domain
examples	examples/00_blob_viz_tools/view/orrery_view.html	examples/00_blob_viz_tools/view/orrery_view.html	stays	in its domain
examples	examples/00_blob_viz_tools/view/pool_view.html	examples/00_blob_viz_tools/view/pool_view.html	stays	in its domain
examples	examples/00_blob_viz_tools/view/proofs_preview.html	examples/00_blob_viz_tools/view/proofs_preview.html	stays	in its domain
examples	examples/00_blob_viz_tools/view/room_view.html	examples/00_blob_viz_tools/view/room_view.html	stays	in its domain
examples	examples/00_blob_viz_tools/view/scope_view.html	examples/00_blob_viz_tools/view/scope_view.html	stays	in its domain
examples	examples/00_blob_viz_tools/view/serve_room.py	examples/00_blob_viz_tools/view/serve_room.py	stays	in its domain
examples	examples/00_blob_viz_tools/view/sha_clock_view.html	examples/00_blob_viz_tools/view/sha_clock_view.html	stays	in its domain
examples	examples/00_blob_viz_tools/view/sha_pairs_view.html	examples/00_blob_viz_tools/view/sha_pairs_view.html	stays	in its domain
examples	examples/00_blob_viz_tools/view/sha_room_view.html	examples/00_blob_viz_tools/view/sha_room_view.html	stays	in its domain
examples	examples/00_blob_viz_tools/view/sha_sphere.html	examples/00_blob_viz_tools/view/sha_sphere.html	stays	in its domain
examples	examples/00_blob_viz_tools/view/shadow_view.html	examples/00_blob_viz_tools/view/shadow_view.html	stays	in its domain
examples	examples/00_blob_viz_tools/view/shadows_chart.html	examples/00_blob_viz_tools/view/shadows_chart.html	stays	in its domain
examples	examples/00_blob_viz_tools/view/shapes_view.html	examples/00_blob_viz_tools/view/shapes_view.html	stays	in its domain
examples	examples/00_blob_viz_tools/view/sources_view.html	examples/00_blob_viz_tools/view/sources_view.html	stays	in its domain
examples	examples/00_blob_viz_tools/view/spiral_view.html	examples/00_blob_viz_tools/view/spiral_view.html	stays	in its domain
examples	examples/00_blob_viz_tools/view/step_view.html	examples/00_blob_viz_tools/view/step_view.html	stays	in its domain
examples	examples/00_blob_viz_tools/view/survey_view.html	examples/00_blob_viz_tools/view/survey_view.html	stays	in its domain
examples	examples/00_blob_viz_tools/view/sweep_any.txt	examples/00_blob_viz_tools/view/sweep_any.txt	stays	in its domain
examples	examples/00_blob_viz_tools/view/sweep_word15.txt	examples/00_blob_viz_tools/view/sweep_word15.txt	stays	in its domain
examples	examples/00_blob_viz_tools/view/sweep_word3.txt	examples/00_blob_viz_tools/view/sweep_word3.txt	stays	in its domain
examples	examples/00_blob_viz_tools/view/topology_any.txt	examples/00_blob_viz_tools/view/topology_any.txt	stays	in its domain
examples	examples/00_blob_viz_tools/view/topology_word3.txt	examples/00_blob_viz_tools/view/topology_word3.txt	stays	in its domain
examples	examples/00_blob_viz_tools/view/track_room.html	examples/00_blob_viz_tools/view/track_room.html	stays	in its domain
examples	examples/00_blob_viz_tools/view/vis_png/vis_png.cu	examples/00_blob_viz_tools/view/vis_png/vis_png.cu	stays	in its domain
examples	examples/00_blob_viz_tools/view/vis_png/vis_png.h	examples/00_blob_viz_tools/view/vis_png/vis_png.h	stays	in its domain
examples	examples/00_blob_viz_tools/view/voxel_view.html	examples/00_blob_viz_tools/view/voxel_view.html	stays	in its domain
examples	examples/00_blob_viz_tools/viewers.json	examples/00_blob_viz_tools/viewers.json	stays	in its domain
examples	examples/00_blob_viz_tools/voxel_view_template.html	examples/00_blob_viz_tools/voxel_view_template.html	stays	in its domain
examples	examples/00_blob_viz_tools/wire_compute.py	examples/00_blob_viz_tools/wire_compute.py	stays	in its domain
examples	examples/0_experimental/README.md	examples/0_experimental/README.md	stays	in its domain
examples	examples/0_experimental/bloom_is_the_sift_theorem.py	examples/0_experimental/bloom_is_the_sift_theorem.py	stays	in its domain
examples	examples/0_experimental/collaborative_filter.py	examples/0_experimental/collaborative_filter.py	stays	in its domain
examples	examples/0_experimental/exact_check_ladder.py	examples/0_experimental/exact_check_ladder.py	stays	in its domain
examples	examples/0_experimental/exact_congruent_number.py	examples/0_experimental/exact_congruent_number.py	stays	in its domain
examples	examples/0_experimental/exact_descent_rank.py	examples/0_experimental/exact_descent_rank.py	stays	in its domain
examples	examples/0_experimental/exact_identities_spread_precision.py	examples/0_experimental/exact_identities_spread_precision.py	stays	in its domain
examples	examples/0_experimental/exact_navier_stokes_cascade.py	examples/0_experimental/exact_navier_stokes_cascade.py	stays	in its domain
examples	examples/0_experimental/exact_navier_stokes_on_torus.py	examples/0_experimental/exact_navier_stokes_on_torus.py	stays	in its domain
examples	examples/0_experimental/exact_residue_code_detects_uncertainty.py	examples/0_experimental/exact_residue_code_detects_uncertainty.py	stays	in its domain
examples	examples/0_experimental/exact_translation_by_ntt.py	examples/0_experimental/exact_translation_by_ntt.py	stays	in its domain
examples	examples/0_experimental/exact_zeta_values.py	examples/0_experimental/exact_zeta_values.py	stays	in its domain
examples	examples/0_experimental/hamming_corrects_by_selecting.py	examples/0_experimental/hamming_corrects_by_selecting.py	stays	in its domain
examples	examples/0_experimental/invariant_consensus_rejects_outliers.py	examples/0_experimental/invariant_consensus_rejects_outliers.py	stays	in its domain
examples	examples/0_experimental/magnitude_vector_transfer.py	examples/0_experimental/magnitude_vector_transfer.py	stays	in its domain
examples	examples/0_experimental/morphology_opening_and_closing.py	examples/0_experimental/morphology_opening_and_closing.py	stays	in its domain
examples	examples/0_experimental/ntt_double_transform_inverts.py	examples/0_experimental/ntt_double_transform_inverts.py	stays	in its domain
examples	examples/0_experimental/ntt_twiddle_certificate.py	examples/0_experimental/ntt_twiddle_certificate.py	stays	in its domain
examples	examples/0_experimental/pi_has_no_last_digit.py	examples/0_experimental/pi_has_no_last_digit.py	stays	in its domain
examples	examples/0_experimental/theil_sen_robust_trend.py	examples/0_experimental/theil_sen_robust_trend.py	stays	in its domain
examples	examples/0_experimental/zeta_zero_symmetry.py	examples/0_experimental/zeta_zero_symmetry.py	stays	in its domain
examples	examples/README.md	examples/README.md	stays	in its domain
examples	examples/any_corpus/1_represent/one_symbol_one_byte.py	examples/any_corpus/1_represent/one_symbol_one_byte.py	stays	in its domain
examples	examples/any_corpus/2_partition/carrying_dimensions_through_one.py	examples/any_corpus/2_partition/carrying_dimensions_through_one.py	stays	in its domain
examples	examples/any_corpus/2_partition/read_dimension.py	examples/any_corpus/2_partition/read_dimension.py	stays	in its domain
examples	examples/any_corpus/3_reference/cipher_cannot_erase.py	examples/any_corpus/3_reference/cipher_cannot_erase.py	stays	in its domain
examples	examples/any_corpus/3_reference/heterogeneity_control.py	examples/any_corpus/3_reference/heterogeneity_control.py	stays	in its domain
examples	examples/any_corpus/3_reference/span_of_structure.py	examples/any_corpus/3_reference/span_of_structure.py	stays	in its domain
examples	examples/any_corpus/3_reference/unselected_controls.py	examples/any_corpus/3_reference/unselected_controls.py	stays	in its domain
examples	examples/any_corpus/4_measure/collision_entropy.py	examples/any_corpus/4_measure/collision_entropy.py	stays	in its domain
examples	examples/any_corpus/4_measure/head_and_tail.py	examples/any_corpus/4_measure/head_and_tail.py	stays	in its domain
examples	examples/any_corpus/4_measure/ladder_sweep.py	examples/any_corpus/4_measure/ladder_sweep.py	stays	in its domain
examples	examples/any_corpus/4_measure/noise_detection.py	examples/any_corpus/4_measure/noise_detection.py	stays	in its domain
examples	examples/any_corpus/4_measure/order_of_context.py	examples/any_corpus/4_measure/order_of_context.py	stays	in its domain
examples	examples/any_corpus/4_measure/point_cloud.py	examples/any_corpus/4_measure/point_cloud.py	stays	in its domain
examples	examples/any_corpus/4_measure/point_volume.py	examples/any_corpus/4_measure/point_volume.py	stays	in its domain
examples	examples/any_corpus/4_measure/what_a_summary_returns.py	examples/any_corpus/4_measure/what_a_summary_returns.py	stays	in its domain
examples	examples/any_corpus/4_measure/which_corpora_read_their_numbering.py	examples/any_corpus/4_measure/which_corpora_read_their_numbering.py	stays	in its domain
examples	examples/any_corpus/4_measure/which_is_constant.py	examples/any_corpus/4_measure/which_is_constant.py	stays	in its domain
examples	examples/any_corpus/5_sift/selection_rules.py	examples/any_corpus/5_sift/selection_rules.py	stays	in its domain
examples	examples/any_corpus/5_sift/survivor_regimes.py	examples/any_corpus/5_sift/survivor_regimes.py	stays	in its domain
examples	examples/art/1_represent/picture_true_size.py	examples/art/1_represent/picture_true_size.py	stays	in its domain
examples	examples/art/2_partition/morton_squash.py	examples/art/2_partition/morton_squash.py	stays	in its domain
examples	examples/art/4_measure/a_picture_returns_its_width.py	examples/art/4_measure/a_picture_returns_its_width.py	stays	in its domain
examples	examples/art/4_measure/classify_reject_recover.py	examples/art/4_measure/classify_reject_recover.py	stays	in its domain
examples	examples/art/4_measure/fixed_pattern_removed_to_the_bit.py	examples/art/4_measure/fixed_pattern_removed_to_the_bit.py	stays	in its domain
examples	examples/art/4_measure/noise_across_formats_and_qualities.py	examples/art/4_measure/noise_across_formats_and_qualities.py	stays	in its domain
examples	examples/art/4_measure/picture_width_agreement.py	examples/art/4_measure/picture_width_agreement.py	stays	in its domain
examples	examples/art/4_measure/regeneration_limit.py	examples/art/4_measure/regeneration_limit.py	stays	in its domain
examples	examples/art/4_measure/scale_ladder.py	examples/art/4_measure/scale_ladder.py	stays	in its domain
examples	examples/art/README.md	examples/art/README.md	stays	in its domain
examples	examples/cell_tracking/base.cfg	examples/cell_tracking/base.cfg	stays	in its domain
examples	examples/cell_tracking/build_cell_shift.sh	examples/cell_tracking/build_cell_shift.sh	stays	in its domain
examples	examples/cell_tracking/build_check.sh	examples/cell_tracking/build_check.sh	stays	in its domain
examples	examples/cell_tracking/build_driver.sh	examples/cell_tracking/build_driver.sh	stays	in its domain
examples	examples/cell_tracking/build_engine.sh	examples/cell_tracking/build_engine.sh	stays	in its domain
examples	examples/cell_tracking/cfg/allframes.cfg	examples/cell_tracking/cfg/allframes.cfg	stays	in its domain
examples	examples/cell_tracking/cfg/check.cfg	examples/cell_tracking/cfg/check.cfg	stays	in its domain
examples	examples/cell_tracking/cfg/full25.cfg	examples/cell_tracking/cfg/full25.cfg	stays	in its domain
examples	examples/cell_tracking/cfg/graded25.cfg	examples/cell_tracking/cfg/graded25.cfg	stays	in its domain
examples	examples/cell_tracking/cfg/null25.cfg	examples/cell_tracking/cfg/null25.cfg	stays	in its domain
examples	examples/cell_tracking/cfg/one.cfg	examples/cell_tracking/cfg/one.cfg	stays	in its domain
examples	examples/cell_tracking/cfg/ran.cfg	examples/cell_tracking/cfg/ran.cfg	stays	in its domain
examples	examples/cell_tracking/cfg/three.cfg	examples/cell_tracking/cfg/three.cfg	stays	in its domain
examples	examples/cell_tracking/cfg/two.cfg	examples/cell_tracking/cfg/two.cfg	stays	in its domain
examples	examples/cell_tracking/cfg/two_full.cfg	examples/cell_tracking/cfg/two_full.cfg	stays	in its domain
examples	examples/cell_tracking/maint/build_engine_view.py	examples/cell_tracking/maint/build_engine_view.py	stays	in its domain
examples	examples/cell_tracking/maint/build_infographic.py	examples/cell_tracking/maint/build_infographic.py	stays	in its domain
examples	examples/cell_tracking/maint/build_stamp.sh	examples/cell_tracking/maint/build_stamp.sh	stays	in its domain
examples	examples/cell_tracking/maint/check_entropy_history.py	examples/cell_tracking/maint/check_entropy_history.py	stays	in its domain
examples	examples/cell_tracking/maint/diagnose_metric.py	examples/cell_tracking/maint/diagnose_metric.py	stays	in its domain
examples	examples/cell_tracking/maint/dump_frames.py	examples/cell_tracking/maint/dump_frames.py	stays	in its domain
examples	examples/cell_tracking/maint/edge_reasons.py	examples/cell_tracking/maint/edge_reasons.py	stays	in its domain
examples	examples/cell_tracking/maint/emit_crc_key.py	examples/cell_tracking/maint/emit_crc_key.py	stays	in its domain
examples	examples/cell_tracking/maint/emit_spiral_table.py	examples/cell_tracking/maint/emit_spiral_table.py	stays	in its domain
examples	examples/cell_tracking/maint/emit_turn_table.py	examples/cell_tracking/maint/emit_turn_table.py	stays	in its domain
examples	examples/cell_tracking/maint/entropy_summary.py	examples/cell_tracking/maint/entropy_summary.py	stays	in its domain
examples	examples/cell_tracking/maint/fetch_open_sample.py	examples/cell_tracking/maint/fetch_open_sample.py	stays	in its domain
examples	examples/cell_tracking/maint/measure_scan.cu	examples/cell_tracking/maint/measure_scan.cu	stays	in its domain
examples	examples/cell_tracking/maint/null_curve.py	examples/cell_tracking/maint/null_curve.py	stays	in its domain
examples	examples/cell_tracking/maint/pool_questions.py	examples/cell_tracking/maint/pool_questions.py	stays	in its domain
examples	examples/cell_tracking/maint/score_metric.py	examples/cell_tracking/maint/score_metric.py	stays	in its domain
examples	examples/cell_tracking/maint/score_submission.py	examples/cell_tracking/maint/score_submission.py	stays	in its domain
examples	examples/cell_tracking/maint/tessera_build.sh	examples/cell_tracking/maint/tessera_build.sh	stays	in its domain
examples	examples/cell_tracking/maint/time_engines.sh	examples/cell_tracking/maint/time_engines.sh	stays	in its domain
examples	examples/cell_tracking/maint/truth_io.py	examples/cell_tracking/maint/truth_io.py	stays	in its domain
examples	examples/cell_tracking/maint/zarr_frames.py	examples/cell_tracking/maint/zarr_frames.py	stays	in its domain
examples	src/engine/prg_sch/nbody_program/program.json	examples/cell_tracking/nbody_program/program.json	moves	the tracker's, which builds it from examples
examples	examples/cell_tracking/src/answer_key/answer_key.cu	examples/cell_tracking/src/answer_key/answer_key.cu	stays	in its domain
examples	examples/cell_tracking/src/answer_key/answer_key.h	examples/cell_tracking/src/answer_key/answer_key.h	stays	in its domain
examples	examples/cell_tracking/src/bodies/bodies.cu	examples/cell_tracking/src/bodies/bodies.cu	stays	in its domain
examples	examples/cell_tracking/src/bodies/bodies.h	examples/cell_tracking/src/bodies/bodies.h	stays	in its domain
examples	examples/cell_tracking/src/cell_shift.c	examples/cell_tracking/src/cell_shift.c	stays	in its domain
examples	examples/cell_tracking/src/check/edge_gap.py	examples/cell_tracking/src/check/edge_gap.py	stays	in its domain
examples	examples/cell_tracking/src/check/output_check.c	examples/cell_tracking/src/check/output_check.c	stays	in its domain
examples	examples/cell_tracking/src/check/points_check.c	examples/cell_tracking/src/check/points_check.c	stays	in its domain
examples	examples/cell_tracking/src/coherence/coherence.cu	examples/cell_tracking/src/coherence/coherence.cu	stays	in its domain
examples	examples/cell_tracking/src/coherence/coherence.h	examples/cell_tracking/src/coherence/coherence.h	stays	in its domain
examples	examples/cell_tracking/src/divide/divide.h	examples/cell_tracking/src/divide/divide.h	stays	in its domain
examples	examples/cell_tracking/src/faces/faces.h	examples/cell_tracking/src/faces/faces.h	stays	in its domain
examples	examples/cell_tracking/src/faces/faces_find.cu	examples/cell_tracking/src/faces/faces_find.cu	stays	in its domain
examples	examples/cell_tracking/src/group_objects/group_objects.cu	examples/cell_tracking/src/group_objects/group_objects.cu	stays	in its domain
examples	examples/cell_tracking/src/group_objects/group_objects.h	examples/cell_tracking/src/group_objects/group_objects.h	stays	in its domain
examples	examples/cell_tracking/src/link_objects/link_objects.cu	examples/cell_tracking/src/link_objects/link_objects.cu	stays	in its domain
examples	examples/cell_tracking/src/link_objects/link_objects.h	examples/cell_tracking/src/link_objects/link_objects.h	stays	in its domain
examples	examples/cell_tracking/src/output/output.h	examples/cell_tracking/src/output/output.h	stays	in its domain
examples	examples/cell_tracking/src/output/output_graph.cu	examples/cell_tracking/src/output/output_graph.cu	stays	in its domain
examples	examples/cell_tracking/src/peaks/hessian.cu	examples/cell_tracking/src/peaks/hessian.cu	stays	in its domain
examples	examples/cell_tracking/src/peaks/hessian.h	examples/cell_tracking/src/peaks/hessian.h	stays	in its domain
examples	examples/cell_tracking/src/peaks/peaks.cu	examples/cell_tracking/src/peaks/peaks.cu	stays	in its domain
examples	examples/cell_tracking/src/peaks/peaks.h	examples/cell_tracking/src/peaks/peaks.h	stays	in its domain
examples	examples/cell_tracking/src/relate_frames/relate_frames.cu	examples/cell_tracking/src/relate_frames/relate_frames.cu	stays	in its domain
examples	examples/cell_tracking/src/relate_frames/relate_frames.h	examples/cell_tracking/src/relate_frames/relate_frames.h	stays	in its domain
examples	examples/cell_tracking/src/run_cfg/run_cfg.cu	examples/cell_tracking/src/run_cfg/run_cfg.cu	stays	in its domain
examples	examples/cell_tracking/src/run_cfg/run_cfg.h	examples/cell_tracking/src/run_cfg/run_cfg.h	stays	in its domain
examples	examples/cell_tracking/src/run_log/run_log.cu	examples/cell_tracking/src/run_log/run_log.cu	stays	in its domain
examples	examples/cell_tracking/src/run_log/run_log.h	examples/cell_tracking/src/run_log/run_log.h	stays	in its domain
examples	examples/cell_tracking/src/scan/drift.cu	examples/cell_tracking/src/scan/drift.cu	stays	in its domain
examples	examples/cell_tracking/src/scan/drift.h	examples/cell_tracking/src/scan/drift.h	stays	in its domain
examples	examples/cell_tracking/src/scan/scan.cu	examples/cell_tracking/src/scan/scan.cu	stays	in its domain
examples	examples/cell_tracking/src/scan/scan.h	examples/cell_tracking/src/scan/scan.h	stays	in its domain
examples	examples/cell_tracking/src/score_sample/score_sample.cu	examples/cell_tracking/src/score_sample/score_sample.cu	stays	in its domain
examples	examples/cell_tracking/src/score_sample/score_sample.h	examples/cell_tracking/src/score_sample/score_sample.h	stays	in its domain
examples	examples/cell_tracking/src/slide/slide_score.cu	examples/cell_tracking/src/slide/slide_score.cu	stays	in its domain
examples	examples/cell_tracking/src/sort/sort.h	examples/cell_tracking/src/sort/sort.h	stays	in its domain
examples	examples/cell_tracking/src/sort/sort_link.cu	examples/cell_tracking/src/sort/sort_link.cu	stays	in its domain
examples	examples/cell_tracking/src/steer_cells.c	examples/cell_tracking/src/steer_cells.c	stays	in its domain
examples	examples/cell_tracking/src/track/track.h	examples/cell_tracking/src/track/track.h	stays	in its domain
examples	examples/cell_tracking/src/track/track_common.cu	examples/cell_tracking/src/track/track_common.cu	stays	in its domain
examples	examples/cell_tracking/src/track_driver/track_driver.cu	examples/cell_tracking/src/track_driver/track_driver.cu	stays	in its domain
examples	examples/chemistry/1_represent/build_molecules.py	examples/chemistry/1_represent/build_molecules.py	stays	in its domain
examples	examples/chemistry/3_reference/two_nulls_two_questions.py	examples/chemistry/3_reference/two_nulls_two_questions.py	stays	in its domain
examples	examples/chemistry/4_measure/a_histogram_cannot_see_structure.py	examples/chemistry/4_measure/a_histogram_cannot_see_structure.py	stays	in its domain
examples	examples/chemistry/4_measure/a_single_period_cannot_see_a_growing_one.py	examples/chemistry/4_measure/a_single_period_cannot_see_a_growing_one.py	stays	in its domain
examples	examples/chemistry/5_sift/valence_is_a_necessary_condition.py	examples/chemistry/5_sift/valence_is_a_necessary_condition.py	stays	in its domain
examples	examples/chemistry/README.md	examples/chemistry/README.md	stays	in its domain
examples	examples/crystallography/1_represent/a_cell_as_exact_points.py	examples/crystallography/1_represent/a_cell_as_exact_points.py	stays	in its domain
examples	examples/crystallography/2_partition/what_a_grid_costs.py	examples/crystallography/2_partition/what_a_grid_costs.py	stays	in its domain
examples	examples/crystallography/3_reference/what_a_grid_invents.py	examples/crystallography/3_reference/what_a_grid_invents.py	stays	in its domain
examples	examples/crystallography/4_measure/doping_after_symmetry_expansion.py	examples/crystallography/4_measure/doping_after_symmetry_expansion.py	stays	in its domain
examples	examples/crystallography/4_measure/doping_from_shared_sites.py	examples/crystallography/4_measure/doping_from_shared_sites.py	stays	in its domain
examples	examples/crystallography/4_measure/period_from_the_difference_set.py	examples/crystallography/4_measure/period_from_the_difference_set.py	stays	in its domain
examples	examples/crystallography/5_sift/lattice_breaks_the_product_rule.py	examples/crystallography/5_sift/lattice_breaks_the_product_rule.py	stays	in its domain
examples	examples/crystallography/6_oracle/doping_against_deposited_occupancy.py	examples/crystallography/6_oracle/doping_against_deposited_occupancy.py	stays	in its domain
examples	examples/crystallography/6_oracle/proof_positive_control.py	examples/crystallography/6_oracle/proof_positive_control.py	stays	in its domain
examples	examples/crystallography/README.md	examples/crystallography/README.md	stays	in its domain
examples	examples/game_theory/1_represent/four_games_one_protocol.py	examples/game_theory/1_represent/four_games_one_protocol.py	stays	in its domain
examples	examples/game_theory/1_represent/reversi_positions.py	examples/game_theory/1_represent/reversi_positions.py	stays	in its domain
examples	examples/game_theory/2_partition/board_width.py	examples/game_theory/2_partition/board_width.py	stays	in its domain
examples	examples/game_theory/2_partition/what_the_branching_costs.py	examples/game_theory/2_partition/what_the_branching_costs.py	stays	in its domain
examples	examples/game_theory/3_reference/position_null.py	examples/game_theory/3_reference/position_null.py	stays	in its domain
examples	examples/game_theory/3_reference/what_random_play_reaches.py	examples/game_theory/3_reference/what_random_play_reaches.py	stays	in its domain
examples	examples/game_theory/4_measure/entropy_of_the_outcome_given_the_move.py	examples/game_theory/4_measure/entropy_of_the_outcome_given_the_move.py	stays	in its domain
examples	examples/game_theory/4_measure/grundy_period.py	examples/game_theory/4_measure/grundy_period.py	stays	in its domain
examples	examples/game_theory/4_measure/rules_and_play.py	examples/game_theory/4_measure/rules_and_play.py	stays	in its domain
examples	examples/game_theory/5_sift/survivorship_changes_the_question.py	examples/game_theory/5_sift/survivorship_changes_the_question.py	stays	in its domain
examples	examples/game_theory/6_oracle/against_published_values.py	examples/game_theory/6_oracle/against_published_values.py	stays	in its domain
examples	examples/game_theory/6_oracle/bouton_and_wythoff.py	examples/game_theory/6_oracle/bouton_and_wythoff.py	stays	in its domain
examples	examples/game_theory/6_oracle/first_move_advantage.py	examples/game_theory/6_oracle/first_move_advantage.py	stays	in its domain
examples	examples/game_theory/6_oracle/kpk_value_of_move.py	examples/game_theory/6_oracle/kpk_value_of_move.py	stays	in its domain
examples	examples/game_theory/6_oracle/krk_both_sides.py	examples/game_theory/6_oracle/krk_both_sides.py	stays	in its domain
examples	examples/game_theory/6_oracle/sturmian_convergents.py	examples/game_theory/6_oracle/sturmian_convergents.py	stays	in its domain
examples	examples/game_theory/README.md	examples/game_theory/README.md	stays	in its domain
examples	examples/language/1_represent/akshara_web.py	examples/language/1_represent/akshara_web.py	stays	in its domain
examples	examples/language/1_represent/binary_web.py	examples/language/1_represent/binary_web.py	stays	in its domain
examples	examples/language/1_represent/case_channel.py	examples/language/1_represent/case_channel.py	stays	in its domain
examples	examples/language/1_represent/encode_percussive.py	examples/language/1_represent/encode_percussive.py	stays	in its domain
examples	examples/language/1_represent/seating_invariance.py	examples/language/1_represent/seating_invariance.py	stays	in its domain
examples	examples/language/1_represent/to_phonemes.py	examples/language/1_represent/to_phonemes.py	stays	in its domain
examples	examples/language/2_partition/mine_ngram_orders.py	examples/language/2_partition/mine_ngram_orders.py	stays	in its domain
examples	examples/language/2_partition/minimum_alphabet.py	examples/language/2_partition/minimum_alphabet.py	stays	in its domain
examples	examples/language/2_partition/morpheme_convergence.py	examples/language/2_partition/morpheme_convergence.py	stays	in its domain
examples	examples/language/3_reference/parallel_web.py	examples/language/3_reference/parallel_web.py	stays	in its domain
examples	examples/language/3_reference/signature_control.py	examples/language/3_reference/signature_control.py	stays	in its domain
examples	examples/language/4_measure/author_test.py	examples/language/4_measure/author_test.py	stays	in its domain
examples	examples/language/4_measure/byte_signature.py	examples/language/4_measure/byte_signature.py	stays	in its domain
examples	examples/language/4_measure/case_cue.py	examples/language/4_measure/case_cue.py	stays	in its domain
examples	examples/language/4_measure/case_or_splitting.py	examples/language/4_measure/case_or_splitting.py	stays	in its domain
examples	examples/language/4_measure/category_or_inflection.py	examples/language/4_measure/category_or_inflection.py	stays	in its domain
examples	examples/language/4_measure/chicago_bibliography.py	examples/language/4_measure/chicago_bibliography.py	stays	in its domain
examples	examples/language/4_measure/clean_dravidian.py	examples/language/4_measure/clean_dravidian.py	stays	in its domain
examples	examples/language/4_measure/click_letters.py	examples/language/4_measure/click_letters.py	stays	in its domain
examples	examples/language/4_measure/cluster_branch.py	examples/language/4_measure/cluster_branch.py	stays	in its domain
examples	examples/language/4_measure/cluster_profiles.py	examples/language/4_measure/cluster_profiles.py	stays	in its domain
examples	examples/language/4_measure/cross_corpus.py	examples/language/4_measure/cross_corpus.py	stays	in its domain
examples	examples/language/4_measure/deeper_web.py	examples/language/4_measure/deeper_web.py	stays	in its domain
examples	examples/language/4_measure/descriptor_bakeoff.py	examples/language/4_measure/descriptor_bakeoff.py	stays	in its domain
examples	examples/language/4_measure/drav_inventory.py	examples/language/4_measure/drav_inventory.py	stays	in its domain
examples	examples/language/4_measure/dravidian_structure.py	examples/language/4_measure/dravidian_structure.py	stays	in its domain
examples	examples/language/4_measure/evidential_pressure.py	examples/language/4_measure/evidential_pressure.py	stays	in its domain
examples	examples/language/4_measure/german_centuries.py	examples/language/4_measure/german_centuries.py	stays	in its domain
examples	examples/language/4_measure/german_variation.py	examples/language/4_measure/german_variation.py	stays	in its domain
examples	examples/language/4_measure/head_tail_parts.py	examples/language/4_measure/head_tail_parts.py	stays	in its domain
examples	examples/language/4_measure/identity.py	examples/language/4_measure/identity.py	stays	in its domain
examples	examples/language/4_measure/indic_common.py	examples/language/4_measure/indic_common.py	stays	in its domain
examples	examples/language/4_measure/japanese_variation.py	examples/language/4_measure/japanese_variation.py	stays	in its domain
examples	examples/language/4_measure/language_constant.py	examples/language/4_measure/language_constant.py	stays	in its domain
examples	examples/language/4_measure/language_convergence.py	examples/language/4_measure/language_convergence.py	stays	in its domain
examples	examples/language/4_measure/language_identity.py	examples/language/4_measure/language_identity.py	stays	in its domain
examples	examples/language/4_measure/malagasy_test.py	examples/language/4_measure/malagasy_test.py	stays	in its domain
examples	examples/language/4_measure/measure_drift.py	examples/language/4_measure/measure_drift.py	stays	in its domain
examples	examples/language/4_measure/nguni_test.py	examples/language/4_measure/nguni_test.py	stays	in its domain
examples	examples/language/4_measure/onomatopoeia_overlap.py	examples/language/4_measure/onomatopoeia_overlap.py	stays	in its domain
examples	examples/language/4_measure/phoneme_lexer.py	examples/language/4_measure/phoneme_lexer.py	stays	in its domain
examples	examples/language/4_measure/positional_ambiguity.py	examples/language/4_measure/positional_ambiguity.py	stays	in its domain
examples	examples/language/4_measure/prime_ranks.py	examples/language/4_measure/prime_ranks.py	stays	in its domain
examples	examples/language/4_measure/procedure_arc.py	examples/language/4_measure/procedure_arc.py	stays	in its domain
examples	examples/language/4_measure/register_bands.py	examples/language/4_measure/register_bands.py	stays	in its domain
examples	examples/language/4_measure/scale_profile.py	examples/language/4_measure/scale_profile.py	stays	in its domain
examples	examples/language/4_measure/script_confound.py	examples/language/4_measure/script_confound.py	stays	in its domain
examples	examples/language/4_measure/script_or_language.py	examples/language/4_measure/script_or_language.py	stays	in its domain
examples	examples/language/4_measure/source_or_language.py	examples/language/4_measure/source_or_language.py	stays	in its domain
examples	examples/language/4_measure/structural_web.py	examples/language/4_measure/structural_web.py	stays	in its domain
examples	examples/language/4_measure/syncretism.py	examples/language/4_measure/syncretism.py	stays	in its domain
examples	examples/language/4_measure/tone_oracle.py	examples/language/4_measure/tone_oracle.py	stays	in its domain
examples	examples/language/4_measure/top_words.py	examples/language/4_measure/top_words.py	stays	in its domain
examples	examples/language/4_measure/uralic_test.py	examples/language/4_measure/uralic_test.py	stays	in its domain
examples	examples/language/4_measure/what_carries_it.py	examples/language/4_measure/what_carries_it.py	stays	in its domain
examples	examples/language/4_measure/word_burstiness.py	examples/language/4_measure/word_burstiness.py	stays	in its domain
examples	examples/language/4_measure/word_length_families.py	examples/language/4_measure/word_length_families.py	stays	in its domain
examples	examples/language/6_oracle/control_values.py	examples/language/6_oracle/control_values.py	stays	in its domain
examples	examples/language/6_oracle/gloss_harvest.py	examples/language/6_oracle/gloss_harvest.py	stays	in its domain
examples	examples/language/6_oracle/language_families.py	examples/language/6_oracle/language_families.py	stays	in its domain
examples	examples/molecules/1_represent/assembly_from_atomic_properties.py	examples/molecules/1_represent/assembly_from_atomic_properties.py	stays	in its domain
examples	examples/molecules/1_represent/build_legal_molecules.py	examples/molecules/1_represent/build_legal_molecules.py	stays	in its domain
examples	examples/molecules/6_oracle/legal_against_a_wide_set.py	examples/molecules/6_oracle/legal_against_a_wide_set.py	stays	in its domain
examples	examples/molecules/README.md	examples/molecules/README.md	stays	in its domain
examples	examples/particle_physics/1_represent/an_atom_as_exact_shells.py	examples/particle_physics/1_represent/an_atom_as_exact_shells.py	stays	in its domain
examples	examples/particle_physics/1_represent/an_orbit_as_exact_rationals.py	examples/particle_physics/1_represent/an_orbit_as_exact_rationals.py	stays	in its domain
examples	examples/particle_physics/1_represent/hadrons_from_quarks.py	examples/particle_physics/1_represent/hadrons_from_quarks.py	stays	in its domain
examples	examples/particle_physics/1_represent/particles_as_exact_charges.py	examples/particle_physics/1_represent/particles_as_exact_charges.py	stays	in its domain
examples	examples/particle_physics/2_partition/what_a_quantum_number_costs.py	examples/particle_physics/2_partition/what_a_quantum_number_costs.py	stays	in its domain
examples	examples/particle_physics/3_reference/what_exclusion_builds.py	examples/particle_physics/3_reference/what_exclusion_builds.py	stays	in its domain
examples	examples/particle_physics/4_measure/atom_valence_by_presence.py	examples/particle_physics/4_measure/atom_valence_by_presence.py	stays	in its domain
examples	examples/particle_physics/4_measure/shell_closures_from_the_difference_set.py	examples/particle_physics/4_measure/shell_closures_from_the_difference_set.py	stays	in its domain
examples	examples/particle_physics/5_sift/decays_pass_the_conservation_laws.py	examples/particle_physics/5_sift/decays_pass_the_conservation_laws.py	stays	in its domain
examples	examples/particle_physics/5_sift/rarest_anchor_narrows_the_period.py	examples/particle_physics/5_sift/rarest_anchor_narrows_the_period.py	stays	in its domain
examples	examples/particle_physics/6_oracle/measured_configuration_vs_ideal.py	examples/particle_physics/6_oracle/measured_configuration_vs_ideal.py	stays	in its domain
examples	examples/particle_physics/README.md	examples/particle_physics/README.md	stays	in its domain
examples	examples/proofing/bbp_scaling.py	examples/proofing/bbp_scaling.py	stays	in its domain
examples	examples/proofing/bbp_search.py	examples/proofing/bbp_search.py	stays	in its domain
examples	examples/proofing/bbp_sweep.py	examples/proofing/bbp_sweep.py	stays	in its domain
examples	examples/proofing/device_engine.py	examples/proofing/device_engine.py	stays	in its domain
examples	examples/proofing/digit_engine.py	examples/proofing/digit_engine.py	stays	in its domain
examples	examples/proofing/digit_reach.py	examples/proofing/digit_reach.py	stays	in its domain
examples	examples/proofing/exact_harmonics.py	examples/proofing/exact_harmonics.py	stays	in its domain
examples	examples/proofing/four_step.py	examples/proofing/four_step.py	stays	in its domain
examples	examples/proofing/gpu_multiply.py	examples/proofing/gpu_multiply.py	stays	in its domain
examples	examples/proofing/host_bench.py	examples/proofing/host_bench.py	stays	in its domain
examples	examples/proofing/natural_constants.py	examples/proofing/natural_constants.py	stays	in its domain
examples	examples/proofing/precision_floor.py	examples/proofing/precision_floor.py	stays	in its domain
examples	examples/proofing/precision_plot.py	examples/proofing/precision_plot.py	stays	in its domain
examples	examples/proofing/proth_reach.py	examples/proofing/proth_reach.py	stays	in its domain
examples	examples/proofing/relation_search.py	examples/proofing/relation_search.py	stays	in its domain
examples	examples/proofing/series.py	examples/proofing/series.py	stays	in its domain
examples	examples/proofing/state_deflection.py	examples/proofing/state_deflection.py	stays	in its domain
examples	examples/proofing/twiddle_placement.py	examples/proofing/twiddle_placement.py	stays	in its domain
examples	examples/proofing/twiddle_proof.py	examples/proofing/twiddle_proof.py	stays	in its domain
examples	examples/proteins/1_represent/protein_bonds.py	examples/proteins/1_represent/protein_bonds.py	stays	in its domain
examples	examples/proteins/1_represent/protein_chain.py	examples/proteins/1_represent/protein_chain.py	stays	in its domain
examples	examples/proteins/1_represent/rebuild_from_the_table.py	examples/proteins/1_represent/rebuild_from_the_table.py	stays	in its domain
examples	examples/proteins/2_partition/protein_dimension.py	examples/proteins/2_partition/protein_dimension.py	stays	in its domain
examples	examples/proteins/3_reference/what_a_shuffle_reaches.py	examples/proteins/3_reference/what_a_shuffle_reaches.py	stays	in its domain
examples	examples/proteins/4_measure/outlier_rate_from_the_rules.py	examples/proteins/4_measure/outlier_rate_from_the_rules.py	stays	in its domain
examples	examples/proteins/5_sift/protein_domain.py	examples/proteins/5_sift/protein_domain.py	stays	in its domain
examples	examples/proteins/6_oracle/published_outlier_rate.py	examples/proteins/6_oracle/published_outlier_rate.py	stays	in its domain
examples	examples/proteins/README.md	examples/proteins/README.md	stays	in its domain
examples	examples/proteins/build_corpus.py	examples/proteins/build_corpus.py	stays	in its domain
examples	examples/proteins/build_protein_view.py	examples/proteins/build_protein_view.py	stays	in its domain
examples	examples/proteins/derive_family_rules.py	examples/proteins/derive_family_rules.py	stays	in its domain
examples	examples/proteins/family_rules.py	examples/proteins/family_rules.py	stays	in its domain
examples	examples/proteins/protein_view_template.html	examples/proteins/protein_view_template.html	stays	in its domain
examples	examples/proteins/ramachandran_rules.py	examples/proteins/ramachandran_rules.py	stays	in its domain
examples	examples/sound/1_represent/vocalization_scale.py	examples/sound/1_represent/vocalization_scale.py	stays	in its domain
examples	examples/sound/3_reference/period_background_and_its_null.py	examples/sound/3_reference/period_background_and_its_null.py	stays	in its domain
examples	examples/sound/4_measure/noise_removed_to_the_bit.py	examples/sound/4_measure/noise_removed_to_the_bit.py	stays	in its domain
examples	examples/sound/README.md	examples/sound/README.md	stays	in its domain
examples	examples/source/1_represent/bracket_pairs.py	examples/source/1_represent/bracket_pairs.py	stays	in its domain
examples	examples/source/4_measure/asm_idiom.py	examples/source/4_measure/asm_idiom.py	stays	in its domain
examples	examples/source/4_measure/formal_layer.py	examples/source/4_measure/formal_layer.py	stays	in its domain
examples	examples/source/4_measure/layout_grid.py	examples/source/4_measure/layout_grid.py	stays	in its domain
sims	-	src/sims/c/engine/analysis/art/classify_reject_recover.c	to write	three trees
sims	-	src/sims/c/engine/analysis/art/fixed_pattern.c	to write	three trees
sims	-	src/sims/c/engine/analysis/floor_match/floor_match_floors.c	to write	three trees
sims	-	src/sims/c/engine/analysis/floor_match/floor_match_main.c	to write	three trees
sims	-	src/sims/c/engine/analysis/floor_track/floor_track_floors.c	to write	three trees
sims	-	src/sims/c/engine/analysis/floor_track/floor_track_main.c	to write	three trees
sims	-	src/sims/c/engine/analysis/floor_track/floor_track_scan.c	to write	three trees
sims	-	src/sims/c/engine/analysis/knf_identity/knf_identity_main.c	to write	three trees
sims	-	src/sims/c/engine/analysis/knf_identity/knf_identity_scene.c	to write	three trees
sims	-	src/sims/c/engine/analysis/knf_identity/knf_identity_sections.c	to write	three trees
sims	-	src/sims/c/engine/analysis/noise_floor/noise_floor_fit.c	to write	three trees
sims	-	src/sims/c/engine/analysis/noise_floor/noise_floor_massey.c	to write	three trees
sims	-	src/sims/c/engine/analysis/noise_root/noise_root.c	to write	three trees
sims	-	src/sims/c/engine/analysis/noise_terms/noise_terms_camera.c	to write	three trees
sims	-	src/sims/c/engine/analysis/noise_terms/noise_terms_main.c	to write	three trees
sims	-	src/sims/c/engine/analysis/noise_terms/noise_terms_sensor.c	to write	three trees
sims	-	src/sims/c/engine/analysis/noise_terms/noise_terms_structure.c	to write	three trees
sims	-	src/sims/c/engine/analysis/period_power/period_power.c	to write	three trees
sims	-	src/sims/c/engine/analysis/root_universal/root_universal_main.c	to write	three trees
sims	-	src/sims/c/engine/analysis/root_universal/root_universal_program.c	to write	three trees
sims	-	src/sims/c/engine/nbody/nbody_lattice/nbody_lattice.c	to write	three trees
sims	-	src/sims/c/sim_job.c	to write	three trees
sims	-	src/sims/c/transpiler/ask_state/ask_state_main.c	to write	three trees
sims	-	src/sims/c/transpiler/ask_state/ask_state_number.c	to write	three trees
sims	-	src/sims/c/types/integers/chaitin_omega/chaitin_omega.c	to write	three trees
sims	-	src/sims/c/types/integers/chaitin_omega/chaitin_omega_engine.c	to write	three trees
sims	-	src/sims/c/types/integers/chaitin_omega/chaitin_omega_engine_ledger.c	to write	three trees
sims	-	src/sims/c/types/integers/chaitin_omega/chaitin_omega_main.c	to write	three trees
sims	-	src/sims/c/types/integers/chaitin_omega/chaitin_omega_mass.c	to write	three trees
sims	-	src/sims/c/types/integers/chaitin_omega/chaitin_omega_pool.c	to write	three trees
sims	-	src/sims/c/types/integers/chaitin_omega/chaitin_omega_terms.c	to write	three trees
sims	-	src/sims/c/types/integers/goodstein/goodstein_main.c	to write	three trees
sims	-	src/sims/c/types/integers/goodstein/goodstein_terms.c	to write	three trees
sims	-	src/sims/c/types/integers/ka_psi/ka_psi_main.c	to write	three trees
sims	-	src/sims/c/types/integers/ka_psi/ka_psi_separate.c	to write	three trees
sims	-	src/sims/c/types/integers/ka_psi/ka_psi_sprecher.c	to write	three trees
sims	-	src/sims/c/types/integers/ka_psi/ka_psi_value.c	to write	three trees
sims	-	src/sims/c/types/integers/omega_computer/omega_computer_machine.c	to write	three trees
sims	-	src/sims/c/types/integers/omega_computer/omega_computer_main.c	to write	three trees
sims	-	src/sims/c/types/integers/omega_computer/omega_computer_terms.c	to write	three trees
sims	-	src/sims/c/types/integers/pi_plane/pi_plane_arith.c	to write	three trees
sims	-	src/sims/c/types/integers/pi_plane/pi_plane_funnels.c	to write	three trees
sims	-	src/sims/c/types/integers/pi_plane/pi_plane_lag.c	to write	three trees
sims	-	src/sims/c/types/integers/pi_plane/pi_plane_main.c	to write	three trees
sims	-	src/sims/c/types/integers/pi_plane/pi_plane_png.c	to write	three trees
sims	-	src/sims/c/types/integers/pi_plane/pi_plane_ring_report.c	to write	three trees
sims	-	src/sims/c/types/integers/pi_plane/pi_plane_rings.c	to write	three trees
sims	-	src/sims/c/types/integers/pi_plane/pi_plane_shapes.c	to write	three trees
sims	-	src/sims/c/types/integers/pi_tower/pi_tower_arith.c	to write	three trees
sims	-	src/sims/c/types/integers/pi_tower/pi_tower_bbp.c	to write	three trees
sims	-	src/sims/c/types/integers/pi_tower/pi_tower_bbp_plan.c	to write	three trees
sims	-	src/sims/c/types/integers/pi_tower/pi_tower_billiard.c	to write	three trees
sims	-	src/sims/c/types/integers/pi_tower/pi_tower_engine.c	to write	three trees
sims	-	src/sims/c/types/integers/pi_tower/pi_tower_golden.c	to write	three trees
sims	-	src/sims/c/types/integers/pi_tower/pi_tower_main.c	to write	three trees
sims	-	src/sims/c/types/integers/pi_tower/pi_tower_records.c	to write	three trees
sims	-	src/sims/c/types/integers/pi_tower/pi_tower_walk.c	to write	three trees
sims	src/engine/sims/art/classify_reject_recover.cu	src/sims/cu/engine/analysis/art/classify_reject_recover.cu	moves	language
sims	src/engine/sims/art/fixed_pattern.cu	src/sims/cu/engine/analysis/art/fixed_pattern.cu	moves	language
sims	src/engine/sims/art/periodic_energy.h	src/sims/cu/engine/analysis/art/periodic_energy.h	moves	language
sims	src/engine/sims/floor_match/floor_match_floors.cu	src/sims/cu/engine/analysis/floor_match/floor_match_floors.cu	moves	language
sims	src/engine/sims/floor_match/floor_match_internal.h	src/sims/cu/engine/analysis/floor_match/floor_match_internal.h	moves	language
sims	src/engine/sims/floor_match/floor_match_main.cu	src/sims/cu/engine/analysis/floor_match/floor_match_main.cu	moves	language
sims	src/engine/sims/floor_track/floor_track_floors.cu	src/sims/cu/engine/analysis/floor_track/floor_track_floors.cu	moves	language
sims	src/engine/sims/floor_track/floor_track_internal.h	src/sims/cu/engine/analysis/floor_track/floor_track_internal.h	moves	language
sims	src/engine/sims/floor_track/floor_track_main.cu	src/sims/cu/engine/analysis/floor_track/floor_track_main.cu	moves	language
sims	src/engine/sims/floor_track/floor_track_scan.cu	src/sims/cu/engine/analysis/floor_track/floor_track_scan.cu	moves	language
sims	src/engine/sims/knf_identity/knf_identity_internal.h	src/sims/cu/engine/analysis/knf_identity/knf_identity_internal.h	moves	language
sims	src/engine/sims/knf_identity/knf_identity_main.cu	src/sims/cu/engine/analysis/knf_identity/knf_identity_main.cu	moves	language
sims	src/engine/sims/knf_identity/knf_identity_scene.cu	src/sims/cu/engine/analysis/knf_identity/knf_identity_scene.cu	moves	language
sims	src/engine/sims/knf_identity/knf_identity_sections.cu	src/sims/cu/engine/analysis/knf_identity/knf_identity_sections.cu	moves	language
sims	src/engine/sims/noise_floor/noise_floor_fit.cu	src/sims/cu/engine/analysis/noise_floor/noise_floor_fit.cu	moves	language
sims	src/engine/sims/noise_floor/noise_floor_internal.h	src/sims/cu/engine/analysis/noise_floor/noise_floor_internal.h	moves	language
sims	src/engine/sims/noise_floor/noise_floor_massey.cu	src/sims/cu/engine/analysis/noise_floor/noise_floor_massey.cu	moves	language
sims	src/engine/sims/noise_root/noise_root.cu	src/sims/cu/engine/analysis/noise_root/noise_root.cu	moves	language
sims	src/engine/sims/noise_terms/noise_terms_camera.cu	src/sims/cu/engine/analysis/noise_terms/noise_terms_camera.cu	moves	language
sims	src/engine/sims/noise_terms/noise_terms_internal.h	src/sims/cu/engine/analysis/noise_terms/noise_terms_internal.h	moves	language
sims	src/engine/sims/noise_terms/noise_terms_main.cu	src/sims/cu/engine/analysis/noise_terms/noise_terms_main.cu	moves	language
sims	src/engine/sims/noise_terms/noise_terms_sensor.cu	src/sims/cu/engine/analysis/noise_terms/noise_terms_sensor.cu	moves	language
sims	src/engine/sims/noise_terms/noise_terms_structure.cu	src/sims/cu/engine/analysis/noise_terms/noise_terms_structure.cu	moves	language
sims	src/engine/sims/period_power/period_power.cu	src/sims/cu/engine/analysis/period_power/period_power.cu	moves	language
sims	src/engine/sims/root_universal/root_universal_internal.h	src/sims/cu/engine/analysis/root_universal/root_universal_internal.h	moves	language
sims	src/engine/sims/root_universal/root_universal_main.cu	src/sims/cu/engine/analysis/root_universal/root_universal_main.cu	moves	language
sims	src/engine/sims/root_universal/root_universal_program.cu	src/sims/cu/engine/analysis/root_universal/root_universal_program.cu	moves	language
sims	src/engine/sims/nbody_lattice/nbody_lattice.cu	src/sims/cu/engine/nbody/nbody_lattice/nbody_lattice.cu	moves	language
sims	src/engine/sims/sim.h	src/sims/cu/sim.h	moves	language
sims	src/engine/sims/sim_camera.h	src/sims/cu/sim_camera.h	moves	language
sims	src/engine/sims/sim_camera_render.h	src/sims/cu/sim_camera_render.h	moves	language
sims	src/engine/sims/sim_camera_scene.h	src/sims/cu/sim_camera_scene.h	moves	language
sims	src/engine/sims/sim_job.cu	src/sims/cu/sim_job.cu	moves	language
sims	src/engine/sims/sim_rational.h	src/sims/cu/sim_rational.h	moves	language
sims	src/engine/sims/ask_state/ask_state_internal.h	src/sims/cu/transpiler/ask_state/ask_state_internal.h	moves	language
sims	src/engine/sims/ask_state/ask_state_main.cu	src/sims/cu/transpiler/ask_state/ask_state_main.cu	moves	language
sims	src/engine/sims/ask_state/ask_state_number.cu	src/sims/cu/transpiler/ask_state/ask_state_number.cu	moves	language
sims	src/engine/sims/chaitin_omega/chaitin_omega_device.cu	src/sims/cu/types/integers/chaitin_omega/chaitin_omega.cu	moves	one name
sims	src/engine/sims/chaitin_omega/chaitin_omega_declarations.h	src/sims/cu/types/integers/chaitin_omega/chaitin_omega_declarations.h	moves	language
sims	src/engine/sims/chaitin_omega/chaitin_omega_device_terms.h	src/sims/cu/types/integers/chaitin_omega/chaitin_omega_device_terms.h	moves	language
sims	src/engine/sims/chaitin_omega/chaitin_omega_engine.cu	src/sims/cu/types/integers/chaitin_omega/chaitin_omega_engine.cu	moves	language
sims	src/engine/sims/chaitin_omega/chaitin_omega_engine_ledger.cu	src/sims/cu/types/integers/chaitin_omega/chaitin_omega_engine_ledger.cu	moves	language
sims	src/engine/sims/chaitin_omega/chaitin_omega_internal.h	src/sims/cu/types/integers/chaitin_omega/chaitin_omega_internal.h	moves	language
sims	src/engine/sims/chaitin_omega/chaitin_omega_main.cu	src/sims/cu/types/integers/chaitin_omega/chaitin_omega_main.cu	moves	language
sims	src/engine/sims/chaitin_omega/chaitin_omega_mass.cu	src/sims/cu/types/integers/chaitin_omega/chaitin_omega_mass.cu	moves	language
sims	src/engine/sims/chaitin_omega/chaitin_omega_pool.cu	src/sims/cu/types/integers/chaitin_omega/chaitin_omega_pool.cu	moves	language
sims	src/engine/sims/chaitin_omega/chaitin_omega_pool_terms.h	src/sims/cu/types/integers/chaitin_omega/chaitin_omega_pool_terms.h	moves	language
sims	src/engine/sims/chaitin_omega/chaitin_omega_terms.cu	src/sims/cu/types/integers/chaitin_omega/chaitin_omega_terms.cu	moves	language
sims	src/engine/sims/goodstein/goodstein_internal.h	src/sims/cu/types/integers/goodstein/goodstein_internal.h	moves	language
sims	src/engine/sims/goodstein/goodstein_main.cu	src/sims/cu/types/integers/goodstein/goodstein_main.cu	moves	language
sims	src/engine/sims/goodstein/goodstein_terms.cu	src/sims/cu/types/integers/goodstein/goodstein_terms.cu	moves	language
sims	src/engine/sims/ka_psi/ka_psi_internal.h	src/sims/cu/types/integers/ka_psi/ka_psi_internal.h	moves	language
sims	src/engine/sims/ka_psi/ka_psi_main.cu	src/sims/cu/types/integers/ka_psi/ka_psi_main.cu	moves	language
sims	src/engine/sims/ka_psi/ka_psi_separate.cu	src/sims/cu/types/integers/ka_psi/ka_psi_separate.cu	moves	language
sims	src/engine/sims/ka_psi/ka_psi_sprecher.cu	src/sims/cu/types/integers/ka_psi/ka_psi_sprecher.cu	moves	language
sims	src/engine/sims/ka_psi/ka_psi_value.cu	src/sims/cu/types/integers/ka_psi/ka_psi_value.cu	moves	language
sims	src/engine/sims/omega_computer/omega_computer_internal.h	src/sims/cu/types/integers/omega_computer/omega_computer_internal.h	moves	language
sims	src/engine/sims/omega_computer/omega_computer_machine.cu	src/sims/cu/types/integers/omega_computer/omega_computer_machine.cu	moves	language
sims	src/engine/sims/omega_computer/omega_computer_main.cu	src/sims/cu/types/integers/omega_computer/omega_computer_main.cu	moves	language
sims	src/engine/sims/omega_computer/omega_computer_terms.cu	src/sims/cu/types/integers/omega_computer/omega_computer_terms.cu	moves	language
sims	src/engine/sims/pi_plane/pi_plane_arith.cu	src/sims/cu/types/integers/pi_plane/pi_plane_arith.cu	moves	language
sims	src/engine/sims/pi_plane/pi_plane_funnels.cu	src/sims/cu/types/integers/pi_plane/pi_plane_funnels.cu	moves	language
sims	src/engine/sims/pi_plane/pi_plane_internal.h	src/sims/cu/types/integers/pi_plane/pi_plane_internal.h	moves	language
sims	src/engine/sims/pi_plane/pi_plane_lag.cu	src/sims/cu/types/integers/pi_plane/pi_plane_lag.cu	moves	language
sims	src/engine/sims/pi_plane/pi_plane_main.cu	src/sims/cu/types/integers/pi_plane/pi_plane_main.cu	moves	language
sims	src/engine/sims/pi_plane/pi_plane_png.cu	src/sims/cu/types/integers/pi_plane/pi_plane_png.cu	moves	language
sims	src/engine/sims/pi_plane/pi_plane_ring_report.cu	src/sims/cu/types/integers/pi_plane/pi_plane_ring_report.cu	moves	language
sims	src/engine/sims/pi_plane/pi_plane_rings.cu	src/sims/cu/types/integers/pi_plane/pi_plane_rings.cu	moves	language
sims	src/engine/sims/pi_plane/pi_plane_shapes.cu	src/sims/cu/types/integers/pi_plane/pi_plane_shapes.cu	moves	language
sims	src/engine/sims/pi_tower/pi_tower_arith.cu	src/sims/cu/types/integers/pi_tower/pi_tower_arith.cu	moves	language
sims	src/engine/sims/pi_tower/pi_tower_bbp.cu	src/sims/cu/types/integers/pi_tower/pi_tower_bbp.cu	moves	language
sims	src/engine/sims/pi_tower/pi_tower_bbp_plan.cu	src/sims/cu/types/integers/pi_tower/pi_tower_bbp_plan.cu	moves	language
sims	src/engine/sims/pi_tower/pi_tower_billiard.cu	src/sims/cu/types/integers/pi_tower/pi_tower_billiard.cu	moves	language
sims	src/engine/sims/pi_tower/pi_tower_engine.cu	src/sims/cu/types/integers/pi_tower/pi_tower_engine.cu	moves	language
sims	src/engine/sims/pi_tower/pi_tower_golden.cu	src/sims/cu/types/integers/pi_tower/pi_tower_golden.cu	moves	language
sims	src/engine/sims/pi_tower/pi_tower_internal.h	src/sims/cu/types/integers/pi_tower/pi_tower_internal.h	moves	language
sims	src/engine/sims/pi_tower/pi_tower_main.cu	src/sims/cu/types/integers/pi_tower/pi_tower_main.cu	moves	language
sims	src/engine/sims/pi_tower/pi_tower_records.cu	src/sims/cu/types/integers/pi_tower/pi_tower_records.cu	moves	language
sims	src/engine/sims/pi_tower/pi_tower_walk.cu	src/sims/cu/types/integers/pi_tower/pi_tower_walk.cu	moves	language
sims	-	src/sims/python/engine/analysis/art/classify_reject_recover.py	to write	three trees
sims	-	src/sims/python/engine/analysis/art/fixed_pattern.py	to write	three trees
sims	-	src/sims/python/engine/analysis/floor_match/floor_match_floors.py	to write	three trees
sims	-	src/sims/python/engine/analysis/floor_match/floor_match_main.py	to write	three trees
sims	-	src/sims/python/engine/analysis/floor_track/floor_track_floors.py	to write	three trees
sims	-	src/sims/python/engine/analysis/floor_track/floor_track_main.py	to write	three trees
sims	-	src/sims/python/engine/analysis/floor_track/floor_track_scan.py	to write	three trees
sims	-	src/sims/python/engine/analysis/knf_identity/knf_identity_main.py	to write	three trees
sims	-	src/sims/python/engine/analysis/knf_identity/knf_identity_scene.py	to write	three trees
sims	-	src/sims/python/engine/analysis/knf_identity/knf_identity_sections.py	to write	three trees
sims	-	src/sims/python/engine/analysis/noise_floor/noise_floor_fit.py	to write	three trees
sims	-	src/sims/python/engine/analysis/noise_floor/noise_floor_massey.py	to write	three trees
sims	-	src/sims/python/engine/analysis/noise_root/noise_root.py	to write	three trees
sims	-	src/sims/python/engine/analysis/noise_terms/noise_terms_camera.py	to write	three trees
sims	-	src/sims/python/engine/analysis/noise_terms/noise_terms_main.py	to write	three trees
sims	-	src/sims/python/engine/analysis/noise_terms/noise_terms_sensor.py	to write	three trees
sims	-	src/sims/python/engine/analysis/noise_terms/noise_terms_structure.py	to write	three trees
sims	-	src/sims/python/engine/analysis/period_power/period_power.py	to write	three trees
sims	-	src/sims/python/engine/analysis/root_universal/root_universal_main.py	to write	three trees
sims	-	src/sims/python/engine/analysis/root_universal/root_universal_program.py	to write	three trees
sims	-	src/sims/python/engine/nbody/nbody_lattice/nbody_lattice.py	to write	three trees
sims	-	src/sims/python/sim_job.py	to write	three trees
sims	-	src/sims/python/transpiler/ask_state/ask_state_main.py	to write	three trees
sims	-	src/sims/python/transpiler/ask_state/ask_state_number.py	to write	three trees
sims	-	src/sims/python/types/integers/chaitin_omega/chaitin_omega.py	to write	three trees
sims	-	src/sims/python/types/integers/chaitin_omega/chaitin_omega_engine.py	to write	three trees
sims	-	src/sims/python/types/integers/chaitin_omega/chaitin_omega_engine_ledger.py	to write	three trees
sims	-	src/sims/python/types/integers/chaitin_omega/chaitin_omega_main.py	to write	three trees
sims	-	src/sims/python/types/integers/chaitin_omega/chaitin_omega_mass.py	to write	three trees
sims	-	src/sims/python/types/integers/chaitin_omega/chaitin_omega_pool.py	to write	three trees
sims	-	src/sims/python/types/integers/chaitin_omega/chaitin_omega_terms.py	to write	three trees
sims	-	src/sims/python/types/integers/goodstein/goodstein_main.py	to write	three trees
sims	-	src/sims/python/types/integers/goodstein/goodstein_terms.py	to write	three trees
sims	-	src/sims/python/types/integers/ka_psi/ka_psi_main.py	to write	three trees
sims	-	src/sims/python/types/integers/ka_psi/ka_psi_separate.py	to write	three trees
sims	-	src/sims/python/types/integers/ka_psi/ka_psi_sprecher.py	to write	three trees
sims	-	src/sims/python/types/integers/ka_psi/ka_psi_value.py	to write	three trees
sims	-	src/sims/python/types/integers/omega_computer/omega_computer_machine.py	to write	three trees
sims	-	src/sims/python/types/integers/omega_computer/omega_computer_main.py	to write	three trees
sims	-	src/sims/python/types/integers/omega_computer/omega_computer_terms.py	to write	three trees
sims	-	src/sims/python/types/integers/pi_plane/pi_plane_arith.py	to write	three trees
sims	-	src/sims/python/types/integers/pi_plane/pi_plane_funnels.py	to write	three trees
sims	-	src/sims/python/types/integers/pi_plane/pi_plane_lag.py	to write	three trees
sims	-	src/sims/python/types/integers/pi_plane/pi_plane_main.py	to write	three trees
sims	-	src/sims/python/types/integers/pi_plane/pi_plane_png.py	to write	three trees
sims	-	src/sims/python/types/integers/pi_plane/pi_plane_ring_report.py	to write	three trees
sims	-	src/sims/python/types/integers/pi_plane/pi_plane_rings.py	to write	three trees
sims	-	src/sims/python/types/integers/pi_plane/pi_plane_shapes.py	to write	three trees
sims	-	src/sims/python/types/integers/pi_tower/pi_tower_arith.py	to write	three trees
sims	-	src/sims/python/types/integers/pi_tower/pi_tower_bbp.py	to write	three trees
sims	-	src/sims/python/types/integers/pi_tower/pi_tower_bbp_plan.py	to write	three trees
sims	-	src/sims/python/types/integers/pi_tower/pi_tower_billiard.py	to write	three trees
sims	-	src/sims/python/types/integers/pi_tower/pi_tower_engine.py	to write	three trees
sims	-	src/sims/python/types/integers/pi_tower/pi_tower_golden.py	to write	three trees
sims	-	src/sims/python/types/integers/pi_tower/pi_tower_main.py	to write	three trees
sims	-	src/sims/python/types/integers/pi_tower/pi_tower_records.py	to write	three trees
sims	-	src/sims/python/types/integers/pi_tower/pi_tower_walk.py	to write	three trees
sims	src/engine/sims/run.sh	src/sims/run.sh	moves	serves every container
src	src/engine/README.md	src/README.md	moves	serves every container
src	src/engine/build_engine.sh	src/build_engine.sh	moves	serves every container
src	src/engine/CMakeLists.txt	src/c/CMakeLists.txt	moves	serves the container
src	-	src/c/engine/analysis/compression/compression.c	to write	three trees
src	src/engine/analysis/compression/compression.h	src/c/engine/analysis/compression/compression.h	moves	language
src	src/engine/compiler/cycle/cycle.c	src/c/engine/analysis/cycle/cycle.c	moves	language
src	src/engine/compiler/cycle/cycle.h	src/c/engine/analysis/cycle/cycle.h	moves	language
src	-	src/c/engine/analysis/cycle/cycle_compile.c	to write	three trees
src	-	src/c/engine/analysis/cycle/cycle_compile_cache.c	to write	three trees
src	-	src/c/engine/analysis/cycle/cycle_compile_route.c	to write	three trees
src	-	src/c/engine/analysis/cycle/cycle_compile_toolchain.c	to write	three trees
src	-	src/c/engine/analysis/cycle/cycle_launch.c	to write	three trees
src	-	src/c/engine/analysis/cycle/cycle_prelude.c	to write	three trees
src	-	src/c/engine/analysis/cycle/cycle_record.c	to write	three trees
src	-	src/c/engine/analysis/cycle/cycle_record_launch.c	to write	three trees
src	-	src/c/engine/analysis/cycle/cycle_sweep.c	to write	three trees
src	-	src/c/engine/analysis/entropy_history/entropy_history.c	to write	three trees
src	src/engine/analysis/entropy_history/entropy_history.h	src/c/engine/analysis/entropy_history/entropy_history.h	moves	language
src	-	src/c/engine/analysis/golden_bands/golden_bands.c	to write	three trees
src	src/engine/analysis/golden_bands/golden_bands.h	src/c/engine/analysis/golden_bands/golden_bands.h	moves	language
src	-	src/c/engine/analysis/key_schedule/key_schedule.c	to write	three trees
src	src/engine/compiler/key_schedule/key_schedule.h	src/c/engine/analysis/key_schedule/key_schedule.h	moves	language
src	-	src/c/engine/analysis/keymath/keymath.c	to write	three trees
src	src/engine/compiler/keymath/keymath.h	src/c/engine/analysis/keymath/keymath.h	moves	language
src	-	src/c/engine/analysis/measure/block_entropy.c	to write	three trees
src	-	src/c/engine/analysis/measure/clustering.c	to write	three trees
src	-	src/c/engine/analysis/measure/dispersion.c	to write	three trees
src	-	src/c/engine/analysis/measure/entropy.c	to write	three trees
src	-	src/c/engine/analysis/measure/graph_realizable.c	to write	three trees
src	-	src/c/engine/analysis/measure/invariance.c	to write	three trees
src	-	src/c/engine/analysis/measure/local_outlier.c	to write	three trees
src	-	src/c/engine/analysis/measure/match_rate.c	to write	three trees
src	-	src/c/engine/analysis/measure/outcome_entropy.c	to write	three trees
src	-	src/c/engine/analysis/measure/period.c	to write	three trees
src	-	src/c/engine/analysis/measure/periodic_energy.c	to write	three trees
src	-	src/c/engine/analysis/measure/periodicity.c	to write	three trees
src	-	src/c/engine/analysis/measure/point_cloud.c	to write	three trees
src	-	src/c/engine/analysis/measure/sequence_match.c	to write	three trees
src	-	src/c/engine/analysis/measure/shift_agreement.c	to write	three trees
src	-	src/c/engine/analysis/measure/spectral.c	to write	three trees
src	-	src/c/engine/analysis/measure/stays.c	to write	three trees
src	-	src/c/engine/analysis/measure/vocabulary.c	to write	three trees
src	-	src/c/engine/analysis/measure/web.c	to write	three trees
src	-	src/c/engine/analysis/measure/word_lengths.c	to write	three trees
src	src/engine/analysis/noise_detector/noise_detector.h	src/c/engine/analysis/noise_detector/noise_detector.h	moves	language
src	-	src/c/engine/analysis/noise_detector/noise_detector_clips.c	to write	three trees
src	-	src/c/engine/analysis/noise_detector/noise_detector_crosstalk.c	to write	three trees
src	-	src/c/engine/analysis/noise_detector/noise_detector_flicker.c	to write	three trees
src	-	src/c/engine/analysis/noise_detector/noise_detector_halves.c	to write	three trees
src	-	src/c/engine/analysis/noise_detector/noise_detector_ladder.c	to write	three trees
src	-	src/c/engine/analysis/noise_detector/noise_detector_lines.c	to write	three trees
src	-	src/c/engine/analysis/noise_detector/noise_detector_lines_summary.c	to write	three trees
src	-	src/c/engine/analysis/noise_detector/noise_detector_moments.c	to write	three trees
src	-	src/c/engine/analysis/noise_detector/noise_detector_neighbors.c	to write	three trees
src	-	src/c/engine/analysis/noise_detector/noise_detector_pixels.c	to write	three trees
src	-	src/c/engine/analysis/noise_detector/noise_detector_root.c	to write	three trees
src	-	src/c/engine/analysis/noise_detector/noise_detector_structure.c	to write	three trees
src	-	src/c/engine/analysis/partition/coarsen.c	to write	three trees
src	-	src/c/engine/analysis/partition/curves.c	to write	three trees
src	-	src/c/engine/analysis/partition/dimension_count.c	to write	three trees
src	src/engine/analysis/period/period.h	src/c/engine/analysis/period/period.h	moves	language
src	-	src/c/engine/analysis/period/period_measure.c	to write	three trees
src	-	src/c/engine/analysis/period/period_select.c	to write	three trees
src	-	src/c/engine/analysis/reference/atom.c	to write	three trees
src	-	src/c/engine/analysis/reference/bitfield.c	to write	three trees
src	-	src/c/engine/analysis/reference/ciphers.c	to write	three trees
src	-	src/c/engine/analysis/reference/exact_ratio.c	to write	three trees
src	-	src/c/engine/analysis/reference/fields.c	to write	three trees
src	-	src/c/engine/analysis/reference/periodic.c	to write	three trees
src	-	src/c/engine/analysis/reference/self_similar.c	to write	three trees
src	-	src/c/engine/analysis/reference/shuffles.c	to write	three trees
src	-	src/c/engine/analysis/reference/unselected.c	to write	three trees
src	-	src/c/engine/analysis/reference/windowed.c	to write	three trees
src	-	src/c/engine/analysis/residual/residual.c	to write	three trees
src	src/engine/analysis/residual/residual.h	src/c/engine/analysis/residual/residual.h	moves	language
src	-	src/c/engine/analysis/residual_survey/residual_survey.c	to write	three trees
src	src/engine/analysis/residual_survey/residual_survey.h	src/c/engine/analysis/residual_survey/residual_survey.h	moves	language
src	src/engine/analysis/shift_agreement/shift_agreement.c	src/c/engine/analysis/shift_agreement/shift_agreement.c	moves	language
src	src/engine/analysis/shift_agreement/shift_agreement.h	src/c/engine/analysis/shift_agreement/shift_agreement.h	moves	language
src	-	src/c/engine/analysis/shift_agreement/shift_agreement_run.c	to write	three trees
src	-	src/c/engine/analysis/tower/tower.c	to write	three trees
src	src/engine/analysis/tower/tower.h	src/c/engine/analysis/tower/tower.h	moves	language
src	-	src/c/engine/analysis/tower/tower_record.c	to write	three trees
src	-	src/c/engine/analysis/tower/tower_run.c	to write	three trees
src	-	src/c/engine/analysis/unit_sweep/unit_sweep.c	to write	three trees
src	src/engine/analysis/unit_sweep/unit_sweep.h	src/c/engine/analysis/unit_sweep/unit_sweep.h	moves	language
src	src/engine/engine.h	src/c/engine/engine.h	moves	language
src	src/engine/engine_config.h	src/c/engine/engine_config.h	moves	language
src	src/engine/engine_config_key.h	src/c/engine/engine_config_key.h	moves	language
src	src/engine/engine_config_platform.h	src/c/engine/engine_config_platform.h	moves	language
src	src/engine/engine_config_requests.h	src/c/engine/engine_config_requests.h	moves	language
src	-	src/c/engine/engine_files.c	to write	three trees
src	-	src/c/engine/engine_history.c	to write	three trees
src	-	src/c/engine/engine_listing.c	to write	three trees
src	-	src/c/engine/engine_record.c	to write	three trees
src	-	src/c/engine/engine_report.c	to write	three trees
src	-	src/c/engine/engine_residual.c	to write	three trees
src	-	src/c/engine/engine_seal.c	to write	three trees
src	-	src/c/engine/engine_source.c	to write	three trees
src	-	src/c/engine/engine_zarr.c	to write	three trees
src	src/engine/nbody/orior/orior.h	src/c/engine/nbody/orior/orior.h	moves	language
src	src/engine/nbody/orior/orior_core.c	src/c/engine/nbody/orior/orior_core.c	moves	language
src	src/engine/nbody/orior/orior_core.h	src/c/engine/nbody/orior/orior_core.h	moves	language
src	src/engine/nbody/orior/orior_descent.h	src/c/engine/nbody/orior/orior_descent.h	moves	language
src	src/engine/nbody/orior/orior_engines.h	src/c/engine/nbody/orior/orior_engines.h	moves	language
src	src/engine/nbody/orior/orior_field.c	src/c/engine/nbody/orior/orior_field.c	moves	language
src	src/engine/nbody/orior/orior_field.h	src/c/engine/nbody/orior/orior_field.h	moves	language
src	src/engine/nbody/orior/orior_internal.h	src/c/engine/nbody/orior/orior_internal.h	moves	language
src	src/engine/nbody/orior/orior_steer.c	src/c/engine/nbody/orior/orior_steer.c	moves	language
src	src/engine/nbody/orior/orior_steer_count.c	src/c/engine/nbody/orior/orior_steer_count.c	moves	language
src	src/engine/nbody/orior/orior_steer_plan.c	src/c/engine/nbody/orior/orior_steer_plan.c	moves	language
src	-	src/c/engine/nbody/orior/instrument/orior.c	to write	three trees
src	-	src/c/engine/nbody/orior/instrument/corpus_gate.c	to write	three trees
src	-	src/c/engine/nbody/orior/instrument/english_sift.c	to write	three trees
src	src/engine/nbody/orior/scan_portable.c	src/c/engine/nbody/orior/scan.c	moves	one name
src	src/engine/nbody/orior/scan_avx2.c	src/c/engine/nbody/orior/scan_avx2.c	moves	language
src	src/engine/nbody/orior/scan_avx512.c	src/c/engine/nbody/orior/scan_avx512.c	moves	language
src	src/engine/nbody/orior/scan_neon.c	src/c/engine/nbody/orior/scan_neon.c	moves	language
src	src/engine/nbody/orior/scan_sve.c	src/c/engine/nbody/orior/scan_sve.c	moves	language
src	-	src/c/engine/nbody/orior/sift/anchors.c	to write	three trees
src	-	src/c/engine/nbody/orior/sift/bloom.c	to write	three trees
src	-	src/c/engine/nbody/orior/sift/hamming.c	to write	three trees
src	-	src/c/engine/nbody/orior/sift/invariant_consensus.c	to write	three trees
src	src/engine/nbody/body_overlap/body_overlap.c	src/c/engine/nbody/body_overlap/body_overlap.c	moves	language
src	src/engine/nbody/body_overlap/body_overlap.h	src/c/engine/nbody/body_overlap/body_overlap.h	moves	language
src	-	src/c/engine/nbody/box_history/box_history.c	to write	three trees
src	src/engine/nbody/box_history/box_history.h	src/c/engine/nbody/box_history/box_history.h	moves	language
src	src/engine/nbody/climb_machine/climb_machine.h	src/c/engine/nbody/climb_machine/climb_machine.h	moves	language
src	-	src/c/engine/nbody/climb_machine/climb_machine_box.c	to write	three trees
src	-	src/c/engine/nbody/climb_machine/climb_machine_core.c	to write	three trees
src	-	src/c/engine/nbody/climb_machine/climb_machine_extent.c	to write	three trees
src	-	src/c/engine/nbody/climb_machine/climb_machine_land.c	to write	three trees
src	-	src/c/engine/nbody/climb_machine/climb_machine_open.c	to write	three trees
src	-	src/c/engine/nbody/climb_machine/climb_machine_run.c	to write	three trees
src	-	src/c/engine/nbody/climb_machine/climb_machine_score.c	to write	three trees
src	src/engine/nbody/climb_machine/spiral_table.h	src/c/engine/nbody/climb_machine/spiral_table.h	moves	language
src	-	src/c/engine/nbody/contact_side/contact_side.c	to write	three trees
src	src/engine/nbody/contact_side/contact_side.h	src/c/engine/nbody/contact_side/contact_side.h	moves	language
src	-	src/c/engine/nbody/division/division.c	to write	three trees
src	src/engine/nbody/division/division.h	src/c/engine/nbody/division/division.h	moves	language
src	-	src/c/engine/nbody/fingerprint/fingerprint.c	to write	three trees
src	src/engine/nbody/fingerprint/fingerprint.h	src/c/engine/nbody/fingerprint/fingerprint.h	moves	language
src	-	src/c/engine/nbody/flatten/flatten.c	to write	three trees
src	src/engine/nbody/flatten/flatten.h	src/c/engine/nbody/flatten/flatten.h	moves	language
src	-	src/c/engine/nbody/grow/grow.c	to write	three trees
src	src/engine/nbody/grow/grow.h	src/c/engine/nbody/grow/grow.h	moves	language
src	src/engine/nbody/heaviest_matching/heaviest_matching.c	src/c/engine/nbody/heaviest_matching/heaviest_matching.c	moves	language
src	src/engine/nbody/heaviest_matching/heaviest_matching.h	src/c/engine/nbody/heaviest_matching/heaviest_matching.h	moves	language
src	src/engine/nbody/marginal/marginal.c	src/c/engine/nbody/marginal/marginal.c	moves	language
src	src/engine/nbody/marginal/marginal.h	src/c/engine/nbody/marginal/marginal.h	moves	language
src	src/engine/nbody/max_tree/max_tree.h	src/c/engine/nbody/max_tree/max_tree.h	moves	language
src	src/engine/nbody/max_tree/max_tree_build.c	src/c/engine/nbody/max_tree/max_tree_build.c	moves	language
src	-	src/c/engine/nbody/max_tree/max_tree_code.c	to write	three trees
src	-	src/c/engine/nbody/max_tree/max_tree_contract.c	to write	three trees
src	-	src/c/engine/nbody/max_tree/max_tree_device_overlap.c	to write	three trees
src	-	src/c/engine/nbody/max_tree/max_tree_device_overlap_kernels.c	to write	three trees
src	-	src/c/engine/nbody/max_tree/max_tree_grade.c	to write	three trees
src	src/engine/nbody/max_tree/max_tree_internal.h	src/c/engine/nbody/max_tree/max_tree_internal.h	moves	language
src	-	src/c/engine/nbody/max_tree/max_tree_label.c	to write	three trees
src	src/engine/nbody/max_tree/max_tree_nodes.c	src/c/engine/nbody/max_tree/max_tree_nodes.c	moves	language
src	-	src/c/engine/nbody/max_tree/max_tree_objects.c	to write	three trees
src	-	src/c/engine/nbody/max_tree/max_tree_pack.c	to write	three trees
src	src/engine/nbody/max_tree/max_tree_pairs.c	src/c/engine/nbody/max_tree/max_tree_pairs.c	moves	language
src	-	src/c/engine/nbody/max_tree/max_tree_select.c	to write	three trees
src	-	src/c/engine/nbody/max_tree/max_tree_slide.c	to write	three trees
src	-	src/c/engine/nbody/print_pair/print_pair.c	to write	three trees
src	src/engine/nbody/print_pair/print_pair.h	src/c/engine/nbody/print_pair/print_pair.h	moves	language
src	-	src/c/engine/nbody/velocity/velocity.c	to write	three trees
src	src/engine/nbody/velocity/velocity.h	src/c/engine/nbody/velocity/velocity.h	moves	language
src	src/engine/prg_sch/README.md	src/c/engine/prg_sch/README.md	moves	beside the code that reads it
src	src/engine/render/anchor_raster_host.c	src/c/engine/render/anchor_raster.c	moves	one name
src	src/engine/render/anchor_raster.h	src/c/engine/render/anchor_raster.h	moves	language
src	src/engine/render/anchor_raster_internal.h	src/c/engine/render/anchor_raster_internal.h	moves	language
src	src/engine/render/anchor_raster_output.c	src/c/engine/render/anchor_raster_output.c	moves	language
src	-	src/c/engine/render/host.c	to write	three trees
src	-	src/c/engine/render/native.c	to write	three trees
src	-	src/c/engine/render/raster.c	to write	three trees
src	-	src/c/engine/render/raster_entry.c	to write	three trees
src	src/engine/runtime/daemon/README.md	src/c/engine/runtime/daemon/README.md	moves	beside the code that reads it
src	src/engine/runtime/daemon/service/tessera@.service	src/c/engine/runtime/daemon/service/tessera@.service	moves	beside the code that reads it
src	src/engine/runtime/daemon/service/tessera@.socket	src/c/engine/runtime/daemon/service/tessera@.socket	moves	beside the code it runs
src	-	src/c/engine/runtime/daemon/tessera.c	to write	three trees
src	src/engine/runtime/daemon/tessera.h	src/c/engine/runtime/daemon/tessera.h	moves	language
src	src/engine/runtime/daemon/tessera_client_internal.h	src/c/engine/runtime/daemon/tessera_client_internal.h	moves	language
src	src/engine/runtime/daemon/tessera_client_jobs.c	src/c/engine/runtime/daemon/tessera_client_jobs.c	moves	language
src	src/engine/runtime/daemon/tessera_client_socket.c	src/c/engine/runtime/daemon/tessera_client_socket.c	moves	language
src	src/engine/runtime/daemon/tessera_daemon_admission.c	src/c/engine/runtime/daemon/tessera_daemon_admission.c	moves	language
src	src/engine/runtime/daemon/tessera_daemon_internal.h	src/c/engine/runtime/daemon/tessera_daemon_internal.h	moves	language
src	src/engine/runtime/daemon/tessera_daemon_main.c	src/c/engine/runtime/daemon/tessera_daemon_main.c	moves	language
src	src/engine/runtime/daemon/tessera_daemon_peers.c	src/c/engine/runtime/daemon/tessera_daemon_peers.c	moves	language
src	src/engine/runtime/daemon/tessera_daemon_state.c	src/c/engine/runtime/daemon/tessera_daemon_state.c	moves	language
src	src/engine/runtime/daemon/tessera_device.h	src/c/engine/runtime/daemon/tessera_device.h	moves	language
src	src/engine/runtime/daemon/tessera_frame.c	src/c/engine/runtime/daemon/tessera_frame.c	moves	language
src	src/engine/runtime/daemon/tessera_ledger.c	src/c/engine/runtime/daemon/tessera_ledger.c	moves	language
src	src/engine/runtime/daemon/tessera_ledger.h	src/c/engine/runtime/daemon/tessera_ledger.h	moves	language
src	src/engine/runtime/daemon/tessera_ledger_core.h	src/c/engine/runtime/daemon/tessera_ledger_core.h	moves	language
src	src/engine/runtime/daemon/tessera_ledger_core_decide.h	src/c/engine/runtime/daemon/tessera_ledger_core_decide.h	moves	language
src	src/engine/runtime/daemon/tessera_ledger_core_heap.h	src/c/engine/runtime/daemon/tessera_ledger_core_heap.h	moves	language
src	src/engine/runtime/daemon/tessera_measure.c	src/c/engine/runtime/daemon/tessera_measure.c	moves	language
src	src/engine/runtime/daemon/tessera_measure.h	src/c/engine/runtime/daemon/tessera_measure.h	moves	language
src	src/engine/runtime/daemon/tessera_paths.c	src/c/engine/runtime/daemon/tessera_paths.c	moves	language
src	src/engine/runtime/daemon/tessera_run_child.c	src/c/engine/runtime/daemon/tessera_run_child.c	moves	language
src	src/engine/runtime/daemon/tessera_run_common.c	src/c/engine/runtime/daemon/tessera_run_common.c	moves	language
src	src/engine/runtime/daemon/tessera_run_internal.h	src/c/engine/runtime/daemon/tessera_run_internal.h	moves	language
src	src/engine/runtime/daemon/tessera_run_main.c	src/c/engine/runtime/daemon/tessera_run_main.c	moves	language
src	src/engine/runtime/daemon/tessera_run_posix.c	src/c/engine/runtime/daemon/tessera_run_posix.c	moves	language
src	src/engine/runtime/daemon/tessera_run_windows.c	src/c/engine/runtime/daemon/tessera_run_windows.c	moves	language
src	src/engine/runtime/daemon/tessera_self.c	src/c/engine/runtime/daemon/tessera_self.c	moves	language
src	src/engine/runtime/daemon/tessera_text.h	src/c/engine/runtime/daemon/tessera_text.h	moves	language
src	-	src/c/engine/runtime/device_pool/device_pool.c	to write	three trees
src	src/engine/runtime/device_pool/device_pool.h	src/c/engine/runtime/device_pool/device_pool.h	moves	language
src	src/engine/runtime/obsignatio/obsignatio.h	src/c/engine/runtime/obsignatio/obsignatio.h	moves	language
src	-	src/c/engine/runtime/obsignatio/obsignatio_hash.c	to write	three trees
src	-	src/c/engine/runtime/obsignatio/obsignatio_seal.c	to write	three trees
src	src/engine/runtime/radix_keys/radix_keys.h	src/c/engine/runtime/radix_keys/radix_keys.h	moves	language
src	-	src/c/engine/runtime/schedule/schedule.c	to write	three trees
src	src/engine/runtime/schedule/schedule.h	src/c/engine/runtime/schedule/schedule.h	moves	language
src	src/engine/runtime/scriptura/scriptura.c	src/c/engine/runtime/scriptura/scriptura.c	moves	language
src	src/engine/runtime/scriptura/scriptura.h	src/c/engine/runtime/scriptura/scriptura.h	moves	language
src	src/engine/runtime/scriptura/scriptura_arm_portable.c	src/c/engine/runtime/scriptura/scriptura_arm.c	moves	one name
src	src/engine/runtime/scriptura/scriptura_arm.h	src/c/engine/runtime/scriptura/scriptura_arm.h	moves	language
src	src/engine/runtime/scriptura/scriptura_arm_avx2.c	src/c/engine/runtime/scriptura/scriptura_arm_avx2.c	moves	language
src	src/engine/runtime/scriptura/scriptura_arm_avx512.c	src/c/engine/runtime/scriptura/scriptura_arm_avx512.c	moves	language
src	src/engine/runtime/scriptura/scriptura_arm_neon.c	src/c/engine/runtime/scriptura/scriptura_arm_neon.c	moves	language
src	src/engine/runtime/scriptura/scriptura_arm_sve.c	src/c/engine/runtime/scriptura/scriptura_arm_sve.c	moves	language
src	src/engine/codecs/blosc/blosc.c	src/c/includes/codecs/blosc/blosc.c	moves	language
src	src/engine/codecs/blosc/blosc.h	src/c/includes/codecs/blosc/blosc.h	moves	language
src	src/engine/codecs/crc/crc_key.h	src/c/includes/codecs/crc/crc_key.h	moves	language
src	src/engine/codecs/crc/crc_key_advance_high.h	src/c/includes/codecs/crc/crc_key_advance_high.h	moves	language
src	src/engine/codecs/crc/crc_key_advance_low.h	src/c/includes/codecs/crc/crc_key_advance_low.h	moves	language
src	src/engine/codecs/deflate/deflate.h	src/c/includes/codecs/deflate/deflate.h	moves	language
src	src/engine/codecs/deflate/deflate_blocks.c	src/c/includes/codecs/deflate/deflate_blocks.c	moves	language
src	src/engine/codecs/deflate/deflate_internal.h	src/c/includes/codecs/deflate/deflate_internal.h	moves	language
src	src/engine/codecs/deflate/deflate_tokens.c	src/c/includes/codecs/deflate/deflate_tokens.c	moves	language
src	src/engine/codecs/inflate/inflate.h	src/c/includes/codecs/inflate/inflate.h	moves	language
src	src/engine/codecs/inflate/inflate_blocks.c	src/c/includes/codecs/inflate/inflate_blocks.c	moves	language
src	src/engine/codecs/inflate/inflate_huffman.c	src/c/includes/codecs/inflate/inflate_huffman.c	moves	language
src	src/engine/codecs/inflate/inflate_internal.h	src/c/includes/codecs/inflate/inflate_internal.h	moves	language
src	src/engine/codecs/lz4/lz4.c	src/c/includes/codecs/lz4/lz4.c	moves	language
src	src/engine/codecs/lz4/lz4.h	src/c/includes/codecs/lz4/lz4.h	moves	language
src	src/engine/codecs/snappy/snappy.c	src/c/includes/codecs/snappy/snappy.c	moves	language
src	src/engine/codecs/snappy/snappy.h	src/c/includes/codecs/snappy/snappy.h	moves	language
src	src/engine/codecs/zip/zip.h	src/c/includes/codecs/zip/zip.h	moves	language
src	src/engine/codecs/zip/zip_archive.c	src/c/includes/codecs/zip/zip_archive.c	moves	language
src	src/engine/codecs/zip/zip_index.c	src/c/includes/codecs/zip/zip_index.c	moves	language
src	src/engine/codecs/zip/zip_internal.h	src/c/includes/codecs/zip/zip_internal.h	moves	language
src	src/engine/codecs/zstd/zstd.h	src/c/includes/codecs/zstd/zstd.h	moves	language
src	src/engine/codecs/zstd/zstd_bits.c	src/c/includes/codecs/zstd/zstd_bits.c	moves	language
src	src/engine/codecs/zstd/zstd_frame.c	src/c/includes/codecs/zstd/zstd_frame.c	moves	language
src	src/engine/codecs/zstd/zstd_internal.h	src/c/includes/codecs/zstd/zstd_internal.h	moves	language
src	src/engine/codecs/zstd/zstd_literals.c	src/c/includes/codecs/zstd/zstd_literals.c	moves	language
src	src/engine/formats/cfg_json/cfg_json.c	src/c/includes/formats/cfg_json/cfg_json.c	moves	language
src	src/engine/formats/cfg_json/cfg_json.h	src/c/includes/formats/cfg_json/cfg_json.h	moves	language
src	src/engine/formats/dicom/dicom.h	src/c/includes/formats/dicom/dicom.h	moves	language
src	src/engine/formats/dicom/dicom_decimal.c	src/c/includes/formats/dicom/dicom_decimal.c	moves	language
src	src/engine/formats/dicom/dicom_element.c	src/c/includes/formats/dicom/dicom_element.c	moves	language
src	src/engine/formats/dicom/dicom_internal.h	src/c/includes/formats/dicom/dicom_internal.h	moves	language
src	src/engine/formats/dicom/dicom_parse.c	src/c/includes/formats/dicom/dicom_parse.c	moves	language
src	src/engine/formats/dicom/dicom_read.c	src/c/includes/formats/dicom/dicom_read.c	moves	language
src	src/engine/formats/hdf5/hdf5.h	src/c/includes/formats/hdf5/hdf5.h	moves	language
src	src/engine/formats/hdf5/hdf5_chunks.c	src/c/includes/formats/hdf5/hdf5_chunks.c	moves	language
src	src/engine/formats/hdf5/hdf5_header.c	src/c/includes/formats/hdf5/hdf5_header.c	moves	language
src	src/engine/formats/hdf5/hdf5_heap.c	src/c/includes/formats/hdf5/hdf5_heap.c	moves	language
src	src/engine/formats/hdf5/hdf5_internal.h	src/c/includes/formats/hdf5/hdf5_internal.h	moves	language
src	src/engine/formats/hdf5/hdf5_io.c	src/c/includes/formats/hdf5/hdf5_io.c	moves	language
src	src/engine/formats/hdf5/hdf5_locate.c	src/c/includes/formats/hdf5/hdf5_locate.c	moves	language
src	src/engine/formats/hdf5/hdf5_object.c	src/c/includes/formats/hdf5/hdf5_object.c	moves	language
src	src/engine/formats/hdf5/hdf5_read.c	src/c/includes/formats/hdf5/hdf5_read.c	moves	language
src	src/engine/formats/nifti/nifti.c	src/c/includes/formats/nifti/nifti.c	moves	language
src	src/engine/formats/nifti/nifti.h	src/c/includes/formats/nifti/nifti.h	moves	language
src	src/engine/formats/npy/npy.h	src/c/includes/formats/npy/npy.h	moves	language
src	src/engine/formats/npy/npy_header.c	src/c/includes/formats/npy/npy_header.c	moves	language
src	src/engine/formats/npy/npy_internal.h	src/c/includes/formats/npy/npy_internal.h	moves	language
src	src/engine/formats/npy/npy_read.c	src/c/includes/formats/npy/npy_read.c	moves	language
src	src/engine/formats/nrrd/nrrd.h	src/c/includes/formats/nrrd/nrrd.h	moves	language
src	src/engine/formats/nrrd/nrrd_header.c	src/c/includes/formats/nrrd/nrrd_header.c	moves	language
src	src/engine/formats/nrrd/nrrd_internal.h	src/c/includes/formats/nrrd/nrrd_internal.h	moves	language
src	src/engine/formats/nrrd/nrrd_read.c	src/c/includes/formats/nrrd/nrrd_read.c	moves	language
src	-	src/c/includes/formats/representation/atom/element.c	to write	three trees
src	-	src/c/includes/formats/representation/bit_volume.c	to write	three trees
src	-	src/c/includes/formats/representation/game/blackjack.c	to write	three trees
src	-	src/c/includes/formats/representation/game/board.c	to write	three trees
src	-	src/c/includes/formats/representation/game/checkers.c	to write	three trees
src	-	src/c/includes/formats/representation/game/chess.c	to write	three trees
src	-	src/c/includes/formats/representation/game/combinatorial.c	to write	three trees
src	-	src/c/includes/formats/representation/game/poker.c	to write	three trees
src	-	src/c/includes/formats/representation/game/rules.c	to write	three trees
src	-	src/c/includes/formats/representation/levels.c	to write	three trees
src	-	src/c/includes/formats/representation/particle/standard_model.c	to write	three trees
src	-	src/c/includes/formats/representation/picture/raster.c	to write	three trees
src	-	src/c/includes/formats/representation/seating.c	to write	three trees
src	-	src/c/includes/formats/representation/sound/envelope.c	to write	three trees
src	-	src/c/includes/formats/representation/sound/perceived_sound.c	to write	three trees
src	-	src/c/includes/formats/representation/structure/crystal.c	to write	three trees
src	-	src/c/includes/formats/representation/structure/protein.c	to write	three trees
src	-	src/c/includes/formats/representation/structure/symmetry.c	to write	three trees
src	-	src/c/includes/formats/representation/text/case.c	to write	three trees
src	-	src/c/includes/formats/representation/text/clusters.c	to write	three trees
src	-	src/c/includes/formats/representation/text/corpus.c	to write	three trees
src	-	src/c/includes/formats/representation/text/indic.c	to write	three trees
src	-	src/c/includes/formats/representation/text/marks.c	to write	three trees
src	-	src/c/includes/formats/representation/text/shared_alphabet.c	to write	three trees
src	-	src/c/includes/formats/representation/text/symbols.c	to write	three trees
src	-	src/c/includes/formats/representation/text/treebank.c	to write	three trees
src	-	src/c/includes/formats/stack/stack.c	to write	three trees
src	src/engine/formats/stack/stack.h	src/c/includes/formats/stack/stack.h	moves	language
src	src/engine/formats/tiff/tiff.h	src/c/includes/formats/tiff/tiff.h	moves	language
src	src/engine/formats/tiff/tiff_internal.h	src/c/includes/formats/tiff/tiff_internal.h	moves	language
src	src/engine/formats/tiff/tiff_io.c	src/c/includes/formats/tiff/tiff_io.c	moves	language
src	src/engine/formats/tiff/tiff_metadata.c	src/c/includes/formats/tiff/tiff_metadata.c	moves	language
src	src/engine/formats/tiff/tiff_page.c	src/c/includes/formats/tiff/tiff_page.c	moves	language
src	src/engine/formats/tiff/tiff_read.c	src/c/includes/formats/tiff/tiff_read.c	moves	language
src	src/engine/formats/zarr/zarr.h	src/c/includes/formats/zarr/zarr.h	moves	language
src	src/engine/formats/zarr/zarr_chunks.c	src/c/includes/formats/zarr/zarr_chunks.c	moves	language
src	src/engine/formats/zarr/zarr_internal.h	src/c/includes/formats/zarr/zarr_internal.h	moves	language
src	src/engine/formats/zarr/zarr_read.c	src/c/includes/formats/zarr/zarr_read.c	moves	language
src	-	src/c/includes/oracle/language/families.c	to write	three trees
src	-	src/c/includes/oracle/language/glosses.c	to write	three trees
src	-	src/c/includes/oracle/language/typology.c	to write	three trees
src	src/engine/compiler/bootstrap/ask_order.c	src/c/transpiler/bootstrap/ask_order.c	moves	language
src	src/engine/compiler/bootstrap/ask_order.h	src/c/transpiler/bootstrap/ask_order.h	moves	language
src	src/engine/compiler/bootstrap/chain_build.c	src/c/transpiler/bootstrap/chain_build.c	moves	language
src	src/engine/compiler/bootstrap/chain_build.h	src/c/transpiler/bootstrap/chain_build.h	moves	language
src	src/engine/compiler/bootstrap/host_entry.h	src/c/transpiler/bootstrap/host_entry.h	moves	language
src	src/engine/compiler/bootstrap/ladder.h	src/c/transpiler/bootstrap/ladder.h	moves	language
src	src/engine/compiler/bootstrap/query_ask.c	src/c/transpiler/bootstrap/query_ask.c	moves	language
src	src/engine/compiler/bootstrap/query_ask.h	src/c/transpiler/bootstrap/query_ask.h	moves	language
src	src/engine/compiler/bootstrap/query_interface.c	src/c/transpiler/bootstrap/query_interface.c	moves	language
src	src/engine/compiler/bootstrap/query_interface.h	src/c/transpiler/bootstrap/query_interface.h	moves	language
src	src/engine/compiler/bootstrap/query_order.c	src/c/transpiler/bootstrap/query_order.c	moves	language
src	src/engine/compiler/bootstrap/query_order.h	src/c/transpiler/bootstrap/query_order.h	moves	language
src	src/engine/compiler/bootstrap/query_walk.c	src/c/transpiler/bootstrap/query_walk.c	moves	language
src	src/engine/compiler/bootstrap/run_channel.h	src/c/transpiler/bootstrap/run_channel.h	moves	language
src	src/engine/compiler/bootstrap/stem_group.c	src/c/transpiler/bootstrap/stem_group.c	moves	language
src	src/engine/compiler/bootstrap/stem_group.h	src/c/transpiler/bootstrap/stem_group.h	moves	language
src	src/engine/compiler/interface/cell.c	src/c/transpiler/interface/cell.c	moves	language
src	src/engine/compiler/interface/cell.h	src/c/transpiler/interface/cell.h	moves	language
src	src/engine/compiler/interface/interface_names.c	src/c/transpiler/interface/interface_names.c	moves	language
src	-	src/c/transpiler/codegen/asm_printer_layout.c	to write	three trees
src	-	src/c/transpiler/codegen/asm_printer_program.c	to write	three trees
src	-	src/c/transpiler/codegen/c_target.c	to write	three trees
src	-	src/c/transpiler/codegen/code_generator.c	to write	three trees
src	-	src/c/transpiler/codegen/code_generator_entries.c	to write	three trees
src	-	src/c/transpiler/codegen/codegen.c	to write	three trees
src	-	src/c/transpiler/codegen/codegen_lowering.c	to write	three trees
src	-	src/c/transpiler/codegen/codegen_output.c	to write	three trees
src	-	src/c/transpiler/codegen/codegen_reader.c	to write	three trees
src	-	src/c/transpiler/codegen/codegen_rules.c	to write	three trees
src	src/engine/compiler/codegen/precept_value.h	src/c/transpiler/codegen/precept_value.h	moves	language
src	src/engine/compiler/codegen/precepts.h	src/c/transpiler/codegen/precepts.h	moves	language
src	-	src/c/transpiler/codegen/ptx_target.c	to write	three trees
src	-	src/c/transpiler/codegen/sass_target.c	to write	three trees
src	-	src/c/transpiler/codegen/target_parse.c	to write	three trees
src	-	src/c/transpiler/codegen/target_rulesets.c	to write	three trees
src	src/engine/compiler/codegen/tree_number.h	src/c/transpiler/codegen/tree_number.h	moves	language
src	-	src/c/transpiler/codegen/vhdl_target.c	to write	three trees
src	src/engine/compiler/codegen/word_web.h	src/c/transpiler/codegen/word_web.h	moves	language
src	-	src/c/transpiler/codegen/yosys_script.c	to write	three trees
src	src/engine/compiler/cubin/cubin_write.c	src/c/transpiler/cubin/cubin_write.c	moves	language
src	src/engine/compiler/cubin/cubin_write.h	src/c/transpiler/cubin/cubin_write.h	moves	language
src	src/engine/compiler/cubin/machines/sm_86	src/c/transpiler/cubin/machines/sm_86	moves	beside the code that reads it
src	src/engine/compiler/cubin/machines/sm_86.kdm	src/c/transpiler/cubin/machines/sm_86.kdm	moves	beside the code it runs
src	src/engine/compiler/cubin/machines/sm_86.ksc	src/c/transpiler/cubin/machines/sm_86.ksc	moves	beside the code it runs
src	src/engine/compiler/cubin/sass_assemble.c	src/c/transpiler/cubin/sass_assemble.c	moves	language
src	src/engine/compiler/cubin/sass_assemble.h	src/c/transpiler/cubin/sass_assemble.h	moves	language
src	src/engine/compiler/emit/container_layout.c	src/c/transpiler/emit/container_layout.c	moves	language
src	src/engine/compiler/emit/container_layout.h	src/c/transpiler/emit/container_layout.h	moves	language
src	src/engine/compiler/emit/container_write.c	src/c/transpiler/emit/container_write.c	moves	language
src	src/engine/compiler/emit/container_write.h	src/c/transpiler/emit/container_write.h	moves	language
src	src/engine/compiler/emit/layouts/elf64_nvidia.tsv	src/c/transpiler/emit/layouts/elf64_nvidia.tsv	moves	beside the code that reads it
src	src/engine/compiler/gnascor.md	src/c/transpiler/gnascor.md	moves	beside the code that reads it
src	src/engine/quantum/qasm/build.sh	src/c/transpiler/qasm/build.sh	moves	beside the code that reads it
src	-	src/c/transpiler/qasm/qasm.c	to write	three trees
src	src/engine/quantum/qasm/qasm.h	src/c/transpiler/qasm/qasm.h	moves	language
src	-	src/c/transpiler/qasm/qasm_bitstring.c	to write	three trees
src	src/engine/quantum/qasm/qasm_chain_apply.c	src/c/transpiler/qasm/qasm_chain_apply.c	moves	language
src	src/engine/quantum/qasm/qasm_chain_internal.h	src/c/transpiler/qasm/qasm_chain_internal.h	moves	language
src	src/engine/quantum/qasm/qasm_chain_matrix.c	src/c/transpiler/qasm/qasm_chain_matrix.c	moves	language
src	src/engine/quantum/qasm/qasm_circuit.h	src/c/transpiler/qasm/qasm_circuit.h	moves	language
src	src/engine/quantum/qasm/qasm_dense.c	src/c/transpiler/qasm/qasm_dense.c	moves	language
src	src/engine/quantum/qasm/qasm_exact.c	src/c/transpiler/qasm/qasm_exact.c	moves	language
src	src/engine/quantum/qasm/qasm_expression.c	src/c/transpiler/qasm/qasm_expression.c	moves	language
src	src/engine/quantum/qasm/qasm_field_internal.h	src/c/transpiler/qasm/qasm_field_internal.h	moves	language
src	src/engine/quantum/qasm/qasm_field_number.c	src/c/transpiler/qasm/qasm_field_number.c	moves	language
src	src/engine/quantum/qasm/qasm_field_rational.c	src/c/transpiler/qasm/qasm_field_rational.c	moves	language
src	src/engine/quantum/qasm/qasm_gates.c	src/c/transpiler/qasm/qasm_gates.c	moves	language
src	src/engine/quantum/qasm/qasm_internal.h	src/c/transpiler/qasm/qasm_internal.h	moves	language
src	src/engine/quantum/qasm/qasm_lens_hash.c	src/c/transpiler/qasm/qasm_lens_hash.c	moves	language
src	src/engine/quantum/qasm/qasm_lens_internal.h	src/c/transpiler/qasm/qasm_lens_internal.h	moves	language
src	src/engine/quantum/qasm/qasm_lens_rank.c	src/c/transpiler/qasm/qasm_lens_rank.c	moves	language
src	src/engine/quantum/qasm/qasm_lexer.c	src/c/transpiler/qasm/qasm_lexer.c	moves	language
src	src/engine/quantum/qasm/qasm_number.h	src/c/transpiler/qasm/qasm_number.h	moves	language
src	src/engine/quantum/qasm/qasm_pi.h	src/c/transpiler/qasm/qasm_pi.h	moves	language
src	-	src/c/transpiler/qasm/qasm_program.c	to write	three trees
src	src/engine/quantum/qasm/qasm_read.c	src/c/transpiler/qasm/qasm_read.c	moves	language
src	-	src/c/transpiler/qasm/qasm_run.c	to write	three trees
src	-	src/c/transpiler/qasm/qasm_self_program.c	to write	three trees
src	-	src/c/transpiler/qasm/qasm_self_run.c	to write	three trees
src	src/engine/quantum/qasm/qasm_simulators.h	src/c/transpiler/qasm/qasm_simulators.h	moves	language
src	src/engine/quantum/qasm/qasm_statements.c	src/c/transpiler/qasm/qasm_statements.c	moves	language
src	src/engine/quantum/qasm/qasm_symbolic_function.c	src/c/transpiler/qasm/qasm_symbolic_function.c	moves	language
src	src/engine/quantum/qasm/qasm_symbolic_internal.h	src/c/transpiler/qasm/qasm_symbolic_internal.h	moves	language
src	src/engine/quantum/qasm/qasm_symbolic_polynomial.c	src/c/transpiler/qasm/qasm_symbolic_polynomial.c	moves	language
src	src/engine/quantum/qasm/qasm_trig.c	src/c/transpiler/qasm/qasm_trig.c	moves	language
src	src/engine/quantum/qasm/run.sh	src/c/transpiler/qasm/run.sh	moves	beside the code that reads it
src	utils/maint/engine/kdm_write.c	src/c/types/file_defs/kdm/kdm_write.c	moves	defines the file type
src	src/engine/formats/krep/krep.h	src/c/types/file_defs/krep/krep.h	moves	language
src	-	src/c/types/file_defs/krep/krep_io.c	to write	three trees
src	-	src/c/types/file_defs/krep/krep_sections.c	to write	three trees
src	-	src/c/types/file_defs/krs/ruleset_flat.c	to write	three trees
src	src/engine/compiler/cubin/sass_machine.c	src/c/types/file_defs/krs/sass_machine.c	moves	language
src	src/engine/compiler/cubin/sass_machine.h	src/c/types/file_defs/krs/sass_machine.h	moves	language
src	utils/test/engine/compiler/interface/interface_sass_probe_class.c	src/c/types/file_defs/ksc/interface_sass_probe_class.c	moves	defines the file type
src	src/engine/arithmetic/decimal_double/decimal_double.c	src/c/types/integerfloats/decimal_double/decimal_double.c	moves	language
src	src/engine/arithmetic/decimal_double/decimal_double.h	src/c/types/integerfloats/decimal_double/decimal_double.h	moves	language
src	src/engine/arithmetic/double_fields/double_fields.c	src/c/types/integerfloats/double_fields/double_fields.c	moves	language
src	src/engine/arithmetic/double_fields/double_fields.h	src/c/types/integerfloats/double_fields/double_fields.h	moves	language
src	src/engine/arithmetic/no_rounding/arm_portable.c	src/c/types/integers/arm.c	moves	one name
src	src/engine/arithmetic/no_rounding/arm.h	src/c/types/integers/arm.h	moves	language
src	src/engine/arithmetic/no_rounding/arm_avx2.c	src/c/types/integers/arm_avx2.c	moves	language
src	src/engine/arithmetic/no_rounding/arm_avx512.c	src/c/types/integers/arm_avx512.c	moves	language
src	src/engine/arithmetic/no_rounding/arm_cuda.h	src/c/types/integers/arm_cuda.h	moves	language
src	src/engine/arithmetic/no_rounding/arm_neon.c	src/c/types/integers/arm_neon.c	moves	language
src	src/engine/arithmetic/no_rounding/arm_sve.c	src/c/types/integers/arm_sve.c	moves	language
src	-	src/c/types/integers/constants/naturals.c	to write	three trees
src	-	src/c/types/integers/exact.c	to write	three trees
src	src/engine/arithmetic/no_rounding/exact_integer.h	src/c/types/integers/exact_integer.h	moves	language
src	src/engine/arithmetic/no_rounding/exact_integer_add.c	src/c/types/integers/exact_integer_add.c	moves	language
src	src/engine/arithmetic/no_rounding/exact_integer_api.h	src/c/types/integers/exact_integer_api.h	moves	language
src	src/engine/arithmetic/no_rounding/exact_integer_decimal.c	src/c/types/integers/exact_integer_decimal.c	moves	language
src	src/engine/arithmetic/no_rounding/exact_integer_divide.c	src/c/types/integers/exact_integer_divide.c	moves	language
src	src/engine/arithmetic/no_rounding/exact_integer_gcd.c	src/c/types/integers/exact_integer_gcd.c	moves	language
src	src/engine/arithmetic/no_rounding/exact_integer_hash.c	src/c/types/integers/exact_integer_hash.c	moves	language
src	src/engine/arithmetic/no_rounding/exact_integer_internal.h	src/c/types/integers/exact_integer_internal.h	moves	language
src	src/engine/arithmetic/no_rounding/exact_integer_limbs.c	src/c/types/integers/exact_integer_limbs.c	moves	language
src	src/engine/arithmetic/no_rounding/exact_integer_multiply.c	src/c/types/integers/exact_integer_multiply.c	moves	language
src	src/engine/arithmetic/no_rounding/exact_integer_widths.h	src/c/types/integers/exact_integer_widths.h	moves	language
src	src/engine/analysis/compression/compression.cu	src/cu/engine/analysis/compression/compression.cu	moves	language
src	-	src/cu/engine/analysis/cycle/cycle.cu	to write	three trees
src	src/engine/compiler/cycle/cycle_compile_host.cu	src/cu/engine/analysis/cycle/cycle_compile.cu	moves	one name
src	src/engine/compiler/cycle/cycle_compile_cache.cu	src/cu/engine/analysis/cycle/cycle_compile_cache.cu	moves	language
src	src/engine/compiler/cycle/cycle_compile_internal.h	src/cu/engine/analysis/cycle/cycle_compile_internal.h	moves	language
src	src/engine/compiler/cycle/cycle_compile_route.cu	src/cu/engine/analysis/cycle/cycle_compile_route.cu	moves	language
src	src/engine/compiler/cycle/cycle_compile_toolchain.cu	src/cu/engine/analysis/cycle/cycle_compile_toolchain.cu	moves	language
src	src/engine/compiler/cycle/cycle_internal.h	src/cu/engine/analysis/cycle/cycle_internal.h	moves	language
src	src/engine/compiler/cycle/cycle_launch.cu	src/cu/engine/analysis/cycle/cycle_launch.cu	moves	language
src	src/engine/compiler/cycle/cycle_prelude.cu	src/cu/engine/analysis/cycle/cycle_prelude.cu	moves	language
src	src/engine/compiler/cycle/cycle_record_kernel.cu	src/cu/engine/analysis/cycle/cycle_record.cu	moves	one name
src	src/engine/compiler/cycle/cycle_record_arithmetic.h	src/cu/engine/analysis/cycle/cycle_record_arithmetic.h	moves	language
src	src/engine/compiler/cycle/cycle_record_internal.h	src/cu/engine/analysis/cycle/cycle_record_internal.h	moves	language
src	src/engine/compiler/cycle/cycle_record_launch.cu	src/cu/engine/analysis/cycle/cycle_record_launch.cu	moves	language
src	src/engine/compiler/cycle/cycle_record_operate.h	src/cu/engine/analysis/cycle/cycle_record_operate.h	moves	language
src	src/engine/compiler/cycle/cycle_shared.h	src/cu/engine/analysis/cycle/cycle_shared.h	moves	language
src	src/engine/compiler/cycle/cycle_sweep.cu	src/cu/engine/analysis/cycle/cycle_sweep.cu	moves	language
src	src/engine/analysis/entropy_history/entropy_history.cu	src/cu/engine/analysis/entropy_history/entropy_history.cu	moves	language
src	src/engine/analysis/golden_bands/golden_bands.cu	src/cu/engine/analysis/golden_bands/golden_bands.cu	moves	language
src	src/engine/compiler/key_schedule/key_schedule.cu	src/cu/engine/analysis/key_schedule/key_schedule.cu	moves	language
src	src/engine/compiler/key_schedule/key_schedule_core.h	src/cu/engine/analysis/key_schedule/key_schedule_core.h	moves	language
src	src/engine/compiler/keymath/keymath.cu	src/cu/engine/analysis/keymath/keymath.cu	moves	language
src	src/engine/compiler/keymath/keymath_core.h	src/cu/engine/analysis/keymath/keymath_core.h	moves	language
src	src/engine/compiler/keymath/keymath_core_affine.h	src/cu/engine/analysis/keymath/keymath_core_affine.h	moves	language
src	src/engine/compiler/keymath/keymath_core_encode.h	src/cu/engine/analysis/keymath/keymath_core_encode.h	moves	language
src	-	src/cu/engine/analysis/measure/block_entropy.cu	to write	three trees
src	-	src/cu/engine/analysis/measure/clustering.cu	to write	three trees
src	-	src/cu/engine/analysis/measure/dispersion.cu	to write	three trees
src	-	src/cu/engine/analysis/measure/entropy.cu	to write	three trees
src	-	src/cu/engine/analysis/measure/graph_realizable.cu	to write	three trees
src	-	src/cu/engine/analysis/measure/invariance.cu	to write	three trees
src	-	src/cu/engine/analysis/measure/local_outlier.cu	to write	three trees
src	-	src/cu/engine/analysis/measure/match_rate.cu	to write	three trees
src	-	src/cu/engine/analysis/measure/outcome_entropy.cu	to write	three trees
src	-	src/cu/engine/analysis/measure/period.cu	to write	three trees
src	-	src/cu/engine/analysis/measure/periodic_energy.cu	to write	three trees
src	-	src/cu/engine/analysis/measure/periodicity.cu	to write	three trees
src	-	src/cu/engine/analysis/measure/point_cloud.cu	to write	three trees
src	-	src/cu/engine/analysis/measure/sequence_match.cu	to write	three trees
src	-	src/cu/engine/analysis/measure/shift_agreement.cu	to write	three trees
src	-	src/cu/engine/analysis/measure/spectral.cu	to write	three trees
src	-	src/cu/engine/analysis/measure/stays.cu	to write	three trees
src	-	src/cu/engine/analysis/measure/vocabulary.cu	to write	three trees
src	-	src/cu/engine/analysis/measure/web.cu	to write	three trees
src	-	src/cu/engine/analysis/measure/word_lengths.cu	to write	three trees
src	src/engine/analysis/noise_detector/noise_detector_clips.cu	src/cu/engine/analysis/noise_detector/noise_detector_clips.cu	moves	language
src	src/engine/analysis/noise_detector/noise_detector_crosstalk.cu	src/cu/engine/analysis/noise_detector/noise_detector_crosstalk.cu	moves	language
src	src/engine/analysis/noise_detector/noise_detector_flicker.cu	src/cu/engine/analysis/noise_detector/noise_detector_flicker.cu	moves	language
src	src/engine/analysis/noise_detector/noise_detector_halves.cu	src/cu/engine/analysis/noise_detector/noise_detector_halves.cu	moves	language
src	src/engine/analysis/noise_detector/noise_detector_internal.h	src/cu/engine/analysis/noise_detector/noise_detector_internal.h	moves	language
src	src/engine/analysis/noise_detector/noise_detector_ladder.cu	src/cu/engine/analysis/noise_detector/noise_detector_ladder.cu	moves	language
src	src/engine/analysis/noise_detector/noise_detector_lines.cu	src/cu/engine/analysis/noise_detector/noise_detector_lines.cu	moves	language
src	src/engine/analysis/noise_detector/noise_detector_lines_summary.cu	src/cu/engine/analysis/noise_detector/noise_detector_lines_summary.cu	moves	language
src	src/engine/analysis/noise_detector/noise_detector_moments.cu	src/cu/engine/analysis/noise_detector/noise_detector_moments.cu	moves	language
src	src/engine/analysis/noise_detector/noise_detector_neighbors.cu	src/cu/engine/analysis/noise_detector/noise_detector_neighbors.cu	moves	language
src	src/engine/analysis/noise_detector/noise_detector_pixels.cu	src/cu/engine/analysis/noise_detector/noise_detector_pixels.cu	moves	language
src	src/engine/analysis/noise_detector/noise_detector_root.cu	src/cu/engine/analysis/noise_detector/noise_detector_root.cu	moves	language
src	src/engine/analysis/noise_detector/noise_detector_structure.cu	src/cu/engine/analysis/noise_detector/noise_detector_structure.cu	moves	language
src	-	src/cu/engine/analysis/partition/coarsen.cu	to write	three trees
src	-	src/cu/engine/analysis/partition/curves.cu	to write	three trees
src	-	src/cu/engine/analysis/partition/dimension_count.cu	to write	three trees
src	src/engine/analysis/period/period_internal.h	src/cu/engine/analysis/period/period_internal.h	moves	language
src	src/engine/analysis/period/period_measure.cu	src/cu/engine/analysis/period/period_measure.cu	moves	language
src	src/engine/analysis/period/period_select.cu	src/cu/engine/analysis/period/period_select.cu	moves	language
src	-	src/cu/engine/analysis/reference/atom.cu	to write	three trees
src	-	src/cu/engine/analysis/reference/bitfield.cu	to write	three trees
src	-	src/cu/engine/analysis/reference/ciphers.cu	to write	three trees
src	-	src/cu/engine/analysis/reference/exact_ratio.cu	to write	three trees
src	-	src/cu/engine/analysis/reference/fields.cu	to write	three trees
src	-	src/cu/engine/analysis/reference/periodic.cu	to write	three trees
src	-	src/cu/engine/analysis/reference/self_similar.cu	to write	three trees
src	-	src/cu/engine/analysis/reference/shuffles.cu	to write	three trees
src	-	src/cu/engine/analysis/reference/unselected.cu	to write	three trees
src	-	src/cu/engine/analysis/reference/windowed.cu	to write	three trees
src	src/engine/analysis/residual/residual.cu	src/cu/engine/analysis/residual/residual.cu	moves	language
src	src/engine/analysis/residual_survey/residual_survey.cu	src/cu/engine/analysis/residual_survey/residual_survey.cu	moves	language
src	src/engine/analysis/shift_agreement/shift_agreement_kernels.cu	src/cu/engine/analysis/shift_agreement/shift_agreement.cu	moves	one name
src	src/engine/analysis/shift_agreement/shift_agreement_internal.h	src/cu/engine/analysis/shift_agreement/shift_agreement_internal.h	moves	language
src	src/engine/analysis/shift_agreement/shift_agreement_run.cu	src/cu/engine/analysis/shift_agreement/shift_agreement_run.cu	moves	language
src	src/engine/analysis/tower/tower_kernels.cu	src/cu/engine/analysis/tower/tower.cu	moves	one name
src	src/engine/analysis/tower/tower_internal.h	src/cu/engine/analysis/tower/tower_internal.h	moves	language
src	src/engine/analysis/tower/tower_record.cu	src/cu/engine/analysis/tower/tower_record.cu	moves	language
src	src/engine/analysis/tower/tower_run.cu	src/cu/engine/analysis/tower/tower_run.cu	moves	language
src	src/engine/analysis/unit_sweep/unit_sweep.cu	src/cu/engine/analysis/unit_sweep/unit_sweep.cu	moves	language
src	src/engine/engine_files.cu	src/cu/engine/engine_files.cu	moves	language
src	src/engine/engine_history.cu	src/cu/engine/engine_history.cu	moves	language
src	src/engine/engine_internal.h	src/cu/engine/engine_internal.h	moves	language
src	src/engine/engine_listing.cu	src/cu/engine/engine_listing.cu	moves	language
src	src/engine/engine_record.cu	src/cu/engine/engine_record.cu	moves	language
src	src/engine/engine_report.cu	src/cu/engine/engine_report.cu	moves	language
src	src/engine/engine_residual.cu	src/cu/engine/engine_residual.cu	moves	language
src	src/engine/engine_seal.cu	src/cu/engine/engine_seal.cu	moves	language
src	src/engine/engine_source.cu	src/cu/engine/engine_source.cu	moves	language
src	src/engine/engine_zarr.cu	src/cu/engine/engine_zarr.cu	moves	language
src	-	src/cu/engine/nbody/orior/orior_core.cu	to write	three trees
src	-	src/cu/engine/nbody/orior/orior_field.cu	to write	three trees
src	-	src/cu/engine/nbody/orior/orior_steer.cu	to write	three trees
src	-	src/cu/engine/nbody/orior/orior_steer_count.cu	to write	three trees
src	-	src/cu/engine/nbody/orior/orior_steer_plan.cu	to write	three trees
src	-	src/cu/engine/nbody/orior/instrument/orior.cu	to write	three trees
src	-	src/cu/engine/nbody/orior/instrument/corpus_gate.cu	to write	three trees
src	-	src/cu/engine/nbody/orior/instrument/english_sift.cu	to write	three trees
src	src/engine/nbody/orior/scan_cuda.cu	src/cu/engine/nbody/orior/scan.cu	moves	one name
src	-	src/cu/engine/nbody/orior/sift/anchors.cu	to write	three trees
src	-	src/cu/engine/nbody/orior/sift/bloom.cu	to write	three trees
src	-	src/cu/engine/nbody/orior/sift/hamming.cu	to write	three trees
src	-	src/cu/engine/nbody/orior/sift/invariant_consensus.cu	to write	three trees
src	src/engine/nbody/body_overlap/body_overlap.cu	src/cu/engine/nbody/body_overlap/body_overlap.cu	moves	language
src	src/engine/nbody/box_history/box_history.cu	src/cu/engine/nbody/box_history/box_history.cu	moves	language
src	src/engine/nbody/climb_machine/climb_machine_box.cu	src/cu/engine/nbody/climb_machine/climb_machine_box.cu	moves	language
src	src/engine/nbody/climb_machine/climb_machine_core.cu	src/cu/engine/nbody/climb_machine/climb_machine_core.cu	moves	language
src	src/engine/nbody/climb_machine/climb_machine_extent.cu	src/cu/engine/nbody/climb_machine/climb_machine_extent.cu	moves	language
src	src/engine/nbody/climb_machine/climb_machine_internal.h	src/cu/engine/nbody/climb_machine/climb_machine_internal.h	moves	language
src	src/engine/nbody/climb_machine/climb_machine_land.cu	src/cu/engine/nbody/climb_machine/climb_machine_land.cu	moves	language
src	src/engine/nbody/climb_machine/climb_machine_open.cu	src/cu/engine/nbody/climb_machine/climb_machine_open.cu	moves	language
src	src/engine/nbody/climb_machine/climb_machine_run.cu	src/cu/engine/nbody/climb_machine/climb_machine_run.cu	moves	language
src	src/engine/nbody/climb_machine/climb_machine_score.cu	src/cu/engine/nbody/climb_machine/climb_machine_score.cu	moves	language
src	src/engine/nbody/contact_side/contact_side.cu	src/cu/engine/nbody/contact_side/contact_side.cu	moves	language
src	src/engine/nbody/division/division.cu	src/cu/engine/nbody/division/division.cu	moves	language
src	src/engine/nbody/fingerprint/fingerprint.cu	src/cu/engine/nbody/fingerprint/fingerprint.cu	moves	language
src	src/engine/nbody/flatten/flatten.cu	src/cu/engine/nbody/flatten/flatten.cu	moves	language
src	src/engine/nbody/grow/grow.cu	src/cu/engine/nbody/grow/grow.cu	moves	language
src	-	src/cu/engine/nbody/heaviest_matching/heaviest_matching.cu	to write	three trees
src	src/engine/nbody/marginal/marginal.cu	src/cu/engine/nbody/marginal/marginal.cu	moves	language
src	-	src/cu/engine/nbody/max_tree/max_tree_build.cu	to write	three trees
src	src/engine/nbody/max_tree/max_tree_device_code.cu	src/cu/engine/nbody/max_tree/max_tree_code.cu	moves	one name
src	src/engine/nbody/max_tree/max_tree_device_contract.cu	src/cu/engine/nbody/max_tree/max_tree_contract.cu	moves	one name
src	src/engine/nbody/max_tree/max_tree_device_internal.h	src/cu/engine/nbody/max_tree/max_tree_device_internal.h	moves	language
src	src/engine/nbody/max_tree/max_tree_device_overlap.cu	src/cu/engine/nbody/max_tree/max_tree_device_overlap.cu	moves	language
src	src/engine/nbody/max_tree/max_tree_device_overlap_kernels.cu	src/cu/engine/nbody/max_tree/max_tree_device_overlap_kernels.cu	moves	language
src	src/engine/nbody/max_tree/max_tree_device_grade.cu	src/cu/engine/nbody/max_tree/max_tree_grade.cu	moves	one name
src	src/engine/nbody/max_tree/max_tree_device_label.cu	src/cu/engine/nbody/max_tree/max_tree_label.cu	moves	one name
src	-	src/cu/engine/nbody/max_tree/max_tree_nodes.cu	to write	three trees
src	src/engine/nbody/max_tree/max_tree_device_objects.cu	src/cu/engine/nbody/max_tree/max_tree_objects.cu	moves	one name
src	src/engine/nbody/max_tree/max_tree_device_pack.cu	src/cu/engine/nbody/max_tree/max_tree_pack.cu	moves	one name
src	-	src/cu/engine/nbody/max_tree/max_tree_pairs.cu	to write	three trees
src	src/engine/nbody/max_tree/max_tree_device_select.cu	src/cu/engine/nbody/max_tree/max_tree_select.cu	moves	one name
src	src/engine/nbody/max_tree/max_tree_device_slide.cu	src/cu/engine/nbody/max_tree/max_tree_slide.cu	moves	one name
src	src/engine/nbody/print_pair/print_pair.cu	src/cu/engine/nbody/print_pair/print_pair.cu	moves	language
src	src/engine/nbody/velocity/velocity.cu	src/cu/engine/nbody/velocity/velocity.cu	moves	language
src	-	src/cu/engine/render/anchor_raster.cu	to write	three trees
src	-	src/cu/engine/render/anchor_raster_output.cu	to write	three trees
src	-	src/cu/engine/render/host.cu	to write	three trees
src	-	src/cu/engine/render/native.cu	to write	three trees
src	src/engine/render/raster_cuda_kernels.cu	src/cu/engine/render/raster.cu	moves	one name
src	src/engine/render/raster_cuda_internal.h	src/cu/engine/render/raster_cuda_internal.h	moves	language
src	src/engine/render/raster_cuda_entry.cu	src/cu/engine/render/raster_entry.cu	moves	one name
src	src/engine/runtime/daemon/tessera_device.cu	src/cu/engine/runtime/daemon/tessera.cu	moves	one name
src	-	src/cu/engine/runtime/daemon/tessera_client_jobs.cu	to write	three trees
src	-	src/cu/engine/runtime/daemon/tessera_client_socket.cu	to write	three trees
src	-	src/cu/engine/runtime/daemon/tessera_daemon_admission.cu	to write	three trees
src	-	src/cu/engine/runtime/daemon/tessera_daemon_main.cu	to write	three trees
src	-	src/cu/engine/runtime/daemon/tessera_daemon_peers.cu	to write	three trees
src	-	src/cu/engine/runtime/daemon/tessera_daemon_state.cu	to write	three trees
src	-	src/cu/engine/runtime/daemon/tessera_frame.cu	to write	three trees
src	-	src/cu/engine/runtime/daemon/tessera_ledger.cu	to write	three trees
src	-	src/cu/engine/runtime/daemon/tessera_measure.cu	to write	three trees
src	-	src/cu/engine/runtime/daemon/tessera_paths.cu	to write	three trees
src	-	src/cu/engine/runtime/daemon/tessera_run_child.cu	to write	three trees
src	-	src/cu/engine/runtime/daemon/tessera_run_common.cu	to write	three trees
src	-	src/cu/engine/runtime/daemon/tessera_run_main.cu	to write	three trees
src	-	src/cu/engine/runtime/daemon/tessera_run_posix.cu	to write	three trees
src	-	src/cu/engine/runtime/daemon/tessera_run_windows.cu	to write	three trees
src	-	src/cu/engine/runtime/daemon/tessera_self.cu	to write	three trees
src	src/engine/runtime/device_pool/device_pool.cu	src/cu/engine/runtime/device_pool/device_pool.cu	moves	language
src	src/engine/runtime/obsignatio/obsignatio_hash.cu	src/cu/engine/runtime/obsignatio/obsignatio_hash.cu	moves	language
src	src/engine/runtime/obsignatio/obsignatio_internal.h	src/cu/engine/runtime/obsignatio/obsignatio_internal.h	moves	language
src	src/engine/runtime/obsignatio/obsignatio_seal.cu	src/cu/engine/runtime/obsignatio/obsignatio_seal.cu	moves	language
src	src/engine/runtime/schedule/schedule.cu	src/cu/engine/runtime/schedule/schedule.cu	moves	language
src	-	src/cu/engine/runtime/scriptura/scriptura.cu	to write	three trees
src	-	src/cu/engine/runtime/scriptura/scriptura_arm.cu	to write	three trees
src	-	src/cu/includes/codecs/blosc/blosc.cu	to write	three trees
src	src/engine/codecs/crc/crc.h	src/cu/includes/codecs/crc/crc.h	moves	language
src	-	src/cu/includes/codecs/deflate/deflate_blocks.cu	to write	three trees
src	-	src/cu/includes/codecs/deflate/deflate_tokens.cu	to write	three trees
src	-	src/cu/includes/codecs/inflate/inflate_blocks.cu	to write	three trees
src	-	src/cu/includes/codecs/inflate/inflate_huffman.cu	to write	three trees
src	-	src/cu/includes/codecs/lz4/lz4.cu	to write	three trees
src	-	src/cu/includes/codecs/snappy/snappy.cu	to write	three trees
src	-	src/cu/includes/codecs/zip/zip_archive.cu	to write	three trees
src	-	src/cu/includes/codecs/zip/zip_index.cu	to write	three trees
src	-	src/cu/includes/codecs/zstd/zstd_bits.cu	to write	three trees
src	-	src/cu/includes/codecs/zstd/zstd_frame.cu	to write	three trees
src	-	src/cu/includes/codecs/zstd/zstd_literals.cu	to write	three trees
src	-	src/cu/includes/formats/cfg_json/cfg_json.cu	to write	three trees
src	-	src/cu/includes/formats/dicom/dicom_decimal.cu	to write	three trees
src	-	src/cu/includes/formats/dicom/dicom_element.cu	to write	three trees
src	-	src/cu/includes/formats/dicom/dicom_parse.cu	to write	three trees
src	-	src/cu/includes/formats/dicom/dicom_read.cu	to write	three trees
src	-	src/cu/includes/formats/hdf5/hdf5_chunks.cu	to write	three trees
src	-	src/cu/includes/formats/hdf5/hdf5_header.cu	to write	three trees
src	-	src/cu/includes/formats/hdf5/hdf5_heap.cu	to write	three trees
src	-	src/cu/includes/formats/hdf5/hdf5_io.cu	to write	three trees
src	-	src/cu/includes/formats/hdf5/hdf5_locate.cu	to write	three trees
src	-	src/cu/includes/formats/hdf5/hdf5_object.cu	to write	three trees
src	-	src/cu/includes/formats/hdf5/hdf5_read.cu	to write	three trees
src	-	src/cu/includes/formats/nifti/nifti.cu	to write	three trees
src	-	src/cu/includes/formats/npy/npy_header.cu	to write	three trees
src	-	src/cu/includes/formats/npy/npy_read.cu	to write	three trees
src	-	src/cu/includes/formats/nrrd/nrrd_header.cu	to write	three trees
src	-	src/cu/includes/formats/nrrd/nrrd_read.cu	to write	three trees
src	-	src/cu/includes/formats/representation/atom/element.cu	to write	three trees
src	-	src/cu/includes/formats/representation/bit_volume.cu	to write	three trees
src	-	src/cu/includes/formats/representation/game/blackjack.cu	to write	three trees
src	-	src/cu/includes/formats/representation/game/board.cu	to write	three trees
src	-	src/cu/includes/formats/representation/game/checkers.cu	to write	three trees
src	-	src/cu/includes/formats/representation/game/chess.cu	to write	three trees
src	-	src/cu/includes/formats/representation/game/combinatorial.cu	to write	three trees
src	-	src/cu/includes/formats/representation/game/poker.cu	to write	three trees
src	-	src/cu/includes/formats/representation/game/rules.cu	to write	three trees
src	-	src/cu/includes/formats/representation/levels.cu	to write	three trees
src	-	src/cu/includes/formats/representation/particle/standard_model.cu	to write	three trees
src	-	src/cu/includes/formats/representation/picture/raster.cu	to write	three trees
src	-	src/cu/includes/formats/representation/seating.cu	to write	three trees
src	-	src/cu/includes/formats/representation/sound/envelope.cu	to write	three trees
src	-	src/cu/includes/formats/representation/sound/perceived_sound.cu	to write	three trees
src	-	src/cu/includes/formats/representation/structure/crystal.cu	to write	three trees
src	-	src/cu/includes/formats/representation/structure/protein.cu	to write	three trees
src	-	src/cu/includes/formats/representation/structure/symmetry.cu	to write	three trees
src	-	src/cu/includes/formats/representation/text/case.cu	to write	three trees
src	-	src/cu/includes/formats/representation/text/clusters.cu	to write	three trees
src	-	src/cu/includes/formats/representation/text/corpus.cu	to write	three trees
src	-	src/cu/includes/formats/representation/text/indic.cu	to write	three trees
src	-	src/cu/includes/formats/representation/text/marks.cu	to write	three trees
src	-	src/cu/includes/formats/representation/text/shared_alphabet.cu	to write	three trees
src	-	src/cu/includes/formats/representation/text/symbols.cu	to write	three trees
src	-	src/cu/includes/formats/representation/text/treebank.cu	to write	three trees
src	src/engine/formats/stack/stack.cu	src/cu/includes/formats/stack/stack.cu	moves	language
src	-	src/cu/includes/formats/tiff/tiff_io.cu	to write	three trees
src	-	src/cu/includes/formats/tiff/tiff_metadata.cu	to write	three trees
src	-	src/cu/includes/formats/tiff/tiff_page.cu	to write	three trees
src	-	src/cu/includes/formats/tiff/tiff_read.cu	to write	three trees
src	-	src/cu/includes/formats/zarr/zarr_chunks.cu	to write	three trees
src	-	src/cu/includes/formats/zarr/zarr_read.cu	to write	three trees
src	-	src/cu/includes/oracle/language/families.cu	to write	three trees
src	-	src/cu/includes/oracle/language/glosses.cu	to write	three trees
src	-	src/cu/includes/oracle/language/typology.cu	to write	three trees
src	src/engine/long_paths.manifest	src/cu/long_paths.manifest	moves	serves the container
src	-	src/cu/transpiler/bootstrap/ask_order.cu	to write	three trees
src	-	src/cu/transpiler/bootstrap/chain_build.cu	to write	three trees
src	-	src/cu/transpiler/bootstrap/query_ask.cu	to write	three trees
src	-	src/cu/transpiler/bootstrap/query_interface.cu	to write	three trees
src	-	src/cu/transpiler/bootstrap/query_order.cu	to write	three trees
src	-	src/cu/transpiler/bootstrap/query_walk.cu	to write	three trees
src	-	src/cu/transpiler/bootstrap/stem_group.cu	to write	three trees
src	-	src/cu/transpiler/interface/cell.cu	to write	three trees
src	-	src/cu/transpiler/interface/interface_names.cu	to write	three trees
src	src/engine/compiler/codegen/asm_printer.h	src/cu/transpiler/codegen/asm_printer.h	moves	language
src	src/engine/compiler/codegen/asm_printer_core.h	src/cu/transpiler/codegen/asm_printer_core.h	moves	language
src	src/engine/compiler/codegen/asm_printer_core_program.h	src/cu/transpiler/codegen/asm_printer_core_program.h	moves	language
src	src/engine/compiler/codegen/asm_printer_core_words.h	src/cu/transpiler/codegen/asm_printer_core_words.h	moves	language
src	src/engine/compiler/codegen/asm_printer_internal.h	src/cu/transpiler/codegen/asm_printer_internal.h	moves	language
src	src/engine/compiler/codegen/asm_printer_layout.cu	src/cu/transpiler/codegen/asm_printer_layout.cu	moves	language
src	src/engine/compiler/codegen/asm_printer_program.cu	src/cu/transpiler/codegen/asm_printer_program.cu	moves	language
src	src/engine/compiler/codegen/c_target.cu	src/cu/transpiler/codegen/c_target.cu	moves	language
src	src/engine/compiler/codegen/c_target.h	src/cu/transpiler/codegen/c_target.h	moves	language
src	src/engine/compiler/codegen/code_generator.cu	src/cu/transpiler/codegen/code_generator.cu	moves	language
src	src/engine/compiler/codegen/code_generator.h	src/cu/transpiler/codegen/code_generator.h	moves	language
src	src/engine/compiler/codegen/code_generator_entries.cu	src/cu/transpiler/codegen/code_generator_entries.cu	moves	language
src	src/engine/compiler/codegen/codegen_device_kernels.cu	src/cu/transpiler/codegen/codegen.cu	moves	one name
src	src/engine/compiler/codegen/codegen_core.h	src/cu/transpiler/codegen/codegen_core.h	moves	language
src	src/engine/compiler/codegen/codegen_device.h	src/cu/transpiler/codegen/codegen_device.h	moves	language
src	src/engine/compiler/codegen/codegen_device_internal.h	src/cu/transpiler/codegen/codegen_device_internal.h	moves	language
src	src/engine/compiler/codegen/codegen_device_lowering.cu	src/cu/transpiler/codegen/codegen_lowering.cu	moves	one name
src	src/engine/compiler/codegen/codegen_device_output.cu	src/cu/transpiler/codegen/codegen_output.cu	moves	one name
src	src/engine/compiler/codegen/codegen_device_reader.cu	src/cu/transpiler/codegen/codegen_reader.cu	moves	one name
src	src/engine/compiler/codegen/codegen_device_rules.cu	src/cu/transpiler/codegen/codegen_rules.cu	moves	one name
src	src/engine/compiler/codegen/instruction_selection.h	src/cu/transpiler/codegen/instruction_selection.h	moves	language
src	src/engine/compiler/codegen/lowering.h	src/cu/transpiler/codegen/lowering.h	moves	language
src	src/engine/compiler/codegen/lowering_operations.h	src/cu/transpiler/codegen/lowering_operations.h	moves	language
src	src/engine/compiler/codegen/lowering_primitives.h	src/cu/transpiler/codegen/lowering_primitives.h	moves	language
src	src/engine/compiler/codegen/machine_ir.h	src/cu/transpiler/codegen/machine_ir.h	moves	language
src	src/engine/compiler/codegen/machine_ir_builder.h	src/cu/transpiler/codegen/machine_ir_builder.h	moves	language
src	src/engine/compiler/codegen/machine_ir_types.h	src/cu/transpiler/codegen/machine_ir_types.h	moves	language
src	src/engine/compiler/codegen/prologue_epilogue.h	src/cu/transpiler/codegen/prologue_epilogue.h	moves	language
src	src/engine/compiler/codegen/ptx_target.cu	src/cu/transpiler/codegen/ptx_target.cu	moves	language
src	src/engine/compiler/codegen/ptx_target.h	src/cu/transpiler/codegen/ptx_target.h	moves	language
src	src/engine/compiler/codegen/ruleset_reader.h	src/cu/transpiler/codegen/ruleset_reader.h	moves	language
src	src/engine/compiler/codegen/rulesets/c.krs	src/cu/transpiler/codegen/rulesets/c.krs	moves	beside the code that reads it
src	src/engine/compiler/codegen/rulesets/ptx.krs	src/cu/transpiler/codegen/rulesets/ptx.krs	moves	beside the code that reads it
src	src/engine/compiler/codegen/rulesets/sass.krs	src/cu/transpiler/codegen/rulesets/sass.krs	moves	beside the code that reads it
src	src/engine/compiler/codegen/rulesets/vhdl.krs	src/cu/transpiler/codegen/rulesets/vhdl.krs	moves	beside the code that reads it
src	src/engine/compiler/codegen/rulesets/yosys.krs	src/cu/transpiler/codegen/rulesets/yosys.krs	moves	beside the code that reads it
src	src/engine/compiler/codegen/sass_target.cu	src/cu/transpiler/codegen/sass_target.cu	moves	language
src	src/engine/compiler/codegen/sass_target.h	src/cu/transpiler/codegen/sass_target.h	moves	language
src	src/engine/compiler/codegen/scheduling.h	src/cu/transpiler/codegen/scheduling.h	moves	language
src	src/engine/compiler/codegen/target.h	src/cu/transpiler/codegen/target.h	moves	language
src	src/engine/compiler/codegen/target_internal.h	src/cu/transpiler/codegen/target_internal.h	moves	language
src	src/engine/compiler/codegen/target_parse.cu	src/cu/transpiler/codegen/target_parse.cu	moves	language
src	src/engine/compiler/codegen/target_rulesets.cu	src/cu/transpiler/codegen/target_rulesets.cu	moves	language
src	src/engine/compiler/codegen/vhdl_target.cu	src/cu/transpiler/codegen/vhdl_target.cu	moves	language
src	src/engine/compiler/codegen/vhdl_target.h	src/cu/transpiler/codegen/vhdl_target.h	moves	language
src	src/engine/compiler/codegen/yosys_script.cu	src/cu/transpiler/codegen/yosys_script.cu	moves	language
src	src/engine/compiler/codegen/yosys_script.h	src/cu/transpiler/codegen/yosys_script.h	moves	language
src	-	src/cu/transpiler/cubin/cubin_write.cu	to write	three trees
src	-	src/cu/transpiler/cubin/sass_assemble.cu	to write	three trees
src	-	src/cu/transpiler/emit/container_layout.cu	to write	three trees
src	-	src/cu/transpiler/emit/container_write.cu	to write	three trees
src	src/engine/quantum/qasm/qasm_device_kernels.cu	src/cu/transpiler/qasm/qasm.cu	moves	one name
src	src/engine/quantum/qasm/qasm_bitstring.cu	src/cu/transpiler/qasm/qasm_bitstring.cu	moves	language
src	-	src/cu/transpiler/qasm/qasm_chain_apply.cu	to write	three trees
src	-	src/cu/transpiler/qasm/qasm_chain_matrix.cu	to write	three trees
src	-	src/cu/transpiler/qasm/qasm_dense.cu	to write	three trees
src	src/engine/quantum/qasm/qasm_device_internal.h	src/cu/transpiler/qasm/qasm_device_internal.h	moves	language
src	-	src/cu/transpiler/qasm/qasm_exact.cu	to write	three trees
src	-	src/cu/transpiler/qasm/qasm_expression.cu	to write	three trees
src	-	src/cu/transpiler/qasm/qasm_field_number.cu	to write	three trees
src	-	src/cu/transpiler/qasm/qasm_field_rational.cu	to write	three trees
src	-	src/cu/transpiler/qasm/qasm_gates.cu	to write	three trees
src	-	src/cu/transpiler/qasm/qasm_lens_hash.cu	to write	three trees
src	-	src/cu/transpiler/qasm/qasm_lens_rank.cu	to write	three trees
src	-	src/cu/transpiler/qasm/qasm_lexer.cu	to write	three trees
src	src/engine/quantum/qasm/qasm_device_program.cu	src/cu/transpiler/qasm/qasm_program.cu	moves	one name
src	-	src/cu/transpiler/qasm/qasm_read.cu	to write	three trees
src	src/engine/quantum/qasm/qasm_device_run.cu	src/cu/transpiler/qasm/qasm_run.cu	moves	one name
src	src/engine/quantum/qasm/qasm_self_internal.h	src/cu/transpiler/qasm/qasm_self_internal.h	moves	language
src	src/engine/quantum/qasm/qasm_self_program.cu	src/cu/transpiler/qasm/qasm_self_program.cu	moves	language
src	src/engine/quantum/qasm/qasm_self_run.cu	src/cu/transpiler/qasm/qasm_self_run.cu	moves	language
src	-	src/cu/transpiler/qasm/qasm_statements.cu	to write	three trees
src	-	src/cu/transpiler/qasm/qasm_symbolic_function.cu	to write	three trees
src	-	src/cu/transpiler/qasm/qasm_symbolic_polynomial.cu	to write	three trees
src	-	src/cu/transpiler/qasm/qasm_trig.cu	to write	three trees
src	-	src/cu/types/file_defs/kdm/kdm_write.cu	to write	three trees
src	src/engine/formats/krep/krep_internal.h	src/cu/types/file_defs/krep/krep_internal.h	moves	language
src	src/engine/formats/krep/krep_io.cu	src/cu/types/file_defs/krep/krep_io.cu	moves	language
src	src/engine/formats/krep/krep_sections.cu	src/cu/types/file_defs/krep/krep_sections.cu	moves	language
src	src/engine/compiler/codegen/ruleset_core.h	src/cu/types/file_defs/krs/ruleset_core.h	moves	language
src	src/engine/compiler/codegen/ruleset_core_read.h	src/cu/types/file_defs/krs/ruleset_core_read.h	moves	language
src	src/engine/compiler/codegen/ruleset_core_scratch.h	src/cu/types/file_defs/krs/ruleset_core_scratch.h	moves	language
src	src/engine/compiler/codegen/ruleset_core_words.h	src/cu/types/file_defs/krs/ruleset_core_words.h	moves	language
src	src/engine/compiler/codegen/ruleset_flat.cu	src/cu/types/file_defs/krs/ruleset_flat.cu	moves	language
src	src/engine/compiler/codegen/ruleset_flat.h	src/cu/types/file_defs/krs/ruleset_flat.h	moves	language
src	-	src/cu/types/file_defs/krs/sass_machine.cu	to write	three trees
src	-	src/cu/types/file_defs/ksc/interface_sass_probe_class.cu	to write	three trees
src	-	src/cu/types/integerfloats/decimal_double/decimal_double.cu	to write	three trees
src	-	src/cu/types/integerfloats/double_fields/double_fields.cu	to write	three trees
src	src/engine/arithmetic/no_rounding/arm_cuda.cu	src/cu/types/integers/arm.cu	moves	one name
src	-	src/cu/types/integers/constants/naturals.cu	to write	three trees
src	-	src/cu/types/integers/exact.cu	to write	three trees
src	-	src/cu/types/integers/exact_integer_add.cu	to write	three trees
src	-	src/cu/types/integers/exact_integer_decimal.cu	to write	three trees
src	-	src/cu/types/integers/exact_integer_divide.cu	to write	three trees
src	-	src/cu/types/integers/exact_integer_gcd.cu	to write	three trees
src	-	src/cu/types/integers/exact_integer_hash.cu	to write	three trees
src	-	src/cu/types/integers/exact_integer_limbs.cu	to write	three trees
src	-	src/cu/types/integers/exact_integer_multiply.cu	to write	three trees
src	src/engine_plan.md	src/engine_plan.md	stays	serves every container
src	src/engine/manifest.tsv	src/manifest.tsv	moves	serves every container
src	src/engine/python/README.md	src/python/README.md	moves	language
src	-	src/python/engine/analysis/compression/compression.py	to write	three trees
src	-	src/python/engine/analysis/cycle/cycle.py	to write	three trees
src	-	src/python/engine/analysis/cycle/cycle_compile.py	to write	three trees
src	-	src/python/engine/analysis/cycle/cycle_compile_cache.py	to write	three trees
src	-	src/python/engine/analysis/cycle/cycle_compile_route.py	to write	three trees
src	-	src/python/engine/analysis/cycle/cycle_compile_toolchain.py	to write	three trees
src	-	src/python/engine/analysis/cycle/cycle_launch.py	to write	three trees
src	-	src/python/engine/analysis/cycle/cycle_prelude.py	to write	three trees
src	-	src/python/engine/analysis/cycle/cycle_record.py	to write	three trees
src	-	src/python/engine/analysis/cycle/cycle_record_launch.py	to write	three trees
src	-	src/python/engine/analysis/cycle/cycle_sweep.py	to write	three trees
src	-	src/python/engine/analysis/entropy_history/entropy_history.py	to write	three trees
src	-	src/python/engine/analysis/golden_bands/golden_bands.py	to write	three trees
src	-	src/python/engine/analysis/key_schedule/key_schedule.py	to write	three trees
src	-	src/python/engine/analysis/keymath/keymath.py	to write	three trees
src	src/engine/python/measure/README.md	src/python/engine/analysis/measure/README.md	moves	language
src	src/engine/python/measure/__init__.py	src/python/engine/analysis/measure/__init__.py	moves	language
src	src/engine/python/measure/block_entropy.py	src/python/engine/analysis/measure/block_entropy.py	moves	language
src	src/engine/python/measure/clustering.py	src/python/engine/analysis/measure/clustering.py	moves	language
src	src/engine/python/measure/dispersion.py	src/python/engine/analysis/measure/dispersion.py	moves	language
src	src/engine/python/measure/entropy.py	src/python/engine/analysis/measure/entropy.py	moves	language
src	src/engine/python/measure/graph_realizable.py	src/python/engine/analysis/measure/graph_realizable.py	moves	language
src	src/engine/python/measure/invariance.py	src/python/engine/analysis/measure/invariance.py	moves	language
src	src/engine/python/measure/local_outlier.py	src/python/engine/analysis/measure/local_outlier.py	moves	language
src	src/engine/python/measure/match_rate.py	src/python/engine/analysis/measure/match_rate.py	moves	language
src	src/engine/python/measure/outcome_entropy.py	src/python/engine/analysis/measure/outcome_entropy.py	moves	language
src	src/engine/python/measure/period.py	src/python/engine/analysis/measure/period.py	moves	language
src	src/engine/python/measure/periodic_energy.py	src/python/engine/analysis/measure/periodic_energy.py	moves	language
src	src/engine/python/measure/periodicity.py	src/python/engine/analysis/measure/periodicity.py	moves	language
src	src/engine/python/measure/point_cloud.py	src/python/engine/analysis/measure/point_cloud.py	moves	language
src	src/engine/python/measure/sequence_match.py	src/python/engine/analysis/measure/sequence_match.py	moves	language
src	src/engine/python/measure/shift_agreement.py	src/python/engine/analysis/measure/shift_agreement.py	moves	language
src	src/engine/python/measure/spectral.py	src/python/engine/analysis/measure/spectral.py	moves	language
src	src/engine/python/measure/stays.py	src/python/engine/analysis/measure/stays.py	moves	language
src	src/engine/python/measure/vocabulary.py	src/python/engine/analysis/measure/vocabulary.py	moves	language
src	src/engine/python/measure/web.py	src/python/engine/analysis/measure/web.py	moves	language
src	src/engine/python/measure/word_lengths.py	src/python/engine/analysis/measure/word_lengths.py	moves	language
src	-	src/python/engine/analysis/noise_detector/noise_detector_clips.py	to write	three trees
src	-	src/python/engine/analysis/noise_detector/noise_detector_crosstalk.py	to write	three trees
src	-	src/python/engine/analysis/noise_detector/noise_detector_flicker.py	to write	three trees
src	-	src/python/engine/analysis/noise_detector/noise_detector_halves.py	to write	three trees
src	-	src/python/engine/analysis/noise_detector/noise_detector_ladder.py	to write	three trees
src	-	src/python/engine/analysis/noise_detector/noise_detector_lines.py	to write	three trees
src	-	src/python/engine/analysis/noise_detector/noise_detector_lines_summary.py	to write	three trees
src	-	src/python/engine/analysis/noise_detector/noise_detector_moments.py	to write	three trees
src	-	src/python/engine/analysis/noise_detector/noise_detector_neighbors.py	to write	three trees
src	-	src/python/engine/analysis/noise_detector/noise_detector_pixels.py	to write	three trees
src	-	src/python/engine/analysis/noise_detector/noise_detector_root.py	to write	three trees
src	-	src/python/engine/analysis/noise_detector/noise_detector_structure.py	to write	three trees
src	src/engine/python/partition/README.md	src/python/engine/analysis/partition/README.md	moves	language
src	src/engine/python/partition/__init__.py	src/python/engine/analysis/partition/__init__.py	moves	language
src	src/engine/python/partition/coarsen.py	src/python/engine/analysis/partition/coarsen.py	moves	language
src	src/engine/python/partition/curves.py	src/python/engine/analysis/partition/curves.py	moves	language
src	src/engine/python/partition/dimension_count.py	src/python/engine/analysis/partition/dimension_count.py	moves	language
src	-	src/python/engine/analysis/period/period_measure.py	to write	three trees
src	-	src/python/engine/analysis/period/period_select.py	to write	three trees
src	src/engine/python/reference/README.md	src/python/engine/analysis/reference/README.md	moves	language
src	src/engine/python/reference/__init__.py	src/python/engine/analysis/reference/__init__.py	moves	language
src	src/engine/python/reference/atom.py	src/python/engine/analysis/reference/atom.py	moves	language
src	src/engine/python/reference/bitfield.py	src/python/engine/analysis/reference/bitfield.py	moves	language
src	src/engine/python/reference/ciphers.py	src/python/engine/analysis/reference/ciphers.py	moves	language
src	src/engine/python/reference/exact_ratio.py	src/python/engine/analysis/reference/exact_ratio.py	moves	language
src	src/engine/python/reference/fields.py	src/python/engine/analysis/reference/fields.py	moves	language
src	src/engine/python/reference/periodic.py	src/python/engine/analysis/reference/periodic.py	moves	language
src	src/engine/python/reference/self_similar.py	src/python/engine/analysis/reference/self_similar.py	moves	language
src	src/engine/python/reference/shuffles.py	src/python/engine/analysis/reference/shuffles.py	moves	language
src	src/engine/python/reference/unselected.py	src/python/engine/analysis/reference/unselected.py	moves	language
src	src/engine/python/reference/windowed.py	src/python/engine/analysis/reference/windowed.py	moves	language
src	-	src/python/engine/analysis/residual/residual.py	to write	three trees
src	-	src/python/engine/analysis/residual_survey/residual_survey.py	to write	three trees
src	-	src/python/engine/analysis/shift_agreement/shift_agreement.py	to write	three trees
src	-	src/python/engine/analysis/shift_agreement/shift_agreement_run.py	to write	three trees
src	-	src/python/engine/analysis/tower/tower.py	to write	three trees
src	-	src/python/engine/analysis/tower/tower_record.py	to write	three trees
src	-	src/python/engine/analysis/tower/tower_run.py	to write	three trees
src	-	src/python/engine/analysis/unit_sweep/unit_sweep.py	to write	three trees
src	-	src/python/engine/engine_files.py	to write	three trees
src	-	src/python/engine/engine_history.py	to write	three trees
src	-	src/python/engine/engine_listing.py	to write	three trees
src	-	src/python/engine/engine_record.py	to write	three trees
src	-	src/python/engine/engine_report.py	to write	three trees
src	-	src/python/engine/engine_residual.py	to write	three trees
src	-	src/python/engine/engine_seal.py	to write	three trees
src	-	src/python/engine/engine_source.py	to write	three trees
src	-	src/python/engine/engine_zarr.py	to write	three trees
src	-	src/python/engine/nbody/orior/orior_core.py	to write	three trees
src	-	src/python/engine/nbody/orior/orior_field.py	to write	three trees
src	-	src/python/engine/nbody/orior/orior_steer.py	to write	three trees
src	-	src/python/engine/nbody/orior/orior_steer_count.py	to write	three trees
src	-	src/python/engine/nbody/orior/orior_steer_plan.py	to write	three trees
src	src/engine/python/instrument/orior.py	src/python/engine/nbody/orior/instrument/orior.py	moves	language
src	src/engine/python/instrument/corpus_gate.py	src/python/engine/nbody/orior/instrument/corpus_gate.py	moves	language
src	src/engine/python/instrument/english_sift.py	src/python/engine/nbody/orior/instrument/english_sift.py	moves	language
src	-	src/python/engine/nbody/orior/scan.py	to write	three trees
src	src/engine/python/sift/README.md	src/python/engine/nbody/orior/sift/README.md	moves	language
src	src/engine/python/sift/__init__.py	src/python/engine/nbody/orior/sift/__init__.py	moves	language
src	src/engine/python/sift/anchors.py	src/python/engine/nbody/orior/sift/anchors.py	moves	language
src	src/engine/python/sift/bloom.py	src/python/engine/nbody/orior/sift/bloom.py	moves	language
src	src/engine/python/sift/hamming.py	src/python/engine/nbody/orior/sift/hamming.py	moves	language
src	src/engine/python/sift/invariant_consensus.py	src/python/engine/nbody/orior/sift/invariant_consensus.py	moves	language
src	-	src/python/engine/nbody/body_overlap/body_overlap.py	to write	three trees
src	-	src/python/engine/nbody/box_history/box_history.py	to write	three trees
src	-	src/python/engine/nbody/climb_machine/climb_machine_box.py	to write	three trees
src	-	src/python/engine/nbody/climb_machine/climb_machine_core.py	to write	three trees
src	-	src/python/engine/nbody/climb_machine/climb_machine_extent.py	to write	three trees
src	-	src/python/engine/nbody/climb_machine/climb_machine_land.py	to write	three trees
src	-	src/python/engine/nbody/climb_machine/climb_machine_open.py	to write	three trees
src	-	src/python/engine/nbody/climb_machine/climb_machine_run.py	to write	three trees
src	-	src/python/engine/nbody/climb_machine/climb_machine_score.py	to write	three trees
src	-	src/python/engine/nbody/contact_side/contact_side.py	to write	three trees
src	-	src/python/engine/nbody/division/division.py	to write	three trees
src	-	src/python/engine/nbody/fingerprint/fingerprint.py	to write	three trees
src	-	src/python/engine/nbody/flatten/flatten.py	to write	three trees
src	-	src/python/engine/nbody/grow/grow.py	to write	three trees
src	-	src/python/engine/nbody/heaviest_matching/heaviest_matching.py	to write	three trees
src	-	src/python/engine/nbody/marginal/marginal.py	to write	three trees
src	-	src/python/engine/nbody/max_tree/max_tree_build.py	to write	three trees
src	-	src/python/engine/nbody/max_tree/max_tree_code.py	to write	three trees
src	-	src/python/engine/nbody/max_tree/max_tree_contract.py	to write	three trees
src	-	src/python/engine/nbody/max_tree/max_tree_device_overlap.py	to write	three trees
src	-	src/python/engine/nbody/max_tree/max_tree_device_overlap_kernels.py	to write	three trees
src	-	src/python/engine/nbody/max_tree/max_tree_grade.py	to write	three trees
src	-	src/python/engine/nbody/max_tree/max_tree_label.py	to write	three trees
src	-	src/python/engine/nbody/max_tree/max_tree_nodes.py	to write	three trees
src	-	src/python/engine/nbody/max_tree/max_tree_objects.py	to write	three trees
src	-	src/python/engine/nbody/max_tree/max_tree_pack.py	to write	three trees
src	-	src/python/engine/nbody/max_tree/max_tree_pairs.py	to write	three trees
src	-	src/python/engine/nbody/max_tree/max_tree_select.py	to write	three trees
src	-	src/python/engine/nbody/max_tree/max_tree_slide.py	to write	three trees
src	-	src/python/engine/nbody/print_pair/print_pair.py	to write	three trees
src	-	src/python/engine/nbody/velocity/velocity.py	to write	three trees
src	src/engine/python/render/__init__.py	src/python/engine/render/__init__.py	moves	language
src	-	src/python/engine/render/anchor_raster.py	to write	three trees
src	-	src/python/engine/render/anchor_raster_output.py	to write	three trees
src	src/engine/python/render/host.py	src/python/engine/render/host.py	moves	language
src	src/engine/python/render/native.py	src/python/engine/render/native.py	moves	language
src	-	src/python/engine/render/raster.py	to write	three trees
src	-	src/python/engine/render/raster_entry.py	to write	three trees
src	-	src/python/engine/runtime/daemon/tessera.py	to write	three trees
src	-	src/python/engine/runtime/daemon/tessera_client_jobs.py	to write	three trees
src	-	src/python/engine/runtime/daemon/tessera_client_socket.py	to write	three trees
src	-	src/python/engine/runtime/daemon/tessera_daemon_admission.py	to write	three trees
src	-	src/python/engine/runtime/daemon/tessera_daemon_main.py	to write	three trees
src	-	src/python/engine/runtime/daemon/tessera_daemon_peers.py	to write	three trees
src	-	src/python/engine/runtime/daemon/tessera_daemon_state.py	to write	three trees
src	-	src/python/engine/runtime/daemon/tessera_frame.py	to write	three trees
src	-	src/python/engine/runtime/daemon/tessera_ledger.py	to write	three trees
src	-	src/python/engine/runtime/daemon/tessera_measure.py	to write	three trees
src	-	src/python/engine/runtime/daemon/tessera_paths.py	to write	three trees
src	-	src/python/engine/runtime/daemon/tessera_run_child.py	to write	three trees
src	-	src/python/engine/runtime/daemon/tessera_run_common.py	to write	three trees
src	-	src/python/engine/runtime/daemon/tessera_run_main.py	to write	three trees
src	-	src/python/engine/runtime/daemon/tessera_run_posix.py	to write	three trees
src	-	src/python/engine/runtime/daemon/tessera_run_windows.py	to write	three trees
src	-	src/python/engine/runtime/daemon/tessera_self.py	to write	three trees
src	-	src/python/engine/runtime/device_pool/device_pool.py	to write	three trees
src	-	src/python/engine/runtime/obsignatio/obsignatio_hash.py	to write	three trees
src	-	src/python/engine/runtime/obsignatio/obsignatio_seal.py	to write	three trees
src	-	src/python/engine/runtime/schedule/schedule.py	to write	three trees
src	-	src/python/engine/runtime/scriptura/scriptura.py	to write	three trees
src	-	src/python/engine/runtime/scriptura/scriptura_arm.py	to write	three trees
src	-	src/python/includes/codecs/blosc/blosc.py	to write	three trees
src	-	src/python/includes/codecs/deflate/deflate_blocks.py	to write	three trees
src	-	src/python/includes/codecs/deflate/deflate_tokens.py	to write	three trees
src	-	src/python/includes/codecs/inflate/inflate_blocks.py	to write	three trees
src	-	src/python/includes/codecs/inflate/inflate_huffman.py	to write	three trees
src	-	src/python/includes/codecs/lz4/lz4.py	to write	three trees
src	-	src/python/includes/codecs/snappy/snappy.py	to write	three trees
src	-	src/python/includes/codecs/zip/zip_archive.py	to write	three trees
src	-	src/python/includes/codecs/zip/zip_index.py	to write	three trees
src	-	src/python/includes/codecs/zstd/zstd_bits.py	to write	three trees
src	-	src/python/includes/codecs/zstd/zstd_frame.py	to write	three trees
src	-	src/python/includes/codecs/zstd/zstd_literals.py	to write	three trees
src	-	src/python/includes/formats/cfg_json/cfg_json.py	to write	three trees
src	-	src/python/includes/formats/dicom/dicom_decimal.py	to write	three trees
src	-	src/python/includes/formats/dicom/dicom_element.py	to write	three trees
src	-	src/python/includes/formats/dicom/dicom_parse.py	to write	three trees
src	-	src/python/includes/formats/dicom/dicom_read.py	to write	three trees
src	-	src/python/includes/formats/hdf5/hdf5_chunks.py	to write	three trees
src	-	src/python/includes/formats/hdf5/hdf5_header.py	to write	three trees
src	-	src/python/includes/formats/hdf5/hdf5_heap.py	to write	three trees
src	-	src/python/includes/formats/hdf5/hdf5_io.py	to write	three trees
src	-	src/python/includes/formats/hdf5/hdf5_locate.py	to write	three trees
src	-	src/python/includes/formats/hdf5/hdf5_object.py	to write	three trees
src	-	src/python/includes/formats/hdf5/hdf5_read.py	to write	three trees
src	-	src/python/includes/formats/nifti/nifti.py	to write	three trees
src	-	src/python/includes/formats/npy/npy_header.py	to write	three trees
src	-	src/python/includes/formats/npy/npy_read.py	to write	three trees
src	-	src/python/includes/formats/nrrd/nrrd_header.py	to write	three trees
src	-	src/python/includes/formats/nrrd/nrrd_read.py	to write	three trees
src	src/engine/python/representation/README.md	src/python/includes/formats/representation/README.md	moves	language
src	src/engine/python/representation/__init__.py	src/python/includes/formats/representation/__init__.py	moves	language
src	src/engine/python/representation/atom/__init__.py	src/python/includes/formats/representation/atom/__init__.py	moves	language
src	src/engine/python/representation/atom/element.py	src/python/includes/formats/representation/atom/element.py	moves	language
src	src/engine/python/representation/bit_volume.py	src/python/includes/formats/representation/bit_volume.py	moves	language
src	src/engine/python/representation/game/__init__.py	src/python/includes/formats/representation/game/__init__.py	moves	language
src	src/engine/python/representation/game/blackjack.py	src/python/includes/formats/representation/game/blackjack.py	moves	language
src	src/engine/python/representation/game/board.py	src/python/includes/formats/representation/game/board.py	moves	language
src	src/engine/python/representation/game/checkers.py	src/python/includes/formats/representation/game/checkers.py	moves	language
src	src/engine/python/representation/game/chess.py	src/python/includes/formats/representation/game/chess.py	moves	language
src	src/engine/python/representation/game/combinatorial.py	src/python/includes/formats/representation/game/combinatorial.py	moves	language
src	src/engine/python/representation/game/poker.py	src/python/includes/formats/representation/game/poker.py	moves	language
src	src/engine/python/representation/game/rules.py	src/python/includes/formats/representation/game/rules.py	moves	language
src	src/engine/python/representation/levels.py	src/python/includes/formats/representation/levels.py	moves	language
src	src/engine/python/representation/particle/__init__.py	src/python/includes/formats/representation/particle/__init__.py	moves	language
src	src/engine/python/representation/particle/standard_model.py	src/python/includes/formats/representation/particle/standard_model.py	moves	language
src	src/engine/python/representation/picture/__init__.py	src/python/includes/formats/representation/picture/__init__.py	moves	language
src	src/engine/python/representation/picture/raster.py	src/python/includes/formats/representation/picture/raster.py	moves	language
src	src/engine/python/representation/seating.py	src/python/includes/formats/representation/seating.py	moves	language
src	src/engine/python/representation/sound/__init__.py	src/python/includes/formats/representation/sound/__init__.py	moves	language
src	src/engine/python/representation/sound/envelope.py	src/python/includes/formats/representation/sound/envelope.py	moves	language
src	src/engine/python/representation/sound/perceived_sound.py	src/python/includes/formats/representation/sound/perceived_sound.py	moves	language
src	src/engine/python/representation/structure/__init__.py	src/python/includes/formats/representation/structure/__init__.py	moves	language
src	src/engine/python/representation/structure/crystal.py	src/python/includes/formats/representation/structure/crystal.py	moves	language
src	src/engine/python/representation/structure/protein.py	src/python/includes/formats/representation/structure/protein.py	moves	language
src	src/engine/python/representation/structure/symmetry.py	src/python/includes/formats/representation/structure/symmetry.py	moves	language
src	src/engine/python/representation/text/__init__.py	src/python/includes/formats/representation/text/__init__.py	moves	language
src	src/engine/python/representation/text/case.py	src/python/includes/formats/representation/text/case.py	moves	language
src	src/engine/python/representation/text/clusters.py	src/python/includes/formats/representation/text/clusters.py	moves	language
src	src/engine/python/representation/text/corpus.py	src/python/includes/formats/representation/text/corpus.py	moves	language
src	src/engine/python/representation/text/indic.py	src/python/includes/formats/representation/text/indic.py	moves	language
src	src/engine/python/representation/text/marks.py	src/python/includes/formats/representation/text/marks.py	moves	language
src	src/engine/python/representation/text/shared_alphabet.py	src/python/includes/formats/representation/text/shared_alphabet.py	moves	language
src	src/engine/python/representation/text/symbols.py	src/python/includes/formats/representation/text/symbols.py	moves	language
src	src/engine/python/representation/text/treebank.py	src/python/includes/formats/representation/text/treebank.py	moves	language
src	-	src/python/includes/formats/stack/stack.py	to write	three trees
src	-	src/python/includes/formats/tiff/tiff_io.py	to write	three trees
src	-	src/python/includes/formats/tiff/tiff_metadata.py	to write	three trees
src	-	src/python/includes/formats/tiff/tiff_page.py	to write	three trees
src	-	src/python/includes/formats/tiff/tiff_read.py	to write	three trees
src	-	src/python/includes/formats/zarr/zarr_chunks.py	to write	three trees
src	-	src/python/includes/formats/zarr/zarr_read.py	to write	three trees
src	src/engine/python/oracle/README.md	src/python/includes/oracle/README.md	moves	language
src	src/engine/python/oracle/__init__.py	src/python/includes/oracle/__init__.py	moves	language
src	src/engine/python/oracle/language/__init__.py	src/python/includes/oracle/language/__init__.py	moves	language
src	src/engine/python/oracle/language/families.py	src/python/includes/oracle/language/families.py	moves	language
src	src/engine/python/oracle/language/glosses.py	src/python/includes/oracle/language/glosses.py	moves	language
src	src/engine/python/oracle/language/typology.py	src/python/includes/oracle/language/typology.py	moves	language
src	-	src/python/transpiler/bootstrap/ask_order.py	to write	three trees
src	-	src/python/transpiler/bootstrap/chain_build.py	to write	three trees
src	-	src/python/transpiler/bootstrap/query_ask.py	to write	three trees
src	-	src/python/transpiler/bootstrap/query_interface.py	to write	three trees
src	-	src/python/transpiler/bootstrap/query_order.py	to write	three trees
src	-	src/python/transpiler/bootstrap/query_walk.py	to write	three trees
src	-	src/python/transpiler/bootstrap/stem_group.py	to write	three trees
src	-	src/python/transpiler/interface/cell.py	to write	three trees
src	-	src/python/transpiler/interface/interface_names.py	to write	three trees
src	-	src/python/transpiler/codegen/asm_printer_layout.py	to write	three trees
src	-	src/python/transpiler/codegen/asm_printer_program.py	to write	three trees
src	-	src/python/transpiler/codegen/c_target.py	to write	three trees
src	-	src/python/transpiler/codegen/code_generator.py	to write	three trees
src	-	src/python/transpiler/codegen/code_generator_entries.py	to write	three trees
src	-	src/python/transpiler/codegen/codegen.py	to write	three trees
src	-	src/python/transpiler/codegen/codegen_lowering.py	to write	three trees
src	-	src/python/transpiler/codegen/codegen_output.py	to write	three trees
src	-	src/python/transpiler/codegen/codegen_reader.py	to write	three trees
src	-	src/python/transpiler/codegen/codegen_rules.py	to write	three trees
src	-	src/python/transpiler/codegen/ptx_target.py	to write	three trees
src	-	src/python/transpiler/codegen/sass_target.py	to write	three trees
src	-	src/python/transpiler/codegen/target_parse.py	to write	three trees
src	-	src/python/transpiler/codegen/target_rulesets.py	to write	three trees
src	-	src/python/transpiler/codegen/vhdl_target.py	to write	three trees
src	-	src/python/transpiler/codegen/yosys_script.py	to write	three trees
src	-	src/python/transpiler/cubin/cubin_write.py	to write	three trees
src	-	src/python/transpiler/cubin/sass_assemble.py	to write	three trees
src	-	src/python/transpiler/emit/container_layout.py	to write	three trees
src	-	src/python/transpiler/emit/container_write.py	to write	three trees
src	-	src/python/transpiler/qasm/qasm.py	to write	three trees
src	-	src/python/transpiler/qasm/qasm_bitstring.py	to write	three trees
src	-	src/python/transpiler/qasm/qasm_chain_apply.py	to write	three trees
src	-	src/python/transpiler/qasm/qasm_chain_matrix.py	to write	three trees
src	-	src/python/transpiler/qasm/qasm_dense.py	to write	three trees
src	-	src/python/transpiler/qasm/qasm_exact.py	to write	three trees
src	-	src/python/transpiler/qasm/qasm_expression.py	to write	three trees
src	-	src/python/transpiler/qasm/qasm_field_number.py	to write	three trees
src	-	src/python/transpiler/qasm/qasm_field_rational.py	to write	three trees
src	-	src/python/transpiler/qasm/qasm_gates.py	to write	three trees
src	-	src/python/transpiler/qasm/qasm_lens_hash.py	to write	three trees
src	-	src/python/transpiler/qasm/qasm_lens_rank.py	to write	three trees
src	-	src/python/transpiler/qasm/qasm_lexer.py	to write	three trees
src	-	src/python/transpiler/qasm/qasm_program.py	to write	three trees
src	-	src/python/transpiler/qasm/qasm_read.py	to write	three trees
src	-	src/python/transpiler/qasm/qasm_run.py	to write	three trees
src	-	src/python/transpiler/qasm/qasm_self_program.py	to write	three trees
src	-	src/python/transpiler/qasm/qasm_self_run.py	to write	three trees
src	-	src/python/transpiler/qasm/qasm_statements.py	to write	three trees
src	-	src/python/transpiler/qasm/qasm_symbolic_function.py	to write	three trees
src	-	src/python/transpiler/qasm/qasm_symbolic_polynomial.py	to write	three trees
src	-	src/python/transpiler/qasm/qasm_trig.py	to write	three trees
src	-	src/python/types/file_defs/kdm/kdm_write.py	to write	three trees
src	-	src/python/types/file_defs/krep/krep_io.py	to write	three trees
src	-	src/python/types/file_defs/krep/krep_sections.py	to write	three trees
src	-	src/python/types/file_defs/krs/ruleset_flat.py	to write	three trees
src	-	src/python/types/file_defs/krs/sass_machine.py	to write	three trees
src	-	src/python/types/file_defs/ksc/interface_sass_probe_class.py	to write	three trees
src	-	src/python/types/integerfloats/decimal_double/decimal_double.py	to write	three trees
src	-	src/python/types/integerfloats/double_fields/double_fields.py	to write	three trees
src	-	src/python/types/integers/arm.py	to write	three trees
src	src/engine/python/representation/constants/README.md	src/python/types/integers/constants/README.md	moves	language
src	src/engine/python/representation/constants/__init__.py	src/python/types/integers/constants/__init__.py	moves	language
src	src/engine/python/representation/constants/naturals.py	src/python/types/integers/constants/naturals.py	moves	language
src	src/engine/python/representation/exact.py	src/python/types/integers/exact.py	moves	language
src	-	src/python/types/integers/exact_integer_add.py	to write	three trees
src	-	src/python/types/integers/exact_integer_decimal.py	to write	three trees
src	-	src/python/types/integers/exact_integer_divide.py	to write	three trees
src	-	src/python/types/integers/exact_integer_gcd.py	to write	three trees
src	-	src/python/types/integers/exact_integer_hash.py	to write	three trees
src	-	src/python/types/integers/exact_integer_limbs.py	to write	three trees
src	-	src/python/types/integers/exact_integer_multiply.py	to write	three trees
test	utils/test/__init__.py	utils/test/__init__.py	stays	runs the test tree
test	examples/cell_tracking/test/check_test.c	utils/test/examples/c/cell_tracking/check_test.c	moves	language
test	examples/cell_tracking/test/check_test.sh	utils/test/examples/c/cell_tracking/check_test.sh	moves	beside the code it runs
test	examples/cell_tracking/test/faces_test.cu	utils/test/examples/cu/cell_tracking/faces_test.cu	moves	language
test	examples/cell_tracking/test/faces_test.sh	utils/test/examples/cu/cell_tracking/faces_test.sh	moves	beside the code it runs
test	examples/cell_tracking/test/hessian_test.cu	utils/test/examples/cu/cell_tracking/hessian_test.cu	moves	language
test	examples/cell_tracking/test/hessian_test.sh	utils/test/examples/cu/cell_tracking/hessian_test.sh	moves	beside the code it runs
test	examples/cell_tracking/test/output_test.cu	utils/test/examples/cu/cell_tracking/output_test.cu	moves	language
test	examples/cell_tracking/test/output_test.sh	utils/test/examples/cu/cell_tracking/output_test.sh	moves	beside the code it runs
test	examples/cell_tracking/test/peaks_test.cu	utils/test/examples/cu/cell_tracking/peaks_test.cu	moves	language
test	examples/cell_tracking/test/peaks_test.sh	utils/test/examples/cu/cell_tracking/peaks_test.sh	moves	beside the code it runs
test	examples/cell_tracking/test/score_metric_test.py	utils/test/examples/python/cell_tracking/score_metric_test.py	moves	language
test	examples/cell_tracking/test/sort_test.cu	utils/test/examples/cu/cell_tracking/sort_test.cu	moves	language
test	examples/cell_tracking/test/sort_test.sh	utils/test/examples/cu/cell_tracking/sort_test.sh	moves	beside the code it runs
test	utils/test/harness.py	utils/test/harness.py	stays	runs the test tree
test	utils/test/maint/test_strip_comments.py	utils/test/maint/test_strip_comments.py	stays	runs the test tree
test	-	utils/test/src/c/engine/analysis/compression/compression_test.c	to write	a test for each module
test	-	utils/test/src/c/engine/analysis/cycle/record_bitwise_test_lifting.c	to write	three trees
test	-	utils/test/src/c/engine/analysis/cycle/record_bitwise_test_oracle.c	to write	three trees
test	-	utils/test/src/c/engine/analysis/cycle/record_bitwise_test_prove.c	to write	three trees
test	-	utils/test/src/c/engine/analysis/cycle/record_boundary_test_codes.c	to write	three trees
test	-	utils/test/src/c/engine/analysis/cycle/record_boundary_test_floors.c	to write	three trees
test	-	utils/test/src/c/engine/analysis/cycle/record_boundary_test_identity.c	to write	three trees
test	-	utils/test/src/c/engine/analysis/cycle/record_boundary_test_main.c	to write	three trees
test	-	utils/test/src/c/engine/analysis/cycle/record_boundary_test_run.c	to write	three trees
test	-	utils/test/src/c/engine/analysis/cycle/record_boundary_test_transform.c	to write	three trees
test	-	utils/test/src/c/engine/analysis/cycle/record_c_test.c	to write	three trees
test	-	utils/test/src/c/engine/analysis/cycle/record_coherence_test_inverse.c	to write	three trees
test	-	utils/test/src/c/engine/analysis/cycle/record_coherence_test_programs.c	to write	three trees
test	-	utils/test/src/c/engine/analysis/cycle/record_coherence_test_residue.c	to write	three trees
test	-	utils/test/src/c/engine/analysis/cycle/record_divide_test_main.c	to write	three trees
test	-	utils/test/src/c/engine/analysis/cycle/record_divide_test_run.c	to write	three trees
test	-	utils/test/src/c/engine/analysis/cycle/record_gaussian_test_inverse.c	to write	three trees
test	-	utils/test/src/c/engine/analysis/cycle/record_gaussian_test_main.c	to write	three trees
test	-	utils/test/src/c/engine/analysis/cycle/record_guide_test.c	to write	three trees
test	-	utils/test/src/c/engine/analysis/cycle/record_lane_test_enumerate.c	to write	three trees
test	-	utils/test/src/c/engine/analysis/cycle/record_lane_test_run.c	to write	three trees
test	-	utils/test/src/c/engine/analysis/cycle/record_order_test_floors.c	to write	three trees
test	-	utils/test/src/c/engine/analysis/cycle/record_order_test_omega.c	to write	three trees
test	utils/test/engine/compiler/cycle/record_programs.h	utils/test/src/c/engine/analysis/cycle/record_programs.h	moves	language
test	-	utils/test/src/c/engine/analysis/cycle/record_speed_test.c	to write	three trees
test	-	utils/test/src/c/engine/analysis/cycle/record_table_test_compose.c	to write	three trees
test	-	utils/test/src/c/engine/analysis/cycle/record_table_test_run.c	to write	three trees
test	utils/test/engine/compiler/cycle/record_host_test.c	utils/test/src/c/engine/analysis/cycle/record_test.c	moves	one name
test	utils/test/engine/compiler/cycle/record_host_test.sh	utils/test/src/c/engine/analysis/cycle/record_test.sh	moves	one name
test	-	utils/test/src/c/engine/analysis/cycle/record_tower_test_oracle.c	to write	three trees
test	-	utils/test/src/c/engine/analysis/cycle/record_tower_test_ruleset.c	to write	three trees
test	-	utils/test/src/c/engine/analysis/cycle/record_vhdl_test.c	to write	three trees
test	-	utils/test/src/c/engine/analysis/entropy_history/entropy_history_test.c	to write	a test for each module
test	-	utils/test/src/c/engine/analysis/golden_bands/golden_bands_test.c	to write	a test for each module
test	-	utils/test/src/c/engine/analysis/key_schedule/key_schedule_test.c	to write	a test for each module
test	-	utils/test/src/c/engine/analysis/keymath/keymath_test.c	to write	a test for each module
test	-	utils/test/src/c/engine/analysis/measure/measure_test.c	to write	a test for each module
test	-	utils/test/src/c/engine/analysis/noise_detector/noise_detector_test.c	to write	a test for each module
test	-	utils/test/src/c/engine/analysis/partition/partition_test.c	to write	a test for each module
test	-	utils/test/src/c/engine/analysis/period/period_probe.c	to write	three trees
test	-	utils/test/src/c/engine/analysis/period/period_test.c	to write	three trees
test	-	utils/test/src/c/engine/analysis/period/period_test_main.c	to write	three trees
test	-	utils/test/src/c/engine/analysis/period/period_test_reference.c	to write	three trees
test	-	utils/test/src/c/engine/analysis/periodic_energy_probe.c	to write	three trees
test	-	utils/test/src/c/engine/analysis/periodic_energy_test.c	to write	three trees
test	-	utils/test/src/c/engine/analysis/reference/reference_test.c	to write	a test for each module
test	-	utils/test/src/c/engine/analysis/residual/residual_odd_test.c	to write	three trees
test	-	utils/test/src/c/engine/analysis/residual_survey/residual_survey_test.c	to write	a test for each module
test	-	utils/test/src/c/engine/analysis/shift_agreement/shift_agreement_hold_test.c	to write	three trees
test	-	utils/test/src/c/engine/analysis/shift_agreement/shift_agreement_test.c	to write	three trees
test	-	utils/test/src/c/engine/analysis/tower/tower_edge_test.c	to write	three trees
test	-	utils/test/src/c/engine/analysis/unit_sweep/unit_sweep_planes_test.c	to write	three trees
test	-	utils/test/src/c/engine/engine_test.c	to write	a test for each module
test	utils/test/python/orior_probe.def	utils/test/src/c/engine/nbody/orior/orior_probe.def	moves	beside the code that reads it
test	-	utils/test/src/c/engine/nbody/orior/instrument/instrument_test.c	to write	a test for each module
test	-	utils/test/src/c/engine/nbody/orior/sift/sift_test.c	to write	a test for each module
test	-	utils/test/src/c/engine/nbody/orior/sift_test.c	to write	three trees
test	utils/test/engine/nbody/orior/test_adversarial_cases.c	utils/test/src/c/engine/nbody/orior/test_adversarial_cases.c	moves	language
test	utils/test/engine/nbody/orior/test_adversarial_internal.h	utils/test/src/c/engine/nbody/orior/test_adversarial_internal.h	moves	language
test	utils/test/engine/nbody/orior/test_adversarial_joint.c	utils/test/src/c/engine/nbody/orior/test_adversarial_joint.c	moves	language
test	utils/test/engine/nbody/orior/test_adversarial_plans.c	utils/test/src/c/engine/nbody/orior/test_adversarial_plans.c	moves	language
test	utils/test/engine/nbody/orior/test_adversarial_projection.c	utils/test/src/c/engine/nbody/orior/test_adversarial_projection.c	moves	language
test	utils/test/engine/nbody/orior/test_o2_spawn.c	utils/test/src/c/engine/nbody/orior/test_o2_spawn.c	moves	language
test	utils/test/engine/nbody/orior/test_steer_checks.c	utils/test/src/c/engine/nbody/orior/test_steer_checks.c	moves	language
test	utils/test/engine/nbody/orior/test_steer_grading.c	utils/test/src/c/engine/nbody/orior/test_steer_grading.c	moves	language
test	utils/test/engine/nbody/orior/test_steer_internal.h	utils/test/src/c/engine/nbody/orior/test_steer_internal.h	moves	language
test	utils/test/engine/nbody/orior/test_steer_projection.c	utils/test/src/c/engine/nbody/orior/test_steer_projection.c	moves	language
test	-	utils/test/src/c/engine/nbody/body_overlap/body_overlap_test.c	to write	a test for each module
test	-	utils/test/src/c/engine/nbody/box_history/box_history_test.c	to write	a test for each module
test	-	utils/test/src/c/engine/nbody/climb_machine/climb_machine_test.c	to write	a test for each module
test	-	utils/test/src/c/engine/nbody/contact_side/contact_side_test.c	to write	a test for each module
test	-	utils/test/src/c/engine/nbody/division/division_test.c	to write	a test for each module
test	-	utils/test/src/c/engine/nbody/fingerprint/fingerprint_test.c	to write	a test for each module
test	-	utils/test/src/c/engine/nbody/flatten/flatten_test.c	to write	a test for each module
test	-	utils/test/src/c/engine/nbody/grow/grow_test.c	to write	a test for each module
test	-	utils/test/src/c/engine/nbody/heaviest_matching/heaviest_matching_test.c	to write	a test for each module
test	-	utils/test/src/c/engine/nbody/marginal/marginal_test.c	to write	a test for each module
test	utils/test/engine/nbody/max_tree/max_tree_levels_test_agree.c	utils/test/src/c/engine/nbody/max_tree/max_tree_levels_test_agree.c	moves	language
test	utils/test/engine/nbody/max_tree/max_tree_levels_test_draw.c	utils/test/src/c/engine/nbody/max_tree/max_tree_levels_test_draw.c	moves	language
test	utils/test/engine/nbody/max_tree/max_tree_levels_test_internal.h	utils/test/src/c/engine/nbody/max_tree/max_tree_levels_test_internal.h	moves	language
test	utils/test/engine/nbody/max_tree/run.sh	utils/test/src/c/engine/nbody/max_tree/run.sh	moves	beside the code that reads it
test	-	utils/test/src/c/engine/nbody/print_pair/print_pair_test.c	to write	a test for each module
test	-	utils/test/src/c/engine/nbody/velocity/velocity_test.c	to write	a test for each module
test	-	utils/test/src/c/engine/render/render_test.c	to write	three trees
test	utils/test/engine/runtime/daemon/run.sh	utils/test/src/c/engine/runtime/daemon/run.sh	moves	beside the code that reads it
test	utils/test/engine/runtime/daemon/tessera_burn.c	utils/test/src/c/engine/runtime/daemon/tessera_burn.c	moves	language
test	utils/test/engine/runtime/daemon/tessera_frame_test.c	utils/test/src/c/engine/runtime/daemon/tessera_frame_test.c	moves	language
test	-	utils/test/src/c/engine/runtime/daemon/tessera_job_test.c	to write	three trees
test	utils/test/engine/runtime/daemon/tessera_ledger_test_heap.c	utils/test/src/c/engine/runtime/daemon/tessera_ledger_test_heap.c	moves	language
test	utils/test/engine/runtime/daemon/tessera_ledger_test_internal.h	utils/test/src/c/engine/runtime/daemon/tessera_ledger_test_internal.h	moves	language
test	utils/test/engine/runtime/daemon/tessera_ledger_test_scenarios.c	utils/test/src/c/engine/runtime/daemon/tessera_ledger_test_scenarios.c	moves	language
test	-	utils/test/src/c/engine/runtime/daemon/tessera_measure_test.c	to write	three trees
test	utils/test/engine/runtime/daemon/tessera_run_test.sh	utils/test/src/c/engine/runtime/daemon/tessera_run_test.sh	moves	beside the code that reads it
test	utils/test/engine/runtime/daemon/tessera_socket_probe.c	utils/test/src/c/engine/runtime/daemon/tessera_socket_probe.c	moves	language
test	-	utils/test/src/c/engine/runtime/daemon/tessera_test.c	to write	three trees
test	-	utils/test/src/c/engine/runtime/device_pool/device_pool_test.c	to write	three trees
test	utils/test/engine/runtime/obsignatio/obsignatio_test_internal.h	utils/test/src/c/engine/runtime/obsignatio/obsignatio_test_internal.h	moves	language
test	-	utils/test/src/c/engine/runtime/obsignatio/obsignatio_test_main.c	to write	three trees
test	-	utils/test/src/c/engine/runtime/obsignatio/obsignatio_test_properties.c	to write	three trees
test	-	utils/test/src/c/engine/runtime/obsignatio/obsignatio_test_streams.c	to write	three trees
test	-	utils/test/src/c/engine/runtime/obsignatio/obsignatio_test_vectors.c	to write	three trees
test	-	utils/test/src/c/engine/runtime/schedule/schedule_test.c	to write	a test for each module
test	utils/test/engine/runtime/scriptura/scriptura_arm_test.c	utils/test/src/c/engine/runtime/scriptura/scriptura_arm_test.c	moves	language
test	-	utils/test/src/c/includes/codecs/blosc/blosc_test.c	to write	a test for each module
test	-	utils/test/src/c/includes/codecs/deflate/deflate_test.c	to write	a test for each module
test	-	utils/test/src/c/includes/codecs/inflate/inflate_test.c	to write	a test for each module
test	-	utils/test/src/c/includes/codecs/lz4/lz4_test.c	to write	a test for each module
test	-	utils/test/src/c/includes/codecs/snappy/snappy_test.c	to write	a test for each module
test	-	utils/test/src/c/includes/codecs/zip/zip_test.c	to write	a test for each module
test	-	utils/test/src/c/includes/codecs/zstd/zstd_test.c	to write	a test for each module
test	-	utils/test/src/c/includes/formats/cfg_json/cfg_json_test.c	to write	a test for each module
test	-	utils/test/src/c/includes/formats/dicom/dicom_test.c	to write	a test for each module
test	-	utils/test/src/c/includes/formats/hdf5/hdf5_test.c	to write	a test for each module
test	-	utils/test/src/c/includes/formats/nifti/nifti_test.c	to write	a test for each module
test	-	utils/test/src/c/includes/formats/npy/npy_test.c	to write	a test for each module
test	-	utils/test/src/c/includes/formats/nrrd/nrrd_test.c	to write	a test for each module
test	-	utils/test/src/c/includes/formats/representation/atom/atom_test.c	to write	a test for each module
test	-	utils/test/src/c/includes/formats/representation/game/game_test.c	to write	a test for each module
test	-	utils/test/src/c/includes/formats/representation/particle/particle_test.c	to write	a test for each module
test	-	utils/test/src/c/includes/formats/representation/picture/picture_test.c	to write	a test for each module
test	-	utils/test/src/c/includes/formats/representation/representation_test.c	to write	a test for each module
test	-	utils/test/src/c/includes/formats/representation/sound/sound_test.c	to write	a test for each module
test	-	utils/test/src/c/includes/formats/representation/structure/structure_test.c	to write	a test for each module
test	-	utils/test/src/c/includes/formats/representation/text/text_test.c	to write	a test for each module
test	-	utils/test/src/c/includes/formats/stack/stack_test.c	to write	a test for each module
test	-	utils/test/src/c/includes/formats/tiff/tiff_test.c	to write	a test for each module
test	-	utils/test/src/c/includes/formats/zarr/zarr_test.c	to write	a test for each module
test	-	utils/test/src/c/includes/oracle/language/language_test.c	to write	a test for each module
test	utils/test/engine/compiler/bootstrap/ask_order_check.c	utils/test/src/c/transpiler/bootstrap/ask_order_check.c	moves	language
test	utils/test/engine/compiler/bootstrap/branch_side_check.c	utils/test/src/c/transpiler/bootstrap/branch_side_check.c	moves	language
test	utils/test/engine/compiler/bootstrap/chain_check.c	utils/test/src/c/transpiler/bootstrap/chain_check.c	moves	language
test	utils/test/engine/compiler/bootstrap/gate_descent.c	utils/test/src/c/transpiler/bootstrap/gate_descent.c	moves	language
test	utils/test/engine/compiler/bootstrap/query_ask_check.c	utils/test/src/c/transpiler/bootstrap/query_ask_check.c	moves	language
test	utils/test/engine/compiler/bootstrap/query_interface_check.c	utils/test/src/c/transpiler/bootstrap/query_interface_check.c	moves	language
test	utils/test/engine/compiler/bootstrap/query_descent.h	utils/test/src/c/transpiler/bootstrap/query_descent.h	moves	language
test	utils/test/engine/compiler/bootstrap/query_order_check.c	utils/test/src/c/transpiler/bootstrap/query_order_check.c	moves	language
test	utils/test/engine/compiler/bootstrap/stem_group_check.c	utils/test/src/c/transpiler/bootstrap/stem_group_check.c	moves	language
test	utils/test/engine/compiler/interface/interface_probe.c	utils/test/src/c/transpiler/interface/interface_probe.c	moves	language
test	-	utils/test/src/c/transpiler/interface/interface_ptx_probe_main.c	to write	three trees
test	-	utils/test/src/c/transpiler/interface/interface_ptx_probe_questions.c	to write	three trees
test	utils/test/engine/compiler/interface/interface_ptx_test.c	utils/test/src/c/transpiler/interface/interface_ptx_test.c	moves	language
test	utils/test/engine/compiler/interface/interface_ptx_test.sh	utils/test/src/c/transpiler/interface/interface_ptx_test.sh	moves	beside the code it runs
test	utils/test/engine/compiler/interface/interface_sass_probe.h	utils/test/src/c/transpiler/interface/interface_sass_probe.h	moves	language
test	utils/test/engine/compiler/interface/interface_sass_probe_ask.c	utils/test/src/c/transpiler/interface/interface_sass_probe_ask.c	moves	language
test	utils/test/engine/compiler/interface/interface_sass_probe_check.c	utils/test/src/c/transpiler/interface/interface_sass_probe_check.c	moves	language
test	utils/test/engine/compiler/interface/interface_sass_probe_cubin.c	utils/test/src/c/transpiler/interface/interface_sass_probe_cubin.c	moves	language
test	utils/test/engine/compiler/interface/interface_sass_probe_machine.c	utils/test/src/c/transpiler/interface/interface_sass_probe_machine.c	moves	language
test	utils/test/engine/compiler/interface/interface_sass_probe_main.c	utils/test/src/c/transpiler/interface/interface_sass_probe_main.c	moves	language
test	utils/test/engine/compiler/interface/interface_sass_probe_read.c	utils/test/src/c/transpiler/interface/interface_sass_probe_read.c	moves	language
test	utils/test/engine/compiler/interface/interface_sass_test.sh	utils/test/src/c/transpiler/interface/interface_sass_test.sh	moves	beside the code that reads it
test	utils/test/engine/compiler/interface/interface_test.c	utils/test/src/c/transpiler/interface/interface_test.c	moves	language
test	utils/test/engine/compiler/interface/interface_test.sh	utils/test/src/c/transpiler/interface/interface_test.sh	moves	beside the code it runs
test	-	utils/test/src/c/transpiler/codegen/codegen_test.c	to write	three trees
test	-	utils/test/src/c/transpiler/codegen/ruleset_read_test.c	to write	three trees
test	-	utils/test/src/c/transpiler/codegen/vhdl_construction_set.c	to write	three trees
test	utils/test/engine/compiler/codegen/web_check.c	utils/test/src/c/transpiler/codegen/web_check.c	moves	language
test	utils/test/engine/compiler/codegen/web_check.sh	utils/test/src/c/transpiler/codegen/web_check.sh	moves	beside the code it runs
test	-	utils/test/src/c/transpiler/cubin/cubin_test.c	to write	a test for each module
test	-	utils/test/src/c/transpiler/qasm/qasm_exact_test_gates.c	to write	three trees
test	utils/test/engine/quantum/qasm/qasm_exact_test_internal.h	utils/test/src/c/transpiler/qasm/qasm_exact_test_internal.h	moves	language
test	-	utils/test/src/c/transpiler/qasm/qasm_exact_test_symbols.c	to write	three trees
test	-	utils/test/src/c/transpiler/qasm/qasm_self_test.c	to write	three trees
test	-	utils/test/src/c/transpiler/qasm/qasm_test_answers.c	to write	three trees
test	-	utils/test/src/c/transpiler/qasm/qasm_test_circuits.c	to write	three trees
test	utils/test/engine/quantum/qasm/qasm_test_internal.h	utils/test/src/c/transpiler/qasm/qasm_test_internal.h	moves	language
test	-	utils/test/src/c/types/file_defs/kdm/kdm_test.c	to write	a test for each module
test	-	utils/test/src/c/types/file_defs/krep/krep_test.c	to write	a test for each module
test	-	utils/test/src/c/types/file_defs/krs/krs_test.c	to write	a test for each module
test	-	utils/test/src/c/types/file_defs/ksc/ksc_test.c	to write	a test for each module
test	-	utils/test/src/c/types/integerfloats/decimal_double/decimal_double_test.c	to write	a test for each module
test	-	utils/test/src/c/types/integerfloats/double_fields/double_fields_test.c	to write	a test for each module
test	-	utils/test/src/c/types/integers/constants/constants_test.c	to write	a test for each module
test	-	utils/test/src/c/types/integers/exact_divide_test.c	to write	three trees
test	-	utils/test/src/c/types/integers/exact_test.c	to write	three trees
test	-	utils/test/src/c/types/integers/exact_transform_test.c	to write	three trees
test	utils/test/engine/arithmetic/no_rounding/test_arm_agreement.c	utils/test/src/c/types/integers/test_arm_agreement.c	moves	language
test	-	utils/test/src/cu/engine/analysis/compression/compression_test.cu	to write	a test for each module
test	utils/test/engine/compiler/cycle/record_bitwise_test.sh	utils/test/src/cu/engine/analysis/cycle/record_bitwise_test.sh	moves	beside the code that reads it
test	utils/test/engine/compiler/cycle/record_bitwise_test_internal.h	utils/test/src/cu/engine/analysis/cycle/record_bitwise_test_internal.h	moves	language
test	utils/test/engine/compiler/cycle/record_bitwise_test_lifting.cu	utils/test/src/cu/engine/analysis/cycle/record_bitwise_test_lifting.cu	moves	language
test	utils/test/engine/compiler/cycle/record_bitwise_test_oracle.cu	utils/test/src/cu/engine/analysis/cycle/record_bitwise_test_oracle.cu	moves	language
test	utils/test/engine/compiler/cycle/record_bitwise_test_prove.cu	utils/test/src/cu/engine/analysis/cycle/record_bitwise_test_prove.cu	moves	language
test	utils/test/engine/compiler/cycle/record_boundary_test.sh	utils/test/src/cu/engine/analysis/cycle/record_boundary_test.sh	moves	beside the code that reads it
test	utils/test/engine/compiler/cycle/record_boundary_test_codes.cu	utils/test/src/cu/engine/analysis/cycle/record_boundary_test_codes.cu	moves	language
test	utils/test/engine/compiler/cycle/record_boundary_test_floors.cu	utils/test/src/cu/engine/analysis/cycle/record_boundary_test_floors.cu	moves	language
test	utils/test/engine/compiler/cycle/record_boundary_test_identity.cu	utils/test/src/cu/engine/analysis/cycle/record_boundary_test_identity.cu	moves	language
test	utils/test/engine/compiler/cycle/record_boundary_test_internal.h	utils/test/src/cu/engine/analysis/cycle/record_boundary_test_internal.h	moves	language
test	utils/test/engine/compiler/cycle/record_boundary_test_main.cu	utils/test/src/cu/engine/analysis/cycle/record_boundary_test_main.cu	moves	language
test	utils/test/engine/compiler/cycle/record_boundary_test_run.cu	utils/test/src/cu/engine/analysis/cycle/record_boundary_test_run.cu	moves	language
test	utils/test/engine/compiler/cycle/record_boundary_test_transform.cu	utils/test/src/cu/engine/analysis/cycle/record_boundary_test_transform.cu	moves	language
test	utils/test/engine/compiler/cycle/record_c_test.cpp	utils/test/src/cu/engine/analysis/cycle/record_c_test.cpp	moves	language
test	utils/test/engine/compiler/cycle/record_c_test.sh	utils/test/src/cu/engine/analysis/cycle/record_c_test.sh	moves	beside the code it runs
test	utils/test/engine/compiler/cycle/record_coherence_test.sh	utils/test/src/cu/engine/analysis/cycle/record_coherence_test.sh	moves	beside the code that reads it
test	utils/test/engine/compiler/cycle/record_coherence_test_internal.h	utils/test/src/cu/engine/analysis/cycle/record_coherence_test_internal.h	moves	language
test	utils/test/engine/compiler/cycle/record_coherence_test_inverse.cu	utils/test/src/cu/engine/analysis/cycle/record_coherence_test_inverse.cu	moves	language
test	utils/test/engine/compiler/cycle/record_coherence_test_programs.cu	utils/test/src/cu/engine/analysis/cycle/record_coherence_test_programs.cu	moves	language
test	utils/test/engine/compiler/cycle/record_coherence_test_residue.cu	utils/test/src/cu/engine/analysis/cycle/record_coherence_test_residue.cu	moves	language
test	utils/test/engine/compiler/cycle/record_divide_test.sh	utils/test/src/cu/engine/analysis/cycle/record_divide_test.sh	moves	beside the code that reads it
test	utils/test/engine/compiler/cycle/record_divide_test_internal.h	utils/test/src/cu/engine/analysis/cycle/record_divide_test_internal.h	moves	language
test	utils/test/engine/compiler/cycle/record_divide_test_main.cu	utils/test/src/cu/engine/analysis/cycle/record_divide_test_main.cu	moves	language
test	utils/test/engine/compiler/cycle/record_divide_test_run.cu	utils/test/src/cu/engine/analysis/cycle/record_divide_test_run.cu	moves	language
test	utils/test/engine/compiler/cycle/record_gaussian_test.sh	utils/test/src/cu/engine/analysis/cycle/record_gaussian_test.sh	moves	beside the code that reads it
test	utils/test/engine/compiler/cycle/record_gaussian_test_internal.h	utils/test/src/cu/engine/analysis/cycle/record_gaussian_test_internal.h	moves	language
test	utils/test/engine/compiler/cycle/record_gaussian_test_inverse.cu	utils/test/src/cu/engine/analysis/cycle/record_gaussian_test_inverse.cu	moves	language
test	utils/test/engine/compiler/cycle/record_gaussian_test_main.cu	utils/test/src/cu/engine/analysis/cycle/record_gaussian_test_main.cu	moves	language
test	utils/test/engine/compiler/cycle/record_guide_test.cu	utils/test/src/cu/engine/analysis/cycle/record_guide_test.cu	moves	language
test	utils/test/engine/compiler/cycle/record_guide_test.sh	utils/test/src/cu/engine/analysis/cycle/record_guide_test.sh	moves	beside the code it runs
test	utils/test/engine/compiler/cycle/record_image.h	utils/test/src/cu/engine/analysis/cycle/record_image.h	moves	language
test	utils/test/engine/compiler/cycle/record_lane_test.sh	utils/test/src/cu/engine/analysis/cycle/record_lane_test.sh	moves	beside the code that reads it
test	utils/test/engine/compiler/cycle/record_lane_test_enumerate.cu	utils/test/src/cu/engine/analysis/cycle/record_lane_test_enumerate.cu	moves	language
test	utils/test/engine/compiler/cycle/record_lane_test_internal.h	utils/test/src/cu/engine/analysis/cycle/record_lane_test_internal.h	moves	language
test	utils/test/engine/compiler/cycle/record_lane_test_run.cu	utils/test/src/cu/engine/analysis/cycle/record_lane_test_run.cu	moves	language
test	utils/test/engine/compiler/cycle/record_order_test.sh	utils/test/src/cu/engine/analysis/cycle/record_order_test.sh	moves	beside the code that reads it
test	utils/test/engine/compiler/cycle/record_order_test_floors.cu	utils/test/src/cu/engine/analysis/cycle/record_order_test_floors.cu	moves	language
test	utils/test/engine/compiler/cycle/record_order_test_internal.h	utils/test/src/cu/engine/analysis/cycle/record_order_test_internal.h	moves	language
test	utils/test/engine/compiler/cycle/record_order_test_omega.cu	utils/test/src/cu/engine/analysis/cycle/record_order_test_omega.cu	moves	language
test	utils/test/engine/compiler/cycle/record_speed_test.cu	utils/test/src/cu/engine/analysis/cycle/record_speed_test.cu	moves	language
test	utils/test/engine/compiler/cycle/record_speed_test.sh	utils/test/src/cu/engine/analysis/cycle/record_speed_test.sh	moves	beside the code it runs
test	utils/test/engine/compiler/cycle/record_table_test.sh	utils/test/src/cu/engine/analysis/cycle/record_table_test.sh	moves	beside the code that reads it
test	utils/test/engine/compiler/cycle/record_table_test_compose.cu	utils/test/src/cu/engine/analysis/cycle/record_table_test_compose.cu	moves	language
test	utils/test/engine/compiler/cycle/record_table_test_internal.h	utils/test/src/cu/engine/analysis/cycle/record_table_test_internal.h	moves	language
test	utils/test/engine/compiler/cycle/record_table_test_run.cu	utils/test/src/cu/engine/analysis/cycle/record_table_test_run.cu	moves	language
test	-	utils/test/src/cu/engine/analysis/cycle/record_test.cu	to write	three trees
test	utils/test/engine/compiler/cycle/record_tower_test.sh	utils/test/src/cu/engine/analysis/cycle/record_tower_test.sh	moves	beside the code that reads it
test	utils/test/engine/compiler/cycle/record_tower_test_internal.h	utils/test/src/cu/engine/analysis/cycle/record_tower_test_internal.h	moves	language
test	utils/test/engine/compiler/cycle/record_tower_test_oracle.cu	utils/test/src/cu/engine/analysis/cycle/record_tower_test_oracle.cu	moves	language
test	utils/test/engine/compiler/cycle/record_tower_test_ruleset.cu	utils/test/src/cu/engine/analysis/cycle/record_tower_test_ruleset.cu	moves	language
test	utils/test/engine/compiler/cycle/record_vhdl_bench.vhd	utils/test/src/cu/engine/analysis/cycle/record_vhdl_bench.vhd	moves	beside the code that reads it
test	utils/test/engine/compiler/cycle/record_vhdl_test.cpp	utils/test/src/cu/engine/analysis/cycle/record_vhdl_test.cpp	moves	language
test	utils/test/engine/compiler/cycle/record_vhdl_test.sh	utils/test/src/cu/engine/analysis/cycle/record_vhdl_test.sh	moves	beside the code it runs
test	-	utils/test/src/cu/engine/analysis/entropy_history/entropy_history_test.cu	to write	a test for each module
test	-	utils/test/src/cu/engine/analysis/golden_bands/golden_bands_test.cu	to write	a test for each module
test	-	utils/test/src/cu/engine/analysis/key_schedule/key_schedule_test.cu	to write	a test for each module
test	-	utils/test/src/cu/engine/analysis/keymath/keymath_test.cu	to write	a test for each module
test	-	utils/test/src/cu/engine/analysis/measure/measure_test.cu	to write	a test for each module
test	-	utils/test/src/cu/engine/analysis/noise_detector/noise_detector_test.cu	to write	a test for each module
test	-	utils/test/src/cu/engine/analysis/partition/partition_test.cu	to write	a test for each module
test	utils/test/python/period_probe.cu	utils/test/src/cu/engine/analysis/period/period_probe.cu	moves	language
test	-	utils/test/src/cu/engine/analysis/period/period_test.cu	to write	three trees
test	utils/test/engine/analysis/period/period_test.sh	utils/test/src/cu/engine/analysis/period/period_test.sh	moves	beside the code that reads it
test	utils/test/engine/analysis/period/period_test_internal.h	utils/test/src/cu/engine/analysis/period/period_test_internal.h	moves	language
test	utils/test/engine/analysis/period/period_test_main.cu	utils/test/src/cu/engine/analysis/period/period_test_main.cu	moves	language
test	utils/test/engine/analysis/period/period_test_reference.cu	utils/test/src/cu/engine/analysis/period/period_test_reference.cu	moves	language
test	utils/test/python/periodic_energy_probe.cu	utils/test/src/cu/engine/analysis/periodic_energy_probe.cu	moves	language
test	-	utils/test/src/cu/engine/analysis/periodic_energy_test.cu	to write	three trees
test	-	utils/test/src/cu/engine/analysis/reference/reference_test.cu	to write	a test for each module
test	utils/test/engine/analysis/residual/residual_odd_test.cu	utils/test/src/cu/engine/analysis/residual/residual_odd_test.cu	moves	language
test	utils/test/engine/analysis/residual/residual_odd_test.sh	utils/test/src/cu/engine/analysis/residual/residual_odd_test.sh	moves	beside the code it runs
test	-	utils/test/src/cu/engine/analysis/residual_survey/residual_survey_test.cu	to write	a test for each module
test	utils/test/engine/analysis/shift_agreement/shift_agreement_hold_test.cu	utils/test/src/cu/engine/analysis/shift_agreement/shift_agreement_hold_test.cu	moves	language
test	utils/test/engine/analysis/shift_agreement/shift_agreement_hold_test.sh	utils/test/src/cu/engine/analysis/shift_agreement/shift_agreement_hold_test.sh	moves	beside the code it runs
test	-	utils/test/src/cu/engine/analysis/shift_agreement/shift_agreement_test.cu	to write	three trees
test	utils/test/engine/analysis/tower/tower_edge_test.cu	utils/test/src/cu/engine/analysis/tower/tower_edge_test.cu	moves	language
test	utils/test/engine/analysis/tower/tower_edge_test.sh	utils/test/src/cu/engine/analysis/tower/tower_edge_test.sh	moves	beside the code it runs
test	utils/test/engine/analysis/unit_sweep/unit_sweep_planes_test.cu	utils/test/src/cu/engine/analysis/unit_sweep/unit_sweep_planes_test.cu	moves	language
test	utils/test/engine/analysis/unit_sweep/unit_sweep_planes_test.sh	utils/test/src/cu/engine/analysis/unit_sweep/unit_sweep_planes_test.sh	moves	beside the code it runs
test	-	utils/test/src/cu/engine/engine_test.cu	to write	a test for each module
test	-	utils/test/src/cu/engine/nbody/orior/instrument/instrument_test.cu	to write	a test for each module
test	-	utils/test/src/cu/engine/nbody/orior/sift/sift_test.cu	to write	a test for each module
test	-	utils/test/src/cu/engine/nbody/orior/sift_test.cu	to write	three trees
test	-	utils/test/src/cu/engine/nbody/orior/test_adversarial_cases.cu	to write	three trees
test	-	utils/test/src/cu/engine/nbody/orior/test_adversarial_joint.cu	to write	three trees
test	-	utils/test/src/cu/engine/nbody/orior/test_adversarial_plans.cu	to write	three trees
test	-	utils/test/src/cu/engine/nbody/orior/test_adversarial_projection.cu	to write	three trees
test	-	utils/test/src/cu/engine/nbody/orior/test_o2_spawn.cu	to write	three trees
test	-	utils/test/src/cu/engine/nbody/orior/test_steer_checks.cu	to write	three trees
test	-	utils/test/src/cu/engine/nbody/orior/test_steer_grading.cu	to write	three trees
test	-	utils/test/src/cu/engine/nbody/orior/test_steer_projection.cu	to write	three trees
test	-	utils/test/src/cu/engine/nbody/body_overlap/body_overlap_test.cu	to write	a test for each module
test	-	utils/test/src/cu/engine/nbody/box_history/box_history_test.cu	to write	a test for each module
test	-	utils/test/src/cu/engine/nbody/climb_machine/climb_machine_test.cu	to write	a test for each module
test	-	utils/test/src/cu/engine/nbody/contact_side/contact_side_test.cu	to write	a test for each module
test	-	utils/test/src/cu/engine/nbody/division/division_test.cu	to write	a test for each module
test	-	utils/test/src/cu/engine/nbody/fingerprint/fingerprint_test.cu	to write	a test for each module
test	-	utils/test/src/cu/engine/nbody/flatten/flatten_test.cu	to write	a test for each module
test	-	utils/test/src/cu/engine/nbody/grow/grow_test.cu	to write	a test for each module
test	-	utils/test/src/cu/engine/nbody/heaviest_matching/heaviest_matching_test.cu	to write	a test for each module
test	-	utils/test/src/cu/engine/nbody/marginal/marginal_test.cu	to write	a test for each module
test	-	utils/test/src/cu/engine/nbody/max_tree/max_tree_levels_test_agree.cu	to write	three trees
test	-	utils/test/src/cu/engine/nbody/max_tree/max_tree_levels_test_draw.cu	to write	three trees
test	-	utils/test/src/cu/engine/nbody/print_pair/print_pair_test.cu	to write	a test for each module
test	-	utils/test/src/cu/engine/nbody/velocity/velocity_test.cu	to write	a test for each module
test	-	utils/test/src/cu/engine/render/render_test.cu	to write	three trees
test	-	utils/test/src/cu/engine/runtime/daemon/tessera_burn.cu	to write	three trees
test	-	utils/test/src/cu/engine/runtime/daemon/tessera_frame_test.cu	to write	three trees
test	utils/test/engine/runtime/daemon/tessera_job_test.cu	utils/test/src/cu/engine/runtime/daemon/tessera_job_test.cu	moves	language
test	-	utils/test/src/cu/engine/runtime/daemon/tessera_ledger_test_heap.cu	to write	three trees
test	-	utils/test/src/cu/engine/runtime/daemon/tessera_ledger_test_scenarios.cu	to write	three trees
test	utils/test/engine/runtime/daemon/tessera_measure_test.cu	utils/test/src/cu/engine/runtime/daemon/tessera_measure_test.cu	moves	language
test	-	utils/test/src/cu/engine/runtime/daemon/tessera_socket_probe.cu	to write	three trees
test	utils/test/engine/runtime/daemon/tessera_device_test.cu	utils/test/src/cu/engine/runtime/daemon/tessera_test.cu	moves	one name
test	utils/test/engine/runtime/daemon/tessera_device_test.sh	utils/test/src/cu/engine/runtime/daemon/tessera_test.sh	moves	one name
test	utils/test/engine/runtime/device_pool/device_pool_test.cu	utils/test/src/cu/engine/runtime/device_pool/device_pool_test.cu	moves	language
test	utils/test/engine/runtime/device_pool/device_pool_test.sh	utils/test/src/cu/engine/runtime/device_pool/device_pool_test.sh	moves	beside the code it runs
test	utils/test/engine/runtime/obsignatio/obsignatio_test_main.cu	utils/test/src/cu/engine/runtime/obsignatio/obsignatio_test_main.cu	moves	language
test	utils/test/engine/runtime/obsignatio/obsignatio_test_properties.cu	utils/test/src/cu/engine/runtime/obsignatio/obsignatio_test_properties.cu	moves	language
test	utils/test/engine/runtime/obsignatio/obsignatio_test_streams.cu	utils/test/src/cu/engine/runtime/obsignatio/obsignatio_test_streams.cu	moves	language
test	utils/test/engine/runtime/obsignatio/obsignatio_test_vectors.cu	utils/test/src/cu/engine/runtime/obsignatio/obsignatio_test_vectors.cu	moves	language
test	utils/test/engine/runtime/obsignatio/run.sh	utils/test/src/cu/engine/runtime/obsignatio/run.sh	moves	beside the code that reads it
test	utils/test/engine/runtime/obsignatio/test_vectors.json	utils/test/src/cu/engine/runtime/obsignatio/test_vectors.json	moves	beside the code that reads it
test	-	utils/test/src/cu/engine/runtime/schedule/schedule_test.cu	to write	a test for each module
test	-	utils/test/src/cu/engine/runtime/scriptura/scriptura_arm_test.cu	to write	three trees
test	-	utils/test/src/cu/includes/codecs/blosc/blosc_test.cu	to write	a test for each module
test	-	utils/test/src/cu/includes/codecs/deflate/deflate_test.cu	to write	a test for each module
test	-	utils/test/src/cu/includes/codecs/inflate/inflate_test.cu	to write	a test for each module
test	-	utils/test/src/cu/includes/codecs/lz4/lz4_test.cu	to write	a test for each module
test	-	utils/test/src/cu/includes/codecs/snappy/snappy_test.cu	to write	a test for each module
test	-	utils/test/src/cu/includes/codecs/zip/zip_test.cu	to write	a test for each module
test	-	utils/test/src/cu/includes/codecs/zstd/zstd_test.cu	to write	a test for each module
test	-	utils/test/src/cu/includes/formats/cfg_json/cfg_json_test.cu	to write	a test for each module
test	-	utils/test/src/cu/includes/formats/dicom/dicom_test.cu	to write	a test for each module
test	-	utils/test/src/cu/includes/formats/hdf5/hdf5_test.cu	to write	a test for each module
test	-	utils/test/src/cu/includes/formats/nifti/nifti_test.cu	to write	a test for each module
test	-	utils/test/src/cu/includes/formats/npy/npy_test.cu	to write	a test for each module
test	-	utils/test/src/cu/includes/formats/nrrd/nrrd_test.cu	to write	a test for each module
test	-	utils/test/src/cu/includes/formats/representation/atom/atom_test.cu	to write	a test for each module
test	-	utils/test/src/cu/includes/formats/representation/game/game_test.cu	to write	a test for each module
test	-	utils/test/src/cu/includes/formats/representation/particle/particle_test.cu	to write	a test for each module
test	-	utils/test/src/cu/includes/formats/representation/picture/picture_test.cu	to write	a test for each module
test	-	utils/test/src/cu/includes/formats/representation/representation_test.cu	to write	a test for each module
test	-	utils/test/src/cu/includes/formats/representation/sound/sound_test.cu	to write	a test for each module
test	-	utils/test/src/cu/includes/formats/representation/structure/structure_test.cu	to write	a test for each module
test	-	utils/test/src/cu/includes/formats/representation/text/text_test.cu	to write	a test for each module
test	-	utils/test/src/cu/includes/formats/stack/stack_test.cu	to write	a test for each module
test	-	utils/test/src/cu/includes/formats/tiff/tiff_test.cu	to write	a test for each module
test	-	utils/test/src/cu/includes/formats/zarr/zarr_test.cu	to write	a test for each module
test	-	utils/test/src/cu/includes/oracle/language/language_test.cu	to write	a test for each module
test	-	utils/test/src/cu/transpiler/bootstrap/ask_order_check.cu	to write	three trees
test	-	utils/test/src/cu/transpiler/bootstrap/branch_side_check.cu	to write	three trees
test	-	utils/test/src/cu/transpiler/bootstrap/chain_check.cu	to write	three trees
test	-	utils/test/src/cu/transpiler/bootstrap/gate_descent.cu	to write	three trees
test	-	utils/test/src/cu/transpiler/bootstrap/query_ask_check.cu	to write	three trees
test	-	utils/test/src/cu/transpiler/bootstrap/query_interface_check.cu	to write	three trees
test	-	utils/test/src/cu/transpiler/bootstrap/query_order_check.cu	to write	three trees
test	-	utils/test/src/cu/transpiler/bootstrap/stem_group_check.cu	to write	three trees
test	-	utils/test/src/cu/transpiler/interface/interface_probe.cu	to write	three trees
test	utils/test/engine/compiler/interface/interface_ptx_probe_internal.h	utils/test/src/cu/transpiler/interface/interface_ptx_probe_internal.h	moves	language
test	utils/test/engine/compiler/interface/interface_ptx_probe_main.cu	utils/test/src/cu/transpiler/interface/interface_ptx_probe_main.cu	moves	language
test	utils/test/engine/compiler/interface/interface_ptx_probe_questions.cu	utils/test/src/cu/transpiler/interface/interface_ptx_probe_questions.cu	moves	language
test	-	utils/test/src/cu/transpiler/interface/interface_ptx_test.cu	to write	three trees
test	-	utils/test/src/cu/transpiler/interface/interface_sass_probe_ask.cu	to write	three trees
test	-	utils/test/src/cu/transpiler/interface/interface_sass_probe_check.cu	to write	three trees
test	-	utils/test/src/cu/transpiler/interface/interface_sass_probe_cubin.cu	to write	three trees
test	-	utils/test/src/cu/transpiler/interface/interface_sass_probe_machine.cu	to write	three trees
test	-	utils/test/src/cu/transpiler/interface/interface_sass_probe_main.cu	to write	three trees
test	-	utils/test/src/cu/transpiler/interface/interface_sass_probe_read.cu	to write	three trees
test	-	utils/test/src/cu/transpiler/interface/interface_test.cu	to write	three trees
test	utils/test/engine/compiler/codegen/codegen_device_test.cu	utils/test/src/cu/transpiler/codegen/codegen_test.cu	moves	one name
test	utils/test/engine/compiler/codegen/codegen_device_test.sh	utils/test/src/cu/transpiler/codegen/codegen_test.sh	moves	one name
test	utils/test/engine/compiler/codegen/ruleset_read_test.cpp	utils/test/src/cu/transpiler/codegen/ruleset_read_test.cpp	moves	language
test	utils/test/engine/compiler/codegen/ruleset_read_test.sh	utils/test/src/cu/transpiler/codegen/ruleset_read_test.sh	moves	beside the code it runs
test	utils/test/engine/compiler/codegen/rulesets/flagless/c.krs	utils/test/src/cu/transpiler/codegen/rulesets/flagless/c.krs	moves	beside the code that reads it
test	utils/test/engine/compiler/codegen/rulesets/flagless/ptx.krs	utils/test/src/cu/transpiler/codegen/rulesets/flagless/ptx.krs	moves	beside the code that reads it
test	utils/test/engine/compiler/codegen/vhdl_construction_set.cpp	utils/test/src/cu/transpiler/codegen/vhdl_construction_set.cpp	moves	language
test	utils/test/engine/compiler/codegen/vhdl_construction_set.sh	utils/test/src/cu/transpiler/codegen/vhdl_construction_set.sh	moves	beside the code it runs
test	-	utils/test/src/cu/transpiler/codegen/web_check.cu	to write	three trees
test	-	utils/test/src/cu/transpiler/cubin/cubin_test.cu	to write	a test for each module
test	utils/test/engine/quantum/qasm/bell.qasm	utils/test/src/cu/transpiler/qasm/bell.qasm	moves	beside the code that reads it
test	utils/test/engine/quantum/qasm/bernstein_vazirani.qasm	utils/test/src/cu/transpiler/qasm/bernstein_vazirani.qasm	moves	beside the code that reads it
test	utils/test/engine/quantum/qasm/qasm_exact_test_gates.cu	utils/test/src/cu/transpiler/qasm/qasm_exact_test_gates.cu	moves	language
test	utils/test/engine/quantum/qasm/qasm_exact_test_symbols.cu	utils/test/src/cu/transpiler/qasm/qasm_exact_test_symbols.cu	moves	language
test	utils/test/engine/quantum/qasm/qasm_self_test.cu	utils/test/src/cu/transpiler/qasm/qasm_self_test.cu	moves	language
test	utils/test/engine/quantum/qasm/qasm_test_answers.cu	utils/test/src/cu/transpiler/qasm/qasm_test_answers.cu	moves	language
test	utils/test/engine/quantum/qasm/qasm_test_circuits.cu	utils/test/src/cu/transpiler/qasm/qasm_test_circuits.cu	moves	language
test	utils/test/engine/quantum/qasm/run.sh	utils/test/src/cu/transpiler/qasm/run.sh	moves	beside the code that reads it
test	utils/test/vectors/MANIFEST.json	utils/test/src/cu/transpiler/qasm/vectors/MANIFEST.json	moves	beside the code that reads it
test	utils/test/vectors/nist_cavp_bit_sha256longmsg.rsp	utils/test/src/cu/transpiler/qasm/vectors/nist_cavp_bit_sha256longmsg.rsp	moves	beside the code that reads it
test	utils/test/vectors/nist_cavp_bit_sha256shortmsg.rsp	utils/test/src/cu/transpiler/qasm/vectors/nist_cavp_bit_sha256shortmsg.rsp	moves	beside the code that reads it
test	utils/test/vectors/nist_cavp_hmac_sha256.rsp	utils/test/src/cu/transpiler/qasm/vectors/nist_cavp_hmac_sha256.rsp	moves	beside the code that reads it
test	utils/test/vectors/nist_cavp_sha256longmsg.rsp	utils/test/src/cu/transpiler/qasm/vectors/nist_cavp_sha256longmsg.rsp	moves	beside the code that reads it
test	utils/test/vectors/nist_cavp_sha256monte.rsp	utils/test/src/cu/transpiler/qasm/vectors/nist_cavp_sha256monte.rsp	moves	beside the code that reads it
test	utils/test/vectors/nist_cavp_sha256shortmsg.rsp	utils/test/src/cu/transpiler/qasm/vectors/nist_cavp_sha256shortmsg.rsp	moves	beside the code that reads it
test	utils/test/vectors/wycheproof_hmac_sha256.json	utils/test/src/cu/transpiler/qasm/vectors/wycheproof_hmac_sha256.json	moves	beside the code that reads it
test	-	utils/test/src/cu/types/file_defs/kdm/kdm_test.cu	to write	a test for each module
test	-	utils/test/src/cu/types/file_defs/krep/krep_test.cu	to write	a test for each module
test	-	utils/test/src/cu/types/file_defs/krs/krs_test.cu	to write	a test for each module
test	-	utils/test/src/cu/types/file_defs/ksc/ksc_test.cu	to write	a test for each module
test	-	utils/test/src/cu/types/integerfloats/decimal_double/decimal_double_test.cu	to write	a test for each module
test	-	utils/test/src/cu/types/integerfloats/double_fields/double_fields_test.cu	to write	a test for each module
test	-	utils/test/src/cu/types/integers/constants/constants_test.cu	to write	a test for each module
test	utils/test/engine/arithmetic/no_rounding/exact_divide_test.cu	utils/test/src/cu/types/integers/exact_divide_test.cu	moves	language
test	utils/test/engine/arithmetic/no_rounding/exact_divide_test.sh	utils/test/src/cu/types/integers/exact_divide_test.sh	moves	beside the code it runs
test	-	utils/test/src/cu/types/integers/exact_test.cu	to write	three trees
test	utils/test/engine/arithmetic/no_rounding/exact_transform_test.cu	utils/test/src/cu/types/integers/exact_transform_test.cu	moves	language
test	utils/test/engine/arithmetic/no_rounding/exact_transform_test.sh	utils/test/src/cu/types/integers/exact_transform_test.sh	moves	beside the code it runs
test	-	utils/test/src/cu/types/integers/test_arm_agreement.cu	to write	three trees
test	-	utils/test/src/python/engine/analysis/compression/compression_test.py	to write	a test for each module
test	-	utils/test/src/python/engine/analysis/cycle/record_bitwise_test_lifting.py	to write	three trees
test	-	utils/test/src/python/engine/analysis/cycle/record_bitwise_test_oracle.py	to write	three trees
test	-	utils/test/src/python/engine/analysis/cycle/record_bitwise_test_prove.py	to write	three trees
test	-	utils/test/src/python/engine/analysis/cycle/record_boundary_test_codes.py	to write	three trees
test	-	utils/test/src/python/engine/analysis/cycle/record_boundary_test_floors.py	to write	three trees
test	-	utils/test/src/python/engine/analysis/cycle/record_boundary_test_identity.py	to write	three trees
test	-	utils/test/src/python/engine/analysis/cycle/record_boundary_test_main.py	to write	three trees
test	-	utils/test/src/python/engine/analysis/cycle/record_boundary_test_run.py	to write	three trees
test	-	utils/test/src/python/engine/analysis/cycle/record_boundary_test_transform.py	to write	three trees
test	-	utils/test/src/python/engine/analysis/cycle/record_c_test.py	to write	three trees
test	-	utils/test/src/python/engine/analysis/cycle/record_coherence_test_inverse.py	to write	three trees
test	-	utils/test/src/python/engine/analysis/cycle/record_coherence_test_programs.py	to write	three trees
test	-	utils/test/src/python/engine/analysis/cycle/record_coherence_test_residue.py	to write	three trees
test	-	utils/test/src/python/engine/analysis/cycle/record_divide_test_main.py	to write	three trees
test	-	utils/test/src/python/engine/analysis/cycle/record_divide_test_run.py	to write	three trees
test	-	utils/test/src/python/engine/analysis/cycle/record_gaussian_test_inverse.py	to write	three trees
test	-	utils/test/src/python/engine/analysis/cycle/record_gaussian_test_main.py	to write	three trees
test	-	utils/test/src/python/engine/analysis/cycle/record_guide_test.py	to write	three trees
test	-	utils/test/src/python/engine/analysis/cycle/record_lane_test_enumerate.py	to write	three trees
test	-	utils/test/src/python/engine/analysis/cycle/record_lane_test_run.py	to write	three trees
test	-	utils/test/src/python/engine/analysis/cycle/record_order_test_floors.py	to write	three trees
test	-	utils/test/src/python/engine/analysis/cycle/record_order_test_omega.py	to write	three trees
test	-	utils/test/src/python/engine/analysis/cycle/record_speed_test.py	to write	three trees
test	-	utils/test/src/python/engine/analysis/cycle/record_table_test_compose.py	to write	three trees
test	-	utils/test/src/python/engine/analysis/cycle/record_table_test_run.py	to write	three trees
test	-	utils/test/src/python/engine/analysis/cycle/record_test.py	to write	three trees
test	-	utils/test/src/python/engine/analysis/cycle/record_tower_test_oracle.py	to write	three trees
test	-	utils/test/src/python/engine/analysis/cycle/record_tower_test_ruleset.py	to write	three trees
test	-	utils/test/src/python/engine/analysis/cycle/record_vhdl_test.py	to write	three trees
test	-	utils/test/src/python/engine/analysis/entropy_history/entropy_history_test.py	to write	a test for each module
test	-	utils/test/src/python/engine/analysis/golden_bands/golden_bands_test.py	to write	a test for each module
test	-	utils/test/src/python/engine/analysis/key_schedule/key_schedule_test.py	to write	a test for each module
test	-	utils/test/src/python/engine/analysis/keymath/keymath_test.py	to write	a test for each module
test	-	utils/test/src/python/engine/analysis/measure/measure_test.py	to write	a test for each module
test	-	utils/test/src/python/engine/analysis/noise_detector/noise_detector_test.py	to write	a test for each module
test	-	utils/test/src/python/engine/analysis/partition/partition_test.py	to write	a test for each module
test	-	utils/test/src/python/engine/analysis/period/period_probe.py	to write	three trees
test	utils/test/python/period_test.py	utils/test/src/python/engine/analysis/period/period_test.py	moves	language
test	utils/test/python/period_test.sh	utils/test/src/python/engine/analysis/period/period_test.sh	moves	beside the code it runs
test	-	utils/test/src/python/engine/analysis/period/period_test_main.py	to write	three trees
test	-	utils/test/src/python/engine/analysis/period/period_test_reference.py	to write	three trees
test	-	utils/test/src/python/engine/analysis/periodic_energy_probe.py	to write	three trees
test	utils/test/python/periodic_energy_test.py	utils/test/src/python/engine/analysis/periodic_energy_test.py	moves	language
test	utils/test/python/periodic_energy_test.sh	utils/test/src/python/engine/analysis/periodic_energy_test.sh	moves	beside the code it runs
test	-	utils/test/src/python/engine/analysis/reference/reference_test.py	to write	a test for each module
test	-	utils/test/src/python/engine/analysis/residual/residual_odd_test.py	to write	three trees
test	-	utils/test/src/python/engine/analysis/residual_survey/residual_survey_test.py	to write	a test for each module
test	-	utils/test/src/python/engine/analysis/shift_agreement/shift_agreement_hold_test.py	to write	three trees
test	utils/test/python/shift_agreement_test.py	utils/test/src/python/engine/analysis/shift_agreement/shift_agreement_test.py	moves	language
test	-	utils/test/src/python/engine/analysis/tower/tower_edge_test.py	to write	three trees
test	-	utils/test/src/python/engine/analysis/unit_sweep/unit_sweep_planes_test.py	to write	three trees
test	-	utils/test/src/python/engine/engine_test.py	to write	a test for each module
test	-	utils/test/src/python/engine/nbody/orior/instrument/instrument_test.py	to write	a test for each module
test	-	utils/test/src/python/engine/nbody/orior/sift/sift_test.py	to write	a test for each module
test	utils/test/python/sift_test.py	utils/test/src/python/engine/nbody/orior/sift_test.py	moves	language
test	-	utils/test/src/python/engine/nbody/orior/test_adversarial_cases.py	to write	three trees
test	-	utils/test/src/python/engine/nbody/orior/test_adversarial_joint.py	to write	three trees
test	-	utils/test/src/python/engine/nbody/orior/test_adversarial_plans.py	to write	three trees
test	-	utils/test/src/python/engine/nbody/orior/test_adversarial_projection.py	to write	three trees
test	-	utils/test/src/python/engine/nbody/orior/test_o2_spawn.py	to write	three trees
test	-	utils/test/src/python/engine/nbody/orior/test_steer_checks.py	to write	three trees
test	-	utils/test/src/python/engine/nbody/orior/test_steer_grading.py	to write	three trees
test	-	utils/test/src/python/engine/nbody/orior/test_steer_projection.py	to write	three trees
test	-	utils/test/src/python/engine/nbody/body_overlap/body_overlap_test.py	to write	a test for each module
test	-	utils/test/src/python/engine/nbody/box_history/box_history_test.py	to write	a test for each module
test	-	utils/test/src/python/engine/nbody/climb_machine/climb_machine_test.py	to write	a test for each module
test	-	utils/test/src/python/engine/nbody/contact_side/contact_side_test.py	to write	a test for each module
test	-	utils/test/src/python/engine/nbody/division/division_test.py	to write	a test for each module
test	-	utils/test/src/python/engine/nbody/fingerprint/fingerprint_test.py	to write	a test for each module
test	-	utils/test/src/python/engine/nbody/flatten/flatten_test.py	to write	a test for each module
test	-	utils/test/src/python/engine/nbody/grow/grow_test.py	to write	a test for each module
test	-	utils/test/src/python/engine/nbody/heaviest_matching/heaviest_matching_test.py	to write	a test for each module
test	-	utils/test/src/python/engine/nbody/marginal/marginal_test.py	to write	a test for each module
test	-	utils/test/src/python/engine/nbody/max_tree/max_tree_levels_test_agree.py	to write	three trees
test	-	utils/test/src/python/engine/nbody/max_tree/max_tree_levels_test_draw.py	to write	three trees
test	-	utils/test/src/python/engine/nbody/print_pair/print_pair_test.py	to write	a test for each module
test	-	utils/test/src/python/engine/nbody/velocity/velocity_test.py	to write	a test for each module
test	utils/test/python/render_test.py	utils/test/src/python/engine/render/render_test.py	moves	language
test	-	utils/test/src/python/engine/runtime/daemon/tessera_burn.py	to write	three trees
test	-	utils/test/src/python/engine/runtime/daemon/tessera_frame_test.py	to write	three trees
test	-	utils/test/src/python/engine/runtime/daemon/tessera_job_test.py	to write	three trees
test	-	utils/test/src/python/engine/runtime/daemon/tessera_ledger_test_heap.py	to write	three trees
test	-	utils/test/src/python/engine/runtime/daemon/tessera_ledger_test_scenarios.py	to write	three trees
test	-	utils/test/src/python/engine/runtime/daemon/tessera_measure_test.py	to write	three trees
test	-	utils/test/src/python/engine/runtime/daemon/tessera_socket_probe.py	to write	three trees
test	-	utils/test/src/python/engine/runtime/daemon/tessera_test.py	to write	three trees
test	-	utils/test/src/python/engine/runtime/device_pool/device_pool_test.py	to write	three trees
test	-	utils/test/src/python/engine/runtime/obsignatio/obsignatio_test_main.py	to write	three trees
test	-	utils/test/src/python/engine/runtime/obsignatio/obsignatio_test_properties.py	to write	three trees
test	-	utils/test/src/python/engine/runtime/obsignatio/obsignatio_test_streams.py	to write	three trees
test	-	utils/test/src/python/engine/runtime/obsignatio/obsignatio_test_vectors.py	to write	three trees
test	-	utils/test/src/python/engine/runtime/schedule/schedule_test.py	to write	a test for each module
test	-	utils/test/src/python/engine/runtime/scriptura/scriptura_arm_test.py	to write	three trees
test	-	utils/test/src/python/includes/codecs/blosc/blosc_test.py	to write	a test for each module
test	-	utils/test/src/python/includes/codecs/deflate/deflate_test.py	to write	a test for each module
test	-	utils/test/src/python/includes/codecs/inflate/inflate_test.py	to write	a test for each module
test	-	utils/test/src/python/includes/codecs/lz4/lz4_test.py	to write	a test for each module
test	-	utils/test/src/python/includes/codecs/snappy/snappy_test.py	to write	a test for each module
test	-	utils/test/src/python/includes/codecs/zip/zip_test.py	to write	a test for each module
test	-	utils/test/src/python/includes/codecs/zstd/zstd_test.py	to write	a test for each module
test	-	utils/test/src/python/includes/formats/cfg_json/cfg_json_test.py	to write	a test for each module
test	-	utils/test/src/python/includes/formats/dicom/dicom_test.py	to write	a test for each module
test	-	utils/test/src/python/includes/formats/hdf5/hdf5_test.py	to write	a test for each module
test	-	utils/test/src/python/includes/formats/nifti/nifti_test.py	to write	a test for each module
test	-	utils/test/src/python/includes/formats/npy/npy_test.py	to write	a test for each module
test	-	utils/test/src/python/includes/formats/nrrd/nrrd_test.py	to write	a test for each module
test	-	utils/test/src/python/includes/formats/representation/atom/atom_test.py	to write	a test for each module
test	-	utils/test/src/python/includes/formats/representation/game/game_test.py	to write	a test for each module
test	-	utils/test/src/python/includes/formats/representation/particle/particle_test.py	to write	a test for each module
test	-	utils/test/src/python/includes/formats/representation/picture/picture_test.py	to write	a test for each module
test	-	utils/test/src/python/includes/formats/representation/representation_test.py	to write	a test for each module
test	-	utils/test/src/python/includes/formats/representation/sound/sound_test.py	to write	a test for each module
test	-	utils/test/src/python/includes/formats/representation/structure/structure_test.py	to write	a test for each module
test	-	utils/test/src/python/includes/formats/representation/text/text_test.py	to write	a test for each module
test	-	utils/test/src/python/includes/formats/stack/stack_test.py	to write	a test for each module
test	-	utils/test/src/python/includes/formats/tiff/tiff_test.py	to write	a test for each module
test	-	utils/test/src/python/includes/formats/zarr/zarr_test.py	to write	a test for each module
test	-	utils/test/src/python/includes/oracle/language/language_test.py	to write	a test for each module
test	-	utils/test/src/python/transpiler/bootstrap/ask_order_check.py	to write	three trees
test	-	utils/test/src/python/transpiler/bootstrap/branch_side_check.py	to write	three trees
test	-	utils/test/src/python/transpiler/bootstrap/chain_check.py	to write	three trees
test	-	utils/test/src/python/transpiler/bootstrap/gate_descent.py	to write	three trees
test	-	utils/test/src/python/transpiler/bootstrap/query_ask_check.py	to write	three trees
test	-	utils/test/src/python/transpiler/bootstrap/query_interface_check.py	to write	three trees
test	-	utils/test/src/python/transpiler/bootstrap/query_order_check.py	to write	three trees
test	-	utils/test/src/python/transpiler/bootstrap/stem_group_check.py	to write	three trees
test	-	utils/test/src/python/transpiler/interface/interface_probe.py	to write	three trees
test	-	utils/test/src/python/transpiler/interface/interface_ptx_probe_main.py	to write	three trees
test	-	utils/test/src/python/transpiler/interface/interface_ptx_probe_questions.py	to write	three trees
test	-	utils/test/src/python/transpiler/interface/interface_ptx_test.py	to write	three trees
test	-	utils/test/src/python/transpiler/interface/interface_sass_probe_ask.py	to write	three trees
test	-	utils/test/src/python/transpiler/interface/interface_sass_probe_check.py	to write	three trees
test	-	utils/test/src/python/transpiler/interface/interface_sass_probe_cubin.py	to write	three trees
test	-	utils/test/src/python/transpiler/interface/interface_sass_probe_machine.py	to write	three trees
test	-	utils/test/src/python/transpiler/interface/interface_sass_probe_main.py	to write	three trees
test	-	utils/test/src/python/transpiler/interface/interface_sass_probe_read.py	to write	three trees
test	-	utils/test/src/python/transpiler/interface/interface_test.py	to write	three trees
test	-	utils/test/src/python/transpiler/codegen/codegen_test.py	to write	three trees
test	-	utils/test/src/python/transpiler/codegen/ruleset_read_test.py	to write	three trees
test	-	utils/test/src/python/transpiler/codegen/vhdl_construction_set.py	to write	three trees
test	-	utils/test/src/python/transpiler/codegen/web_check.py	to write	three trees
test	-	utils/test/src/python/transpiler/cubin/cubin_test.py	to write	a test for each module
test	-	utils/test/src/python/transpiler/qasm/qasm_exact_test_gates.py	to write	three trees
test	-	utils/test/src/python/transpiler/qasm/qasm_exact_test_symbols.py	to write	three trees
test	-	utils/test/src/python/transpiler/qasm/qasm_self_test.py	to write	three trees
test	-	utils/test/src/python/transpiler/qasm/qasm_test_answers.py	to write	three trees
test	-	utils/test/src/python/transpiler/qasm/qasm_test_circuits.py	to write	three trees
test	-	utils/test/src/python/types/file_defs/kdm/kdm_test.py	to write	a test for each module
test	-	utils/test/src/python/types/file_defs/krep/krep_test.py	to write	a test for each module
test	-	utils/test/src/python/types/file_defs/krs/krs_test.py	to write	a test for each module
test	-	utils/test/src/python/types/file_defs/ksc/ksc_test.py	to write	a test for each module
test	-	utils/test/src/python/types/integerfloats/decimal_double/decimal_double_test.py	to write	a test for each module
test	-	utils/test/src/python/types/integerfloats/double_fields/double_fields_test.py	to write	a test for each module
test	-	utils/test/src/python/types/integers/constants/constants_test.py	to write	a test for each module
test	-	utils/test/src/python/types/integers/exact_divide_test.py	to write	three trees
test	utils/test/python/exact_test.py	utils/test/src/python/types/integers/exact_test.py	moves	language
test	-	utils/test/src/python/types/integers/exact_transform_test.py	to write	three trees
test	-	utils/test/src/python/types/integers/test_arm_agreement.py	to write	three trees
test	utils/test/test_matrix.json	utils/test/test_matrix.json	stays	runs the test tree
src	src/open_tasks.md	src/open_tasks.md	stays	serves every container
src	src/python/manifest.py	src/python/manifest.py	stays	serves the container
src	src/python/manifest.tsv	src/python/manifest.tsv	stays	serves the container
test	utils/test/src/cu/types/integerfloats/double_fields/double_fields_test.sh	utils/test/src/cu/types/integerfloats/double_fields/double_fields_test.sh	stays	beside the code it runs
examples	examples/Salishan/oracles/01_ICSNL55_Beck_final.oracle.tsv	examples/Salishan/oracles/01_ICSNL55_Beck_final.oracle.tsv	stays	in its domain
examples	examples/Salishan/oracles/02-Brown-heavy-syllables-12.oracle.tsv	examples/Salishan/oracles/02-Brown-heavy-syllables-12.oracle.tsv	stays	in its domain
examples	examples/Salishan/oracles/02_ICSNL55_Brown_Forbes_Schwan_final.oracle.tsv	examples/Salishan/oracles/02_ICSNL55_Brown_Forbes_Schwan_final.oracle.tsv	stays	in its domain
examples	examples/Salishan/oracles/03-Dunn-Tsimshian-14.oracle.tsv	examples/Salishan/oracles/03-Dunn-Tsimshian-14.oracle.tsv	stays	in its domain
examples	examples/Salishan/oracles/03_ICSNL55_HDavis2_revised_final.oracle.tsv	examples/Salishan/oracles/03_ICSNL55_HDavis2_revised_final.oracle.tsv	stays	in its domain
examples	examples/Salishan/oracles/04-MiyashitaChen_ICSNL50_FINAL-8.oracle.tsv	examples/Salishan/oracles/04-MiyashitaChen_ICSNL50_FINAL-8.oracle.tsv	stays	in its domain
examples	examples/Salishan/oracles/04_ICSNL55_HDavis1_final.oracle.tsv	examples/Salishan/oracles/04_ICSNL55_HDavis1_final.oracle.tsv	stays	in its domain
examples	examples/Salishan/oracles/05-DavisJ-ICSNL50_final-10.oracle.tsv	examples/Salishan/oracles/05-DavisJ-ICSNL50_final-10.oracle.tsv	stays	in its domain
examples	examples/Salishan/oracles/05_ICSNL55_Davis_Griffin_Huijsmans_Mellesmoen_final.oracle.tsv	examples/Salishan/oracles/05_ICSNL55_Davis_Griffin_Huijsmans_Mellesmoen_final.oracle.tsv	stays	in its domain
examples	examples/Salishan/oracles/06-Koch_ICSNL50_final-24.oracle.tsv	examples/Salishan/oracles/06-Koch_ICSNL50_final-24.oracle.tsv	stays	in its domain
examples	examples/Salishan/oracles/07_ICSNL55_JDavis1_final.oracle.tsv	examples/Salishan/oracles/07_ICSNL55_JDavis1_final.oracle.tsv	stays	in its domain
examples	examples/Salishan/oracles/08-vanEijk_ICSNL50_FINAL-10.oracle.tsv	examples/Salishan/oracles/08-vanEijk_ICSNL50_FINAL-10.oracle.tsv	stays	in its domain
examples	examples/Salishan/oracles/08_ICSNL55_JDavis_2_final.oracle.tsv	examples/Salishan/oracles/08_ICSNL55_JDavis_2_final.oracle.tsv	stays	in its domain
examples	examples/Salishan/oracles/09-Crowgey_ICSNL50_final-6.oracle.tsv	examples/Salishan/oracles/09-Crowgey_ICSNL50_final-6.oracle.tsv	stays	in its domain
examples	examples/Salishan/oracles/09_ICSNL55_Galligos_et_al._final.oracle.tsv	examples/Salishan/oracles/09_ICSNL55_Galligos_et_al._final.oracle.tsv	stays	in its domain
examples	examples/Salishan/oracles/10-McClay_Birdstone_ICSNL50_final.oracle.tsv	examples/Salishan/oracles/10-McClay_Birdstone_ICSNL50_final.oracle.tsv	stays	in its domain
examples	examples/Salishan/oracles/10_Central-Salish-words-for-salmon.oracle.tsv	examples/Salishan/oracles/10_Central-Salish-words-for-salmon.oracle.tsv	stays	in its domain
examples	examples/Salishan/oracles/10_ICSNL55_Greymorning_final.oracle.tsv	examples/Salishan/oracles/10_ICSNL55_Greymorning_final.oracle.tsv	stays	in its domain
examples	examples/Salishan/oracles/11-Nater-Complex-predicate-18.oracle.tsv	examples/Salishan/oracles/11-Nater-Complex-predicate-18.oracle.tsv	stays	in its domain
examples	examples/Salishan/oracles/11_ICSNL55_Huijsmans_Reisinger_Matthewson_final.oracle.tsv	examples/Salishan/oracles/11_ICSNL55_Huijsmans_Reisinger_Matthewson_final.oracle.tsv	stays	in its domain
examples	examples/Salishan/oracles/11_Reisinger-Modality-in-Comox-Sliammon.oracle.tsv	examples/Salishan/oracles/11_Reisinger-Modality-in-Comox-Sliammon.oracle.tsv	stays	in its domain
examples	examples/Salishan/oracles/12_ICSNL55_Ikonnikova_final.oracle.tsv	examples/Salishan/oracles/12_ICSNL55_Ikonnikova_final.oracle.tsv	stays	in its domain
examples	examples/Salishan/oracles/12_The-flip-side-of-lexical-tabooing.oracle.tsv	examples/Salishan/oracles/12_The-flip-side-of-lexical-tabooing.oracle.tsv	stays	in its domain
examples	examples/Salishan/oracles/13-Heins_Matthewson_ICSNL50_final-32.oracle.tsv	examples/Salishan/oracles/13-Heins_Matthewson_ICSNL50_final-32.oracle.tsv	stays	in its domain
examples	examples/Salishan/oracles/13_ICSNL55_Johnson_Barnes_Hardwick_final.oracle.tsv	examples/Salishan/oracles/13_ICSNL55_Johnson_Barnes_Hardwick_final.oracle.tsv	stays	in its domain
examples	examples/Salishan/oracles/13_KSardinha_Deriving-Eventual-ity-Types-in-Kwak’wala.oracle.tsv	examples/Salishan/oracles/13_KSardinha_Deriving-Eventual-ity-Types-in-Kwak’wala.oracle.tsv	stays	in its domain
examples	examples/Salishan/oracles/14-Davis_Forbes_ICSNL50_final-32.oracle.tsv	examples/Salishan/oracles/14-Davis_Forbes_ICSNL50_final-32.oracle.tsv	stays	in its domain
examples	examples/Salishan/oracles/14_ICSNL55_Lyon_Czaykowska-Higgins_final.oracle.tsv	examples/Salishan/oracles/14_ICSNL55_Lyon_Czaykowska-Higgins_final.oracle.tsv	stays	in its domain
examples	examples/Salishan/oracles/15-Frim_ICSNL50_final-34.oracle.tsv	examples/Salishan/oracles/15-Frim_ICSNL50_final-34.oracle.tsv	stays	in its domain
examples	examples/Salishan/oracles/15_ICSNL55_Mellesmoen_Urbanczyk_final.oracle.md	examples/Salishan/oracles/15_ICSNL55_Mellesmoen_Urbanczyk_final.oracle.md	stays	in its domain
examples	examples/Salishan/oracles/15_ICSNL55_Mellesmoen_Urbanczyk_final.oracle.tsv	examples/Salishan/oracles/15_ICSNL55_Mellesmoen_Urbanczyk_final.oracle.tsv	stays	in its domain
examples	examples/Salishan/oracles/16-Robertson_ICSNL_final-34.oracle.tsv	examples/Salishan/oracles/16-Robertson_ICSNL_final-34.oracle.tsv	stays	in its domain
examples	examples/Salishan/oracles/16_ICSNL_Pincott_final.oracle.tsv	examples/Salishan/oracles/16_ICSNL_Pincott_final.oracle.tsv	stays	in its domain
examples	examples/Salishan/oracles/17-Zenk_revised.oracle.tsv	examples/Salishan/oracles/17-Zenk_revised.oracle.tsv	stays	in its domain
examples	examples/Salishan/oracles/17_ICSNL55_Sardinha1_final.oracle.tsv	examples/Salishan/oracles/17_ICSNL55_Sardinha1_final.oracle.tsv	stays	in its domain
examples	examples/Salishan/oracles/18_ICSNL55_Sardinha2_final.oracle.tsv	examples/Salishan/oracles/18_ICSNL55_Sardinha2_final.oracle.tsv	stays	in its domain
examples	examples/Salishan/oracles/19-Lyon_ICSNL50_final-78.oracle.tsv	examples/Salishan/oracles/19-Lyon_ICSNL50_final-78.oracle.tsv	stays	in its domain
examples	examples/Salishan/oracles/1967_Elmendorf.oracle.tsv	examples/Salishan/oracles/1967_Elmendorf.oracle.tsv	stays	in its domain
examples	examples/Salishan/oracles/1967_Hamp.oracle.tsv	examples/Salishan/oracles/1967_Hamp.oracle.tsv	stays	in its domain
examples	examples/Salishan/oracles/1967_Hess.oracle.tsv	examples/Salishan/oracles/1967_Hess.oracle.tsv	stays	in its domain
examples	examples/Salishan/oracles/1967_Kinkade.oracle.tsv	examples/Salishan/oracles/1967_Kinkade.oracle.tsv	stays	in its domain
examples	examples/Salishan/oracles/1975_Hilbert_Hess.oracle.tsv	examples/Salishan/oracles/1975_Hilbert_Hess.oracle.tsv	stays	in its domain
examples	examples/Salishan/oracles/1983_Hilbert.oracle.md	examples/Salishan/oracles/1983_Hilbert.oracle.md	stays	in its domain
examples	examples/Salishan/oracles/1983_Hilbert.oracle.tsv	examples/Salishan/oracles/1983_Hilbert.oracle.tsv	stays	in its domain
examples	examples/Salishan/oracles/19_ICSNL55_Shek_final.oracle.tsv	examples/Salishan/oracles/19_ICSNL55_Shek_final.oracle.tsv	stays	in its domain
examples	examples/Salishan/oracles/1_Expressing-Future-Certainty-in-Comox.oracle.tsv	examples/Salishan/oracles/1_Expressing-Future-Certainty-in-Comox.oracle.tsv	stays	in its domain
examples	examples/Salishan/oracles/20-Lonsdale_ICSNL50_final-10.oracle.tsv	examples/Salishan/oracles/20-Lonsdale_ICSNL50_final-10.oracle.tsv	stays	in its domain
examples	examples/Salishan/oracles/2001_Kinley.oracle.tsv	examples/Salishan/oracles/2001_Kinley.oracle.tsv	stays	in its domain
examples	examples/Salishan/oracles/2009_Bates_Lonsdale.oracle.tsv	examples/Salishan/oracles/2009_Bates_Lonsdale.oracle.tsv	stays	in its domain
examples	examples/Salishan/oracles/2009_Matthewson.oracle.tsv	examples/Salishan/oracles/2009_Matthewson.oracle.tsv	stays	in its domain
examples	examples/Salishan/oracles/2009_Miyashita_Chatsis.oracle.tsv	examples/Salishan/oracles/2009_Miyashita_Chatsis.oracle.tsv	stays	in its domain
examples	examples/Salishan/oracles/2009_Miyashita_ManyBears.oracle.tsv	examples/Salishan/oracles/2009_Miyashita_ManyBears.oracle.tsv	stays	in its domain
examples	examples/Salishan/oracles/2010_Baier.oracle.tsv	examples/Salishan/oracles/2010_Baier.oracle.tsv	stays	in its domain
examples	examples/Salishan/oracles/2010_Denzer-King.oracle.tsv	examples/Salishan/oracles/2010_Denzer-King.oracle.tsv	stays	in its domain
examples	examples/Salishan/oracles/2010_Gerdts.oracle.tsv	examples/Salishan/oracles/2010_Gerdts.oracle.tsv	stays	in its domain
examples	examples/Salishan/oracles/2010_Herrling.oracle.tsv	examples/Salishan/oracles/2010_Herrling.oracle.tsv	stays	in its domain
examples	examples/Salishan/oracles/2010_Lyon.oracle.tsv	examples/Salishan/oracles/2010_Lyon.oracle.tsv	stays	in its domain
examples	examples/Salishan/oracles/2010_Mayer.oracle.tsv	examples/Salishan/oracles/2010_Mayer.oracle.tsv	stays	in its domain
examples	examples/Salishan/oracles/2010_Turner.oracle.tsv	examples/Salishan/oracles/2010_Turner.oracle.tsv	stays	in its domain
examples	examples/Salishan/oracles/2010_Urbanczyk.oracle.tsv	examples/Salishan/oracles/2010_Urbanczyk.oracle.tsv	stays	in its domain
examples	examples/Salishan/oracles/2010_vanEijk.oracle.tsv	examples/Salishan/oracles/2010_vanEijk.oracle.tsv	stays	in its domain
examples	examples/Salishan/oracles/2011_Black.oracle.tsv	examples/Salishan/oracles/2011_Black.oracle.tsv	stays	in its domain
examples	examples/Salishan/oracles/2011_Blamire.oracle.tsv	examples/Salishan/oracles/2011_Blamire.oracle.tsv	stays	in its domain
examples	examples/Salishan/oracles/2011_Gerdts_Peter.oracle.tsv	examples/Salishan/oracles/2011_Gerdts_Peter.oracle.tsv	stays	in its domain
examples	examples/Salishan/oracles/2011_Jantzen.oracle.tsv	examples/Salishan/oracles/2011_Jantzen.oracle.tsv	stays	in its domain
examples	examples/Salishan/oracles/2011_Laturnus.oracle.tsv	examples/Salishan/oracles/2011_Laturnus.oracle.tsv	stays	in its domain
examples	examples/Salishan/oracles/2011_Littell_Mackie.oracle.tsv	examples/Salishan/oracles/2011_Littell_Mackie.oracle.tsv	stays	in its domain
examples	examples/Salishan/oracles/2011_Lonsdale_Matsushita.oracle.tsv	examples/Salishan/oracles/2011_Lonsdale_Matsushita.oracle.tsv	stays	in its domain
examples	examples/Salishan/oracles/2011_Matheson.oracle.tsv	examples/Salishan/oracles/2011_Matheson.oracle.tsv	stays	in its domain
examples	examples/Salishan/oracles/2011_Noguchi.oracle.tsv	examples/Salishan/oracles/2011_Noguchi.oracle.tsv	stays	in its domain
examples	examples/Salishan/oracles/2011_Sardinha.oracle.tsv	examples/Salishan/oracles/2011_Sardinha.oracle.tsv	stays	in its domain
examples	examples/Salishan/oracles/2011_Smith.oracle.tsv	examples/Salishan/oracles/2011_Smith.oracle.tsv	stays	in its domain
examples	examples/Salishan/oracles/2011_Stewart.oracle.tsv	examples/Salishan/oracles/2011_Stewart.oracle.tsv	stays	in its domain
examples	examples/Salishan/oracles/2011_Turner.oracle.tsv	examples/Salishan/oracles/2011_Turner.oracle.tsv	stays	in its domain
examples	examples/Salishan/oracles/2011_Urbanczyk.oracle.tsv	examples/Salishan/oracles/2011_Urbanczyk.oracle.tsv	stays	in its domain
examples	examples/Salishan/oracles/2011_van_Eijk.oracle.tsv	examples/Salishan/oracles/2011_van_Eijk.oracle.tsv	stays	in its domain
examples	examples/Salishan/oracles/2012_Bird.oracle.tsv	examples/Salishan/oracles/2012_Bird.oracle.tsv	stays	in its domain
examples	examples/Salishan/oracles/2012_Davis_H_vanEijk.oracle.tsv	examples/Salishan/oracles/2012_Davis_H_vanEijk.oracle.tsv	stays	in its domain
examples	examples/Salishan/oracles/2012_Davis_J.oracle.tsv	examples/Salishan/oracles/2012_Davis_J.oracle.tsv	stays	in its domain
examples	examples/Salishan/oracles/2012_Forbes.oracle.tsv	examples/Salishan/oracles/2012_Forbes.oracle.tsv	stays	in its domain
examples	examples/Salishan/oracles/2012_Galloway.oracle.tsv	examples/Salishan/oracles/2012_Galloway.oracle.tsv	stays	in its domain
examples	examples/Salishan/oracles/2012_Jacobs.oracle.tsv	examples/Salishan/oracles/2012_Jacobs.oracle.tsv	stays	in its domain
examples	examples/Salishan/oracles/2012_Lee.oracle.tsv	examples/Salishan/oracles/2012_Lee.oracle.tsv	stays	in its domain
examples	examples/Salishan/oracles/2012_Robertson.oracle.tsv	examples/Salishan/oracles/2012_Robertson.oracle.tsv	stays	in its domain
examples	examples/Salishan/oracles/2012_Rude.oracle.tsv	examples/Salishan/oracles/2012_Rude.oracle.tsv	stays	in its domain
examples	examples/Salishan/oracles/2012_Tammpere_Birdstone_Wiltschko.oracle.tsv	examples/Salishan/oracles/2012_Tammpere_Birdstone_Wiltschko.oracle.tsv	stays	in its domain
examples	examples/Salishan/oracles/2013_Aistainskiaakii.oracle.tsv	examples/Salishan/oracles/2013_Aistainskiaakii.oracle.tsv	stays	in its domain
examples	examples/Salishan/oracles/2013_Lindley_Lyon.oracle.tsv	examples/Salishan/oracles/2013_Lindley_Lyon.oracle.tsv	stays	in its domain
examples	examples/Salishan/oracles/2013_Nater.oracle.tsv	examples/Salishan/oracles/2013_Nater.oracle.tsv	stays	in its domain
examples	examples/Salishan/oracles/2013_Palmer.oracle.tsv	examples/Salishan/oracles/2013_Palmer.oracle.tsv	stays	in its domain
examples	examples/Salishan/oracles/2013_Sardinha.oracle.tsv	examples/Salishan/oracles/2013_Sardinha.oracle.tsv	stays	in its domain
examples	examples/Salishan/oracles/2013_van_Eijk.oracle.tsv	examples/Salishan/oracles/2013_van_Eijk.oracle.tsv	stays	in its domain
examples	examples/Salishan/oracles/20_ICSNL55_Sobolak_final.oracle.tsv	examples/Salishan/oracles/20_ICSNL55_Sobolak_final.oracle.tsv	stays	in its domain
examples	examples/Salishan/oracles/21-Abraham_ICSNL50_final-4.oracle.tsv	examples/Salishan/oracles/21-Abraham_ICSNL50_final-4.oracle.tsv	stays	in its domain
examples	examples/Salishan/oracles/22-Nater-Bella-Coola-tale-10.oracle.tsv	examples/Salishan/oracles/22-Nater-Bella-Coola-tale-10.oracle.tsv	stays	in its domain
examples	examples/Salishan/oracles/22_ICSNL55_Webb_final.oracle.tsv	examples/Salishan/oracles/22_ICSNL55_Webb_final.oracle.tsv	stays	in its domain
examples	examples/Salishan/oracles/24-Deal-ICSNL50_final-26.oracle.tsv	examples/Salishan/oracles/24-Deal-ICSNL50_final-26.oracle.tsv	stays	in its domain
examples	examples/Salishan/oracles/25-Mattina-Reichards-ear-08.oracle.tsv	examples/Salishan/oracles/25-Mattina-Reichards-ear-08.oracle.tsv	stays	in its domain
examples	examples/Salishan/oracles/2_huijsmans_reisinger.oracle.tsv	examples/Salishan/oracles/2_huijsmans_reisinger.oracle.tsv	stays	in its domain
examples	examples/Salishan/oracles/3_Inman_2018.oracle.tsv	examples/Salishan/oracles/3_Inman_2018.oracle.tsv	stays	in its domain
examples	examples/Salishan/oracles/4_Lost-Lexicon-of-Dawson-final.oracle.tsv	examples/Salishan/oracles/4_Lost-Lexicon-of-Dawson-final.oracle.tsv	stays	in its domain
examples	examples/Salishan/oracles/5_Lyon-Davis_2018.oracle.tsv	examples/Salishan/oracles/5_Lyon-Davis_2018.oracle.tsv	stays	in its domain
examples	examples/Salishan/oracles/6_ICSNL2018_MarshallBird.oracle.tsv	examples/Salishan/oracles/6_ICSNL2018_MarshallBird.oracle.tsv	stays	in its domain
examples	examples/Salishan/oracles/7_Mellesmoen_SV_ComoxSliammon.oracle.tsv	examples/Salishan/oracles/7_Mellesmoen_SV_ComoxSliammon.oracle.tsv	stays	in its domain
examples	examples/Salishan/oracles/8_Mellesmoen_ICSNLinfixpaper.oracle.tsv	examples/Salishan/oracles/8_Mellesmoen_ICSNLinfixpaper.oracle.tsv	stays	in its domain
examples	examples/Salishan/oracles/9_vestiges-of-tsimshianic.oracle.tsv	examples/Salishan/oracles/9_vestiges-of-tsimshianic.oracle.tsv	stays	in its domain
examples	examples/Salishan/oracles/AlexanderDavis_ICSNL61.oracle.tsv	examples/Salishan/oracles/AlexanderDavis_ICSNL61.oracle.tsv	stays	in its domain
examples	examples/Salishan/oracles/AlexanderLyonAndrew_Narrative_final.oracle.tsv	examples/Salishan/oracles/AlexanderLyonAndrew_Narrative_final.oracle.tsv	stays	in its domain
examples	examples/Salishan/oracles/AlperetalICSNL60.oracle.md	examples/Salishan/oracles/AlperetalICSNL60.oracle.md	stays	in its domain
examples	examples/Salishan/oracles/AlperetalICSNL60.oracle.tsv	examples/Salishan/oracles/AlperetalICSNL60.oracle.tsv	stays	in its domain
examples	examples/Salishan/oracles/Barreiro_ICSNL61.oracle.md	examples/Salishan/oracles/Barreiro_ICSNL61.oracle.md	stays	in its domain
examples	examples/Salishan/oracles/Barreiro_ICSNL61.oracle.tsv	examples/Salishan/oracles/Barreiro_ICSNL61.oracle.tsv	stays	in its domain
examples	examples/Salishan/oracles/Bischoff-etal-final.oracle.tsv	examples/Salishan/oracles/Bischoff-etal-final.oracle.tsv	stays	in its domain
examples	examples/Salishan/oracles/BrownICSNL60.oracle.md	examples/Salishan/oracles/BrownICSNL60.oracle.md	stays	in its domain
examples	examples/Salishan/oracles/BrownICSNL60.oracle.tsv	examples/Salishan/oracles/BrownICSNL60.oracle.tsv	stays	in its domain
examples	examples/Salishan/oracles/Davis-NederveenICSNL60.oracle.md	examples/Salishan/oracles/Davis-NederveenICSNL60.oracle.md	stays	in its domain
examples	examples/Salishan/oracles/Davis-NederveenICSNL60.oracle.tsv	examples/Salishan/oracles/Davis-NederveenICSNL60.oracle.tsv	stays	in its domain
examples	examples/Salishan/oracles/Davis-final.oracle.tsv	examples/Salishan/oracles/Davis-final.oracle.tsv	stays	in its domain
examples	examples/Salishan/oracles/DavisICSNL60.oracle.md	examples/Salishan/oracles/DavisICSNL60.oracle.md	stays	in its domain
examples	examples/Salishan/oracles/DavisICSNL60.oracle.tsv	examples/Salishan/oracles/DavisICSNL60.oracle.tsv	stays	in its domain
examples	examples/Salishan/oracles/Davis_H_ICSNL61.oracle.md	examples/Salishan/oracles/Davis_H_ICSNL61.oracle.md	stays	in its domain
examples	examples/Salishan/oracles/Davis_H_ICSNL61.oracle.tsv	examples/Salishan/oracles/Davis_H_ICSNL61.oracle.tsv	stays	in its domain
examples	examples/Salishan/oracles/Dominick_et_al_ICSNL61.oracle.md	examples/Salishan/oracles/Dominick_et_al_ICSNL61.oracle.md	stays	in its domain
examples	examples/Salishan/oracles/Dominick_et_al_ICSNL61.oracle.tsv	examples/Salishan/oracles/Dominick_et_al_ICSNL61.oracle.tsv	stays	in its domain
examples	examples/Salishan/oracles/Eijk_2007.oracle.tsv	examples/Salishan/oracles/Eijk_2007.oracle.tsv	stays	in its domain
examples	examples/Salishan/oracles/Forbes_2019_ICSNL.oracle.tsv	examples/Salishan/oracles/Forbes_2019_ICSNL.oracle.tsv	stays	in its domain
examples	examples/Salishan/oracles/Gilmour_ICSNL61.oracle.md	examples/Salishan/oracles/Gilmour_ICSNL61.oracle.md	stays	in its domain
examples	examples/Salishan/oracles/Gilmour_ICSNL61.oracle.tsv	examples/Salishan/oracles/Gilmour_ICSNL61.oracle.tsv	stays	in its domain
examples	examples/Salishan/oracles/Griffin_2019_ICSNL.oracle.tsv	examples/Salishan/oracles/Griffin_2019_ICSNL.oracle.tsv	stays	in its domain
examples	examples/Salishan/oracles/Guntly-final.oracle.tsv	examples/Salishan/oracles/Guntly-final.oracle.tsv	stays	in its domain
examples	examples/Salishan/oracles/HDavisMellesmoen_2019_ICSNL.oracle.tsv	examples/Salishan/oracles/HDavisMellesmoen_2019_ICSNL.oracle.tsv	stays	in its domain
examples	examples/Salishan/oracles/HDavis_2019_ICSNL.oracle.tsv	examples/Salishan/oracles/HDavis_2019_ICSNL.oracle.tsv	stays	in its domain
examples	examples/Salishan/oracles/Hall-Luntzlara-Mellesmoen-Reid-ICSNL60.oracle.md	examples/Salishan/oracles/Hall-Luntzlara-Mellesmoen-Reid-ICSNL60.oracle.md	stays	in its domain
examples	examples/Salishan/oracles/Hall-Luntzlara-Mellesmoen-Reid-ICSNL60.oracle.tsv	examples/Salishan/oracles/Hall-Luntzlara-Mellesmoen-Reid-ICSNL60.oracle.tsv	stays	in its domain
examples	examples/Salishan/oracles/Hall-et-al_-ICSNL_61-1.oracle.tsv	examples/Salishan/oracles/Hall-et-al_-ICSNL_61-1.oracle.tsv	stays	in its domain
examples	examples/Salishan/oracles/HallPhillipsICSNL60.oracle.tsv	examples/Salishan/oracles/HallPhillipsICSNL60.oracle.tsv	stays	in its domain
examples	examples/Salishan/oracles/HannonICSNL60.oracle.md	examples/Salishan/oracles/HannonICSNL60.oracle.md	stays	in its domain
examples	examples/Salishan/oracles/HannonICSNL60.oracle.tsv	examples/Salishan/oracles/HannonICSNL60.oracle.tsv	stays	in its domain
examples	examples/Salishan/oracles/HillMatthewsonICSNL60.oracle.md	examples/Salishan/oracles/HillMatthewsonICSNL60.oracle.md	stays	in its domain
examples	examples/Salishan/oracles/HillMatthewsonICSNL60.oracle.tsv	examples/Salishan/oracles/HillMatthewsonICSNL60.oracle.tsv	stays	in its domain
examples	examples/Salishan/oracles/ICSNL55_Davis_Huijsmans_Mellesmoen_final2.oracle.tsv	examples/Salishan/oracles/ICSNL55_Davis_Huijsmans_Mellesmoen_final2.oracle.tsv	stays	in its domain
examples	examples/Salishan/oracles/ICSNL55_program.oracle.tsv	examples/Salishan/oracles/ICSNL55_program.oracle.tsv	stays	in its domain
examples	examples/Salishan/oracles/ICSNL56_DavisH_Nederveen_final.oracle.md	examples/Salishan/oracles/ICSNL56_DavisH_Nederveen_final.oracle.md	stays	in its domain
examples	examples/Salishan/oracles/ICSNL56_DavisH_Nederveen_final.oracle.tsv	examples/Salishan/oracles/ICSNL56_DavisH_Nederveen_final.oracle.tsv	stays	in its domain
examples	examples/Salishan/oracles/ICSNL56_DavisJ_1_final.oracle.md	examples/Salishan/oracles/ICSNL56_DavisJ_1_final.oracle.md	stays	in its domain
examples	examples/Salishan/oracles/ICSNL56_DavisJ_1_final.oracle.tsv	examples/Salishan/oracles/ICSNL56_DavisJ_1_final.oracle.tsv	stays	in its domain
examples	examples/Salishan/oracles/ICSNL56_DavisJ_2_final-1.oracle.tsv	examples/Salishan/oracles/ICSNL56_DavisJ_2_final-1.oracle.tsv	stays	in its domain
examples	examples/Salishan/oracles/ICSNL56_Huijsmans_Mellesmoen_final.oracle.md	examples/Salishan/oracles/ICSNL56_Huijsmans_Mellesmoen_final.oracle.md	stays	in its domain
examples	examples/Salishan/oracles/ICSNL56_Huijsmans_Mellesmoen_final.oracle.tsv	examples/Salishan/oracles/ICSNL56_Huijsmans_Mellesmoen_final.oracle.tsv	stays	in its domain
examples	examples/Salishan/oracles/ICSNL56_Inman_correction.oracle.md	examples/Salishan/oracles/ICSNL56_Inman_correction.oracle.md	stays	in its domain
examples	examples/Salishan/oracles/ICSNL56_Inman_correction.oracle.tsv	examples/Salishan/oracles/ICSNL56_Inman_correction.oracle.tsv	stays	in its domain
examples	examples/Salishan/oracles/ICSNL56_Inman_final.oracle.md	examples/Salishan/oracles/ICSNL56_Inman_final.oracle.md	stays	in its domain
examples	examples/Salishan/oracles/ICSNL56_Inman_final.oracle.tsv	examples/Salishan/oracles/ICSNL56_Inman_final.oracle.tsv	stays	in its domain
examples	examples/Salishan/oracles/ICSNL56_KamigakiBaron_final.oracle.md	examples/Salishan/oracles/ICSNL56_KamigakiBaron_final.oracle.md	stays	in its domain
examples	examples/Salishan/oracles/ICSNL56_KamigakiBaron_final.oracle.tsv	examples/Salishan/oracles/ICSNL56_KamigakiBaron_final.oracle.tsv	stays	in its domain
examples	examples/Salishan/oracles/ICSNL56_Kye_final.oracle.md	examples/Salishan/oracles/ICSNL56_Kye_final.oracle.md	stays	in its domain
examples	examples/Salishan/oracles/ICSNL56_Kye_final.oracle.tsv	examples/Salishan/oracles/ICSNL56_Kye_final.oracle.tsv	stays	in its domain
examples	examples/Salishan/oracles/ICSNL56_Lyon_Ignace_final-2.oracle.md	examples/Salishan/oracles/ICSNL56_Lyon_Ignace_final-2.oracle.md	stays	in its domain
examples	examples/Salishan/oracles/ICSNL56_Lyon_Ignace_final-2.oracle.tsv	examples/Salishan/oracles/ICSNL56_Lyon_Ignace_final-2.oracle.tsv	stays	in its domain
examples	examples/Salishan/oracles/ICSNL56_Mellesmoen_Urbanczyk_final.oracle.md	examples/Salishan/oracles/ICSNL56_Mellesmoen_Urbanczyk_final.oracle.md	stays	in its domain
examples	examples/Salishan/oracles/ICSNL56_Mellesmoen_Urbanczyk_final.oracle.tsv	examples/Salishan/oracles/ICSNL56_Mellesmoen_Urbanczyk_final.oracle.tsv	stays	in its domain
examples	examples/Salishan/oracles/ICSNL56_Mellesmoen_final.oracle.md	examples/Salishan/oracles/ICSNL56_Mellesmoen_final.oracle.md	stays	in its domain
examples	examples/Salishan/oracles/ICSNL56_Mellesmoen_final.oracle.tsv	examples/Salishan/oracles/ICSNL56_Mellesmoen_final.oracle.tsv	stays	in its domain
examples	examples/Salishan/oracles/ICSNL56_Navarro_Nederveen_final.oracle.md	examples/Salishan/oracles/ICSNL56_Navarro_Nederveen_final.oracle.md	stays	in its domain
examples	examples/Salishan/oracles/ICSNL56_Navarro_Nederveen_final.oracle.tsv	examples/Salishan/oracles/ICSNL56_Navarro_Nederveen_final.oracle.tsv	stays	in its domain
examples	examples/Salishan/oracles/ICSNL56_Oliver_final.oracle.md	examples/Salishan/oracles/ICSNL56_Oliver_final.oracle.md	stays	in its domain
examples	examples/Salishan/oracles/ICSNL56_Oliver_final.oracle.tsv	examples/Salishan/oracles/ICSNL56_Oliver_final.oracle.tsv	stays	in its domain
examples	examples/Salishan/oracles/ICSNL56_Reisinger_Huijsmans_v1.2-1.oracle.md	examples/Salishan/oracles/ICSNL56_Reisinger_Huijsmans_v1.2-1.oracle.md	stays	in its domain
examples	examples/Salishan/oracles/ICSNL56_Reisinger_Huijsmans_v1.2-1.oracle.tsv	examples/Salishan/oracles/ICSNL56_Reisinger_Huijsmans_v1.2-1.oracle.tsv	stays	in its domain
examples	examples/Salishan/oracles/ICSNL56_Sardinha_final.oracle.md	examples/Salishan/oracles/ICSNL56_Sardinha_final.oracle.md	stays	in its domain
examples	examples/Salishan/oracles/ICSNL56_Sardinha_final.oracle.tsv	examples/Salishan/oracles/ICSNL56_Sardinha_final.oracle.tsv	stays	in its domain
examples	examples/Salishan/oracles/ICSNL56_Schneider_final.oracle.md	examples/Salishan/oracles/ICSNL56_Schneider_final.oracle.md	stays	in its domain
examples	examples/Salishan/oracles/ICSNL56_Schneider_final.oracle.tsv	examples/Salishan/oracles/ICSNL56_Schneider_final.oracle.tsv	stays	in its domain
examples	examples/Salishan/oracles/ICSNL56_Sobolak_final.oracle.md	examples/Salishan/oracles/ICSNL56_Sobolak_final.oracle.md	stays	in its domain
examples	examples/Salishan/oracles/ICSNL56_Sobolak_final.oracle.tsv	examples/Salishan/oracles/ICSNL56_Sobolak_final.oracle.tsv	stays	in its domain
examples	examples/Salishan/oracles/ICSNL56_Suharwardy_final.oracle.md	examples/Salishan/oracles/ICSNL56_Suharwardy_final.oracle.md	stays	in its domain
examples	examples/Salishan/oracles/ICSNL56_Suharwardy_final.oracle.tsv	examples/Salishan/oracles/ICSNL56_Suharwardy_final.oracle.tsv	stays	in its domain
examples	examples/Salishan/oracles/ICSNL56_Webb_final.oracle.md	examples/Salishan/oracles/ICSNL56_Webb_final.oracle.md	stays	in its domain
examples	examples/Salishan/oracles/ICSNL56_Webb_final.oracle.tsv	examples/Salishan/oracles/ICSNL56_Webb_final.oracle.tsv	stays	in its domain
examples	examples/Salishan/oracles/ICSNL56_Zenk_final.oracle.tsv	examples/Salishan/oracles/ICSNL56_Zenk_final.oracle.tsv	stays	in its domain
examples	examples/Salishan/oracles/ICSNL56_program.oracle.md	examples/Salishan/oracles/ICSNL56_program.oracle.md	stays	in its domain
examples	examples/Salishan/oracles/ICSNL56_program.oracle.tsv	examples/Salishan/oracles/ICSNL56_program.oracle.tsv	stays	in its domain
examples	examples/Salishan/oracles/ICSNL57_Finney_Ignace_Bell.oracle.md	examples/Salishan/oracles/ICSNL57_Finney_Ignace_Bell.oracle.md	stays	in its domain
examples	examples/Salishan/oracles/ICSNL57_Finney_Ignace_Bell.oracle.tsv	examples/Salishan/oracles/ICSNL57_Finney_Ignace_Bell.oracle.tsv	stays	in its domain
examples	examples/Salishan/oracles/ICSNL57_Francis_et_al.oracle.md	examples/Salishan/oracles/ICSNL57_Francis_et_al.oracle.md	stays	in its domain
examples	examples/Salishan/oracles/ICSNL57_Francis_et_al.oracle.tsv	examples/Salishan/oracles/ICSNL57_Francis_et_al.oracle.tsv	stays	in its domain
examples	examples/Salishan/oracles/ICSNL57_HDavis.oracle.md	examples/Salishan/oracles/ICSNL57_HDavis.oracle.md	stays	in its domain
examples	examples/Salishan/oracles/ICSNL57_HDavis.oracle.tsv	examples/Salishan/oracles/ICSNL57_HDavis.oracle.tsv	stays	in its domain
examples	examples/Salishan/oracles/ICSNL57_JDavis.oracle.md	examples/Salishan/oracles/ICSNL57_JDavis.oracle.md	stays	in its domain
examples	examples/Salishan/oracles/ICSNL57_JDavis.oracle.tsv	examples/Salishan/oracles/ICSNL57_JDavis.oracle.tsv	stays	in its domain
examples	examples/Salishan/oracles/ICSNL57_Mellesmoen.oracle.md	examples/Salishan/oracles/ICSNL57_Mellesmoen.oracle.md	stays	in its domain
examples	examples/Salishan/oracles/ICSNL57_Mellesmoen.oracle.tsv	examples/Salishan/oracles/ICSNL57_Mellesmoen.oracle.tsv	stays	in its domain
examples	examples/Salishan/oracles/ICSNL57_Reisinger_Griffin.oracle.md	examples/Salishan/oracles/ICSNL57_Reisinger_Griffin.oracle.md	stays	in its domain
examples	examples/Salishan/oracles/ICSNL57_Reisinger_Griffin.oracle.tsv	examples/Salishan/oracles/ICSNL57_Reisinger_Griffin.oracle.tsv	stays	in its domain
examples	examples/Salishan/oracles/ICSNL57_Schneider.oracle.md	examples/Salishan/oracles/ICSNL57_Schneider.oracle.md	stays	in its domain
examples	examples/Salishan/oracles/ICSNL57_Schneider.oracle.tsv	examples/Salishan/oracles/ICSNL57_Schneider.oracle.tsv	stays	in its domain
examples	examples/Salishan/oracles/ICSNL57_Sullivan.oracle.md	examples/Salishan/oracles/ICSNL57_Sullivan.oracle.md	stays	in its domain
examples	examples/Salishan/oracles/ICSNL57_Sullivan.oracle.tsv	examples/Salishan/oracles/ICSNL57_Sullivan.oracle.tsv	stays	in its domain
examples	examples/Salishan/oracles/ICSNL57_Zhou.oracle.md	examples/Salishan/oracles/ICSNL57_Zhou.oracle.md	stays	in its domain
examples	examples/Salishan/oracles/ICSNL57_Zhou.oracle.tsv	examples/Salishan/oracles/ICSNL57_Zhou.oracle.tsv	stays	in its domain
examples	examples/Salishan/oracles/ICSNL57_program.oracle.tsv	examples/Salishan/oracles/ICSNL57_program.oracle.tsv	stays	in its domain
examples	examples/Salishan/oracles/ICSNL58_Andreatta_Recalma_Urbanczyk_final.oracle.md	examples/Salishan/oracles/ICSNL58_Andreatta_Recalma_Urbanczyk_final.oracle.md	stays	in its domain
examples	examples/Salishan/oracles/ICSNL58_Andreatta_Recalma_Urbanczyk_final.oracle.tsv	examples/Salishan/oracles/ICSNL58_Andreatta_Recalma_Urbanczyk_final.oracle.tsv	stays	in its domain
examples	examples/Salishan/oracles/ICSNL58_Davis_Mellesmoen_final.oracle.tsv	examples/Salishan/oracles/ICSNL58_Davis_Mellesmoen_final.oracle.tsv	stays	in its domain
examples	examples/Salishan/oracles/ICSNL58_Davis_Trotter_final.oracle.md	examples/Salishan/oracles/ICSNL58_Davis_Trotter_final.oracle.md	stays	in its domain
examples	examples/Salishan/oracles/ICSNL58_Davis_Trotter_final.oracle.tsv	examples/Salishan/oracles/ICSNL58_Davis_Trotter_final.oracle.tsv	stays	in its domain
examples	examples/Salishan/oracles/ICSNL58_Givens_Hall_final.oracle.tsv	examples/Salishan/oracles/ICSNL58_Givens_Hall_final.oracle.tsv	stays	in its domain
examples	examples/Salishan/oracles/ICSNL58_Givens_final.oracle.md	examples/Salishan/oracles/ICSNL58_Givens_final.oracle.md	stays	in its domain
examples	examples/Salishan/oracles/ICSNL58_Givens_final.oracle.tsv	examples/Salishan/oracles/ICSNL58_Givens_final.oracle.tsv	stays	in its domain
examples	examples/Salishan/oracles/ICSNL58_Hall_final.oracle.md	examples/Salishan/oracles/ICSNL58_Hall_final.oracle.md	stays	in its domain
examples	examples/Salishan/oracles/ICSNL58_Hall_final.oracle.tsv	examples/Salishan/oracles/ICSNL58_Hall_final.oracle.tsv	stays	in its domain
examples	examples/Salishan/oracles/ICSNL58_Hannon_Smith_final.oracle.md	examples/Salishan/oracles/ICSNL58_Hannon_Smith_final.oracle.md	stays	in its domain
examples	examples/Salishan/oracles/ICSNL58_Hannon_Smith_final.oracle.tsv	examples/Salishan/oracles/ICSNL58_Hannon_Smith_final.oracle.tsv	stays	in its domain
examples	examples/Salishan/oracles/ICSNL58_Hannon_Stacey_Steiner_final.oracle.md	examples/Salishan/oracles/ICSNL58_Hannon_Stacey_Steiner_final.oracle.md	stays	in its domain
examples	examples/Salishan/oracles/ICSNL58_Hannon_Stacey_Steiner_final.oracle.tsv	examples/Salishan/oracles/ICSNL58_Hannon_Stacey_Steiner_final.oracle.tsv	stays	in its domain
examples	examples/Salishan/oracles/ICSNL58_Huijsmans_final2.oracle.md	examples/Salishan/oracles/ICSNL58_Huijsmans_final2.oracle.md	stays	in its domain
examples	examples/Salishan/oracles/ICSNL58_Huijsmans_final2.oracle.tsv	examples/Salishan/oracles/ICSNL58_Huijsmans_final2.oracle.tsv	stays	in its domain
examples	examples/Salishan/oracles/ICSNL58_Janzen_final.oracle.md	examples/Salishan/oracles/ICSNL58_Janzen_final.oracle.md	stays	in its domain
examples	examples/Salishan/oracles/ICSNL58_Janzen_final.oracle.tsv	examples/Salishan/oracles/ICSNL58_Janzen_final.oracle.tsv	stays	in its domain
examples	examples/Salishan/oracles/ICSNL58_Khalaji_final.oracle.md	examples/Salishan/oracles/ICSNL58_Khalaji_final.oracle.md	stays	in its domain
examples	examples/Salishan/oracles/ICSNL58_Khalaji_final.oracle.tsv	examples/Salishan/oracles/ICSNL58_Khalaji_final.oracle.tsv	stays	in its domain
examples	examples/Salishan/oracles/ICSNL58_Kye_final.oracle.md	examples/Salishan/oracles/ICSNL58_Kye_final.oracle.md	stays	in its domain
examples	examples/Salishan/oracles/ICSNL58_Kye_final.oracle.tsv	examples/Salishan/oracles/ICSNL58_Kye_final.oracle.tsv	stays	in its domain
examples	examples/Salishan/oracles/ICSNL58_Lyon_final.oracle.md	examples/Salishan/oracles/ICSNL58_Lyon_final.oracle.md	stays	in its domain
examples	examples/Salishan/oracles/ICSNL58_Lyon_final.oracle.tsv	examples/Salishan/oracles/ICSNL58_Lyon_final.oracle.tsv	stays	in its domain
examples	examples/Salishan/oracles/ICSNL58_Matthewson_final.oracle.md	examples/Salishan/oracles/ICSNL58_Matthewson_final.oracle.md	stays	in its domain
examples	examples/Salishan/oracles/ICSNL58_Matthewson_final.oracle.tsv	examples/Salishan/oracles/ICSNL58_Matthewson_final.oracle.tsv	stays	in its domain
examples	examples/Salishan/oracles/ICSNL58_McCarthy_Schnoor_final.oracle.md	examples/Salishan/oracles/ICSNL58_McCarthy_Schnoor_final.oracle.md	stays	in its domain
examples	examples/Salishan/oracles/ICSNL58_McCarthy_Schnoor_final.oracle.tsv	examples/Salishan/oracles/ICSNL58_McCarthy_Schnoor_final.oracle.tsv	stays	in its domain
examples	examples/Salishan/oracles/ICSNL58_Menon_final.oracle.md	examples/Salishan/oracles/ICSNL58_Menon_final.oracle.md	stays	in its domain
examples	examples/Salishan/oracles/ICSNL58_Menon_final.oracle.tsv	examples/Salishan/oracles/ICSNL58_Menon_final.oracle.tsv	stays	in its domain
examples	examples/Salishan/oracles/ICSNL58_Nater_final2.oracle.md	examples/Salishan/oracles/ICSNL58_Nater_final2.oracle.md	stays	in its domain
examples	examples/Salishan/oracles/ICSNL58_Nater_final2.oracle.tsv	examples/Salishan/oracles/ICSNL58_Nater_final2.oracle.tsv	stays	in its domain
examples	examples/Salishan/oracles/ICSNL58_Reid_final.oracle.md	examples/Salishan/oracles/ICSNL58_Reid_final.oracle.md	stays	in its domain
examples	examples/Salishan/oracles/ICSNL58_Reid_final.oracle.tsv	examples/Salishan/oracles/ICSNL58_Reid_final.oracle.tsv	stays	in its domain
examples	examples/Salishan/oracles/ICSNL58_Schedule.oracle.md	examples/Salishan/oracles/ICSNL58_Schedule.oracle.md	stays	in its domain
examples	examples/Salishan/oracles/ICSNL58_Schedule.oracle.tsv	examples/Salishan/oracles/ICSNL58_Schedule.oracle.tsv	stays	in its domain
examples	examples/Salishan/oracles/ICSNL58_Schillo_final.oracle.md	examples/Salishan/oracles/ICSNL58_Schillo_final.oracle.md	stays	in its domain
examples	examples/Salishan/oracles/ICSNL58_Schillo_final.oracle.tsv	examples/Salishan/oracles/ICSNL58_Schillo_final.oracle.tsv	stays	in its domain
examples	examples/Salishan/oracles/ICSNL58_Schneider_final.oracle.md	examples/Salishan/oracles/ICSNL58_Schneider_final.oracle.md	stays	in its domain
examples	examples/Salishan/oracles/ICSNL58_Schneider_final.oracle.tsv	examples/Salishan/oracles/ICSNL58_Schneider_final.oracle.tsv	stays	in its domain
examples	examples/Salishan/oracles/ICSNL59_Andreatta_Recalma_Urbanczyk_finished.oracle.md	examples/Salishan/oracles/ICSNL59_Andreatta_Recalma_Urbanczyk_finished.oracle.md	stays	in its domain
examples	examples/Salishan/oracles/ICSNL59_Andreatta_Recalma_Urbanczyk_finished.oracle.tsv	examples/Salishan/oracles/ICSNL59_Andreatta_Recalma_Urbanczyk_finished.oracle.tsv	stays	in its domain
examples	examples/Salishan/oracles/ICSNL59_Baleno_Janzen_Yoder_final.oracle.md	examples/Salishan/oracles/ICSNL59_Baleno_Janzen_Yoder_final.oracle.md	stays	in its domain
examples	examples/Salishan/oracles/ICSNL59_Baleno_Janzen_Yoder_final.oracle.tsv	examples/Salishan/oracles/ICSNL59_Baleno_Janzen_Yoder_final.oracle.tsv	stays	in its domain
examples	examples/Salishan/oracles/ICSNL59_Davis_final.oracle.md	examples/Salishan/oracles/ICSNL59_Davis_final.oracle.md	stays	in its domain
examples	examples/Salishan/oracles/ICSNL59_Davis_final.oracle.tsv	examples/Salishan/oracles/ICSNL59_Davis_final.oracle.tsv	stays	in its domain
examples	examples/Salishan/oracles/ICSNL59_Diep_Xu_Babel_Bochnak_final.oracle.md	examples/Salishan/oracles/ICSNL59_Diep_Xu_Babel_Bochnak_final.oracle.md	stays	in its domain
examples	examples/Salishan/oracles/ICSNL59_Diep_Xu_Babel_Bochnak_final.oracle.tsv	examples/Salishan/oracles/ICSNL59_Diep_Xu_Babel_Bochnak_final.oracle.tsv	stays	in its domain
examples	examples/Salishan/oracles/ICSNL59_Garcia_Hannon_Stacey_final.oracle.tsv	examples/Salishan/oracles/ICSNL59_Garcia_Hannon_Stacey_final.oracle.tsv	stays	in its domain
examples	examples/Salishan/oracles/ICSNL59_Gerdts_Johnny_Kye_final.oracle.md	examples/Salishan/oracles/ICSNL59_Gerdts_Johnny_Kye_final.oracle.md	stays	in its domain
examples	examples/Salishan/oracles/ICSNL59_Gerdts_Johnny_Kye_final.oracle.tsv	examples/Salishan/oracles/ICSNL59_Gerdts_Johnny_Kye_final.oracle.tsv	stays	in its domain
examples	examples/Salishan/oracles/ICSNL59_Hall__Phillips_final.oracle.md	examples/Salishan/oracles/ICSNL59_Hall__Phillips_final.oracle.md	stays	in its domain
examples	examples/Salishan/oracles/ICSNL59_Hall__Phillips_final.oracle.tsv	examples/Salishan/oracles/ICSNL59_Hall__Phillips_final.oracle.tsv	stays	in its domain
examples	examples/Salishan/oracles/ICSNL59_Hannon_final.oracle.md	examples/Salishan/oracles/ICSNL59_Hannon_final.oracle.md	stays	in its domain
examples	examples/Salishan/oracles/ICSNL59_Hannon_final.oracle.tsv	examples/Salishan/oracles/ICSNL59_Hannon_final.oracle.tsv	stays	in its domain
examples	examples/Salishan/oracles/ICSNL59_Huijsmans_McCarthy_final.oracle.md	examples/Salishan/oracles/ICSNL59_Huijsmans_McCarthy_final.oracle.md	stays	in its domain
examples	examples/Salishan/oracles/ICSNL59_Huijsmans_McCarthy_final.oracle.tsv	examples/Salishan/oracles/ICSNL59_Huijsmans_McCarthy_final.oracle.tsv	stays	in its domain
examples	examples/Salishan/oracles/ICSNL59_Ikonnikova_Kalinin_final.oracle.md	examples/Salishan/oracles/ICSNL59_Ikonnikova_Kalinin_final.oracle.md	stays	in its domain
examples	examples/Salishan/oracles/ICSNL59_Ikonnikova_Kalinin_final.oracle.tsv	examples/Salishan/oracles/ICSNL59_Ikonnikova_Kalinin_final.oracle.tsv	stays	in its domain
examples	examples/Salishan/oracles/ICSNL59_JPCTP_final.oracle.md	examples/Salishan/oracles/ICSNL59_JPCTP_final.oracle.md	stays	in its domain
examples	examples/Salishan/oracles/ICSNL59_JPCTP_final.oracle.tsv	examples/Salishan/oracles/ICSNL59_JPCTP_final.oracle.tsv	stays	in its domain
examples	examples/Salishan/oracles/ICSNL59_LaFontaine_Janzen_final.oracle.tsv	examples/Salishan/oracles/ICSNL59_LaFontaine_Janzen_final.oracle.tsv	stays	in its domain
examples	examples/Salishan/oracles/ICSNL59_Lyon_final.oracle.md	examples/Salishan/oracles/ICSNL59_Lyon_final.oracle.md	stays	in its domain
examples	examples/Salishan/oracles/ICSNL59_Lyon_final.oracle.tsv	examples/Salishan/oracles/ICSNL59_Lyon_final.oracle.tsv	stays	in its domain
examples	examples/Salishan/oracles/ICSNL59_Mellesmoen_Urbanczyk_final.oracle.md	examples/Salishan/oracles/ICSNL59_Mellesmoen_Urbanczyk_final.oracle.md	stays	in its domain
examples	examples/Salishan/oracles/ICSNL59_Mellesmoen_Urbanczyk_final.oracle.tsv	examples/Salishan/oracles/ICSNL59_Mellesmoen_Urbanczyk_final.oracle.tsv	stays	in its domain
examples	examples/Salishan/oracles/ICSNL59_Mellesmoen_final.oracle.md	examples/Salishan/oracles/ICSNL59_Mellesmoen_final.oracle.md	stays	in its domain
examples	examples/Salishan/oracles/ICSNL59_Mellesmoen_final.oracle.tsv	examples/Salishan/oracles/ICSNL59_Mellesmoen_final.oracle.tsv	stays	in its domain
examples	examples/Salishan/oracles/ICSNL59_Murphey_Ch_final.oracle.md	examples/Salishan/oracles/ICSNL59_Murphey_Ch_final.oracle.md	stays	in its domain
examples	examples/Salishan/oracles/ICSNL59_Murphey_Ch_final.oracle.tsv	examples/Salishan/oracles/ICSNL59_Murphey_Ch_final.oracle.tsv	stays	in its domain
examples	examples/Salishan/oracles/ICSNL59_Murphey_Jo_final.oracle.md	examples/Salishan/oracles/ICSNL59_Murphey_Jo_final.oracle.md	stays	in its domain
examples	examples/Salishan/oracles/ICSNL59_Murphey_Jo_final.oracle.tsv	examples/Salishan/oracles/ICSNL59_Murphey_Jo_final.oracle.tsv	stays	in its domain
examples	examples/Salishan/oracles/ICSNL59_Nater_1_final.oracle.md	examples/Salishan/oracles/ICSNL59_Nater_1_final.oracle.md	stays	in its domain
examples	examples/Salishan/oracles/ICSNL59_Nater_1_final.oracle.tsv	examples/Salishan/oracles/ICSNL59_Nater_1_final.oracle.tsv	stays	in its domain
examples	examples/Salishan/oracles/ICSNL59_Nater_2_final.oracle.tsv	examples/Salishan/oracles/ICSNL59_Nater_2_final.oracle.tsv	stays	in its domain
examples	examples/Salishan/oracles/ICSNL59_Nederveen_Oliver_final.oracle.md	examples/Salishan/oracles/ICSNL59_Nederveen_Oliver_final.oracle.md	stays	in its domain
examples	examples/Salishan/oracles/ICSNL59_Nederveen_Oliver_final.oracle.tsv	examples/Salishan/oracles/ICSNL59_Nederveen_Oliver_final.oracle.tsv	stays	in its domain
examples	examples/Salishan/oracles/ICSNL59_Nederveen_final.oracle.md	examples/Salishan/oracles/ICSNL59_Nederveen_final.oracle.md	stays	in its domain
examples	examples/Salishan/oracles/ICSNL59_Nederveen_final.oracle.tsv	examples/Salishan/oracles/ICSNL59_Nederveen_final.oracle.tsv	stays	in its domain
examples	examples/Salishan/oracles/ICSNL59_Oliver_final.oracle.md	examples/Salishan/oracles/ICSNL59_Oliver_final.oracle.md	stays	in its domain
examples	examples/Salishan/oracles/ICSNL59_Oliver_final.oracle.tsv	examples/Salishan/oracles/ICSNL59_Oliver_final.oracle.tsv	stays	in its domain
examples	examples/Salishan/oracles/ICSNL59_Reisinger_final.oracle.md	examples/Salishan/oracles/ICSNL59_Reisinger_final.oracle.md	stays	in its domain
examples	examples/Salishan/oracles/ICSNL59_Reisinger_final.oracle.tsv	examples/Salishan/oracles/ICSNL59_Reisinger_final.oracle.tsv	stays	in its domain
examples	examples/Salishan/oracles/ICSNL59_Robertson_final.oracle.md	examples/Salishan/oracles/ICSNL59_Robertson_final.oracle.md	stays	in its domain
examples	examples/Salishan/oracles/ICSNL59_Robertson_final.oracle.tsv	examples/Salishan/oracles/ICSNL59_Robertson_final.oracle.tsv	stays	in its domain
examples	examples/Salishan/oracles/ICSNL59_Sardinha_final.oracle.md	examples/Salishan/oracles/ICSNL59_Sardinha_final.oracle.md	stays	in its domain
examples	examples/Salishan/oracles/ICSNL59_Sardinha_final.oracle.tsv	examples/Salishan/oracles/ICSNL59_Sardinha_final.oracle.tsv	stays	in its domain
examples	examples/Salishan/oracles/ICSNL59_Schedule.oracle.md	examples/Salishan/oracles/ICSNL59_Schedule.oracle.md	stays	in its domain
examples	examples/Salishan/oracles/ICSNL59_Schedule.oracle.tsv	examples/Salishan/oracles/ICSNL59_Schedule.oracle.tsv	stays	in its domain
examples	examples/Salishan/oracles/ICSNL59_Schneider_Gerdts_final.oracle.md	examples/Salishan/oracles/ICSNL59_Schneider_Gerdts_final.oracle.md	stays	in its domain
examples	examples/Salishan/oracles/ICSNL59_Schneider_Gerdts_final.oracle.tsv	examples/Salishan/oracles/ICSNL59_Schneider_Gerdts_final.oracle.tsv	stays	in its domain
examples	examples/Salishan/oracles/ICSNL59_Smith_final.oracle.md	examples/Salishan/oracles/ICSNL59_Smith_final.oracle.md	stays	in its domain
examples	examples/Salishan/oracles/ICSNL59_Smith_final.oracle.tsv	examples/Salishan/oracles/ICSNL59_Smith_final.oracle.tsv	stays	in its domain
examples	examples/Salishan/oracles/ICSNL59_Thompson_final.oracle.md	examples/Salishan/oracles/ICSNL59_Thompson_final.oracle.md	stays	in its domain
examples	examples/Salishan/oracles/ICSNL59_Thompson_final.oracle.tsv	examples/Salishan/oracles/ICSNL59_Thompson_final.oracle.tsv	stays	in its domain
examples	examples/Salishan/oracles/IgnaceIgnaceLyon_w7eyle_final.oracle.tsv	examples/Salishan/oracles/IgnaceIgnaceLyon_w7eyle_final.oracle.tsv	stays	in its domain
examples	examples/Salishan/oracles/Ikonnikova_ICSNL61.oracle.md	examples/Salishan/oracles/Ikonnikova_ICSNL61.oracle.md	stays	in its domain
examples	examples/Salishan/oracles/Ikonnikova_ICSNL61.oracle.tsv	examples/Salishan/oracles/Ikonnikova_ICSNL61.oracle.tsv	stays	in its domain
examples	examples/Salishan/oracles/JDavis_2019_ICSNL.oracle.tsv	examples/Salishan/oracles/JDavis_2019_ICSNL.oracle.tsv	stays	in its domain
examples	examples/Salishan/oracles/Janzen_ICSNL61-1.oracle.md	examples/Salishan/oracles/Janzen_ICSNL61-1.oracle.md	stays	in its domain
examples	examples/Salishan/oracles/Janzen_ICSNL61-1.oracle.tsv	examples/Salishan/oracles/Janzen_ICSNL61-1.oracle.tsv	stays	in its domain
examples	examples/Salishan/oracles/Kelly_Huijsmans_McCarthy_ICSNL61-1.oracle.md	examples/Salishan/oracles/Kelly_Huijsmans_McCarthy_ICSNL61-1.oracle.md	stays	in its domain
examples	examples/Salishan/oracles/Kelly_Huijsmans_McCarthy_ICSNL61-1.oracle.tsv	examples/Salishan/oracles/Kelly_Huijsmans_McCarthy_ICSNL61-1.oracle.tsv	stays	in its domain
examples	examples/Salishan/oracles/Kim_TwanaReduplication_final.oracle.tsv	examples/Salishan/oracles/Kim_TwanaReduplication_final.oracle.tsv	stays	in its domain
examples	examples/Salishan/oracles/Kye2025ICSNL60.oracle.md	examples/Salishan/oracles/Kye2025ICSNL60.oracle.md	stays	in its domain
examples	examples/Salishan/oracles/Kye2025ICSNL60.oracle.tsv	examples/Salishan/oracles/Kye2025ICSNL60.oracle.tsv	stays	in its domain
examples	examples/Salishan/oracles/LouieICSNL60.oracle.md	examples/Salishan/oracles/LouieICSNL60.oracle.md	stays	in its domain
examples	examples/Salishan/oracles/LouieICSNL60.oracle.tsv	examples/Salishan/oracles/LouieICSNL60.oracle.tsv	stays	in its domain
examples	examples/Salishan/oracles/LyonICSNL60_CS.oracle.md	examples/Salishan/oracles/LyonICSNL60_CS.oracle.md	stays	in its domain
examples	examples/Salishan/oracles/LyonICSNL60_CS.oracle.tsv	examples/Salishan/oracles/LyonICSNL60_CS.oracle.tsv	stays	in its domain
examples	examples/Salishan/oracles/LyonICSNL60_Inch-2.oracle.tsv	examples/Salishan/oracles/LyonICSNL60_Inch-2.oracle.tsv	stays	in its domain
examples	examples/Salishan/oracles/Lyon_ICSNL61-1.oracle.md	examples/Salishan/oracles/Lyon_ICSNL61-1.oracle.md	stays	in its domain
examples	examples/Salishan/oracles/Lyon_ICSNL61-1.oracle.tsv	examples/Salishan/oracles/Lyon_ICSNL61-1.oracle.tsv	stays	in its domain
examples	examples/Salishan/oracles/Martin_2019_ICSNL.oracle.tsv	examples/Salishan/oracles/Martin_2019_ICSNL.oracle.tsv	stays	in its domain
examples	examples/Salishan/oracles/Matthewson_Redan_ICSNL61.oracle.md	examples/Salishan/oracles/Matthewson_Redan_ICSNL61.oracle.md	stays	in its domain
examples	examples/Salishan/oracles/Matthewson_Redan_ICSNL61.oracle.tsv	examples/Salishan/oracles/Matthewson_Redan_ICSNL61.oracle.tsv	stays	in its domain
examples	examples/Salishan/oracles/McKay_2019_ICSNL.oracle.tsv	examples/Salishan/oracles/McKay_2019_ICSNL.oracle.tsv	stays	in its domain
examples	examples/Salishan/oracles/MellesmoenAndreotti_NTrStative_final.oracle.tsv	examples/Salishan/oracles/MellesmoenAndreotti_NTrStative_final.oracle.tsv	stays	in its domain
examples	examples/Salishan/oracles/MellesmoenHuijsmans_2019_ICSNL.oracle.tsv	examples/Salishan/oracles/MellesmoenHuijsmans_2019_ICSNL.oracle.tsv	stays	in its domain
examples	examples/Salishan/oracles/MellesmoenICSNL60_BCHk.oracle.md	examples/Salishan/oracles/MellesmoenICSNL60_BCHk.oracle.md	stays	in its domain
examples	examples/Salishan/oracles/MellesmoenICSNL60_BCHk.oracle.tsv	examples/Salishan/oracles/MellesmoenICSNL60_BCHk.oracle.tsv	stays	in its domain
examples	examples/Salishan/oracles/MellesmoenICSNL60_Twana.oracle.md	examples/Salishan/oracles/MellesmoenICSNL60_Twana.oracle.md	stays	in its domain
examples	examples/Salishan/oracles/MellesmoenICSNL60_Twana.oracle.tsv	examples/Salishan/oracles/MellesmoenICSNL60_Twana.oracle.tsv	stays	in its domain
examples	examples/Salishan/oracles/Mellesmoen_2019_ICSNL.oracle.tsv	examples/Salishan/oracles/Mellesmoen_2019_ICSNL.oracle.tsv	stays	in its domain
examples	examples/Salishan/oracles/Mellesmoen_Dim_final.oracle.tsv	examples/Salishan/oracles/Mellesmoen_Dim_final.oracle.tsv	stays	in its domain
examples	examples/Salishan/oracles/Mellesmoen_Kye_ICSNL61.oracle.md	examples/Salishan/oracles/Mellesmoen_Kye_ICSNL61.oracle.md	stays	in its domain
examples	examples/Salishan/oracles/Mellesmoen_Kye_ICSNL61.oracle.tsv	examples/Salishan/oracles/Mellesmoen_Kye_ICSNL61.oracle.tsv	stays	in its domain
examples	examples/Salishan/oracles/Mellesmoen_Trotter_ICSNL61.oracle.md	examples/Salishan/oracles/Mellesmoen_Trotter_ICSNL61.oracle.md	stays	in its domain
examples	examples/Salishan/oracles/Mellesmoen_Trotter_ICSNL61.oracle.tsv	examples/Salishan/oracles/Mellesmoen_Trotter_ICSNL61.oracle.tsv	stays	in its domain
examples	examples/Salishan/oracles/MichelletalICSNL60.oracle.md	examples/Salishan/oracles/MichelletalICSNL60.oracle.md	stays	in its domain
examples	examples/Salishan/oracles/MichelletalICSNL60.oracle.tsv	examples/Salishan/oracles/MichelletalICSNL60.oracle.tsv	stays	in its domain
examples	examples/Salishan/oracles/NaterICSNL60_BellaCoola.oracle.md	examples/Salishan/oracles/NaterICSNL60_BellaCoola.oracle.md	stays	in its domain
examples	examples/Salishan/oracles/NaterICSNL60_BellaCoola.oracle.tsv	examples/Salishan/oracles/NaterICSNL60_BellaCoola.oracle.tsv	stays	in its domain
examples	examples/Salishan/oracles/Nater_2019_ICSNL.oracle.tsv	examples/Salishan/oracles/Nater_2019_ICSNL.oracle.tsv	stays	in its domain
examples	examples/Salishan/oracles/Nater_ICSNL60_resonants.oracle.md	examples/Salishan/oracles/Nater_ICSNL60_resonants.oracle.md	stays	in its domain
examples	examples/Salishan/oracles/Nater_ICSNL60_resonants.oracle.tsv	examples/Salishan/oracles/Nater_ICSNL60_resonants.oracle.tsv	stays	in its domain
examples	examples/Salishan/oracles/Phillips_et_al_ICSNL61-1.oracle.md	examples/Salishan/oracles/Phillips_et_al_ICSNL61-1.oracle.md	stays	in its domain
examples	examples/Salishan/oracles/Phillips_et_al_ICSNL61-1.oracle.tsv	examples/Salishan/oracles/Phillips_et_al_ICSNL61-1.oracle.tsv	stays	in its domain
examples	examples/Salishan/oracles/PincottICSNL60.oracle.md	examples/Salishan/oracles/PincottICSNL60.oracle.md	stays	in its domain
examples	examples/Salishan/oracles/PincottICSNL60.oracle.tsv	examples/Salishan/oracles/PincottICSNL60.oracle.tsv	stays	in its domain
examples	examples/Salishan/oracles/Pincott_ICSNL61-1.oracle.md	examples/Salishan/oracles/Pincott_ICSNL61-1.oracle.md	stays	in its domain
examples	examples/Salishan/oracles/Pincott_ICSNL61-1.oracle.tsv	examples/Salishan/oracles/Pincott_ICSNL61-1.oracle.tsv	stays	in its domain
examples	examples/Salishan/oracles/ReisingerHuijsmans_2019_ICSNL.oracle.tsv	examples/Salishan/oracles/ReisingerHuijsmans_2019_ICSNL.oracle.tsv	stays	in its domain
examples	examples/Salishan/oracles/Reisinger_ICSNL61-1.oracle.md	examples/Salishan/oracles/Reisinger_ICSNL61-1.oracle.md	stays	in its domain
examples	examples/Salishan/oracles/Reisinger_ICSNL61-1.oracle.tsv	examples/Salishan/oracles/Reisinger_ICSNL61-1.oracle.tsv	stays	in its domain
examples	examples/Salishan/oracles/Robertson_ICSNL61-1.oracle.md	examples/Salishan/oracles/Robertson_ICSNL61-1.oracle.md	stays	in its domain
examples	examples/Salishan/oracles/Robertson_ICSNL61-1.oracle.tsv	examples/Salishan/oracles/Robertson_ICSNL61-1.oracle.tsv	stays	in its domain
examples	examples/Salishan/oracles/Schneider-Gerdts_ICSNL61-1.oracle.md	examples/Salishan/oracles/Schneider-Gerdts_ICSNL61-1.oracle.md	stays	in its domain
examples	examples/Salishan/oracles/Schneider-Gerdts_ICSNL61-1.oracle.tsv	examples/Salishan/oracles/Schneider-Gerdts_ICSNL61-1.oracle.tsv	stays	in its domain
examples	examples/Salishan/oracles/SchneiderGriffinICSNL60.oracle.md	examples/Salishan/oracles/SchneiderGriffinICSNL60.oracle.md	stays	in its domain
examples	examples/Salishan/oracles/SchneiderGriffinICSNL60.oracle.tsv	examples/Salishan/oracles/SchneiderGriffinICSNL60.oracle.tsv	stays	in its domain
examples	examples/Salishan/oracles/SteinerICSNL60.oracle.md	examples/Salishan/oracles/SteinerICSNL60.oracle.md	stays	in its domain
examples	examples/Salishan/oracles/SteinerICSNL60.oracle.tsv	examples/Salishan/oracles/SteinerICSNL60.oracle.tsv	stays	in its domain
examples	examples/Salishan/oracles/Steiner_ICSNL61-1.oracle.md	examples/Salishan/oracles/Steiner_ICSNL61-1.oracle.md	stays	in its domain
examples	examples/Salishan/oracles/Steiner_ICSNL61-1.oracle.tsv	examples/Salishan/oracles/Steiner_ICSNL61-1.oracle.tsv	stays	in its domain
examples	examples/Salishan/oracles/Steiner_Matthewson_ICSNL61-1.oracle.md	examples/Salishan/oracles/Steiner_Matthewson_ICSNL61-1.oracle.md	stays	in its domain
examples	examples/Salishan/oracles/Steiner_Matthewson_ICSNL61-1.oracle.tsv	examples/Salishan/oracles/Steiner_Matthewson_ICSNL61-1.oracle.tsv	stays	in its domain
examples	examples/Salishan/oracles/Trotter_ICSNL.oracle.md	examples/Salishan/oracles/Trotter_ICSNL.oracle.md	stays	in its domain
examples	examples/Salishan/oracles/Trotter_ICSNL.oracle.tsv	examples/Salishan/oracles/Trotter_ICSNL.oracle.tsv	stays	in its domain
examples	examples/Salishan/oracles/WolfeICSNL60.oracle.tsv	examples/Salishan/oracles/WolfeICSNL60.oracle.tsv	stays	in its domain
examples	examples/Salishan/oracles/ZenkICSNL60.oracle.md	examples/Salishan/oracles/ZenkICSNL60.oracle.md	stays	in its domain
examples	examples/Salishan/oracles/ZenkICSNL60.oracle.tsv	examples/Salishan/oracles/ZenkICSNL60.oracle.tsv	stays	in its domain
examples	examples/Salishan/oracles/cusinek_et_al_ICSNL61.oracle.md	examples/Salishan/oracles/cusinek_et_al_ICSNL61.oracle.md	stays	in its domain
examples	examples/Salishan/oracles/cusinek_et_al_ICSNL61.oracle.tsv	examples/Salishan/oracles/cusinek_et_al_ICSNL61.oracle.tsv	stays	in its domain
examples	examples/Salishan/oracles/van-Eijk_SubObNPa_final.oracle.tsv	examples/Salishan/oracles/van-Eijk_SubObNPa_final.oracle.tsv	stays	in its domain
examples	examples/Salishan/oracles/wlwlmelst-Janzen_ICSNL61.oracle.md	examples/Salishan/oracles/wlwlmelst-Janzen_ICSNL61.oracle.md	stays	in its domain
examples	examples/Salishan/oracles/wlwlmelst-Janzen_ICSNL61.oracle.tsv	examples/Salishan/oracles/wlwlmelst-Janzen_ICSNL61.oracle.tsv	stays	in its domain
examples	examples/Salishan/oracles/z-2026-ICSNL-61-final-6-.oracle.md	examples/Salishan/oracles/z-2026-ICSNL-61-final-6-.oracle.md	stays	in its domain
examples	examples/Salishan/oracles/z-2026-ICSNL-61-final-6-.oracle.tsv	examples/Salishan/oracles/z-2026-ICSNL-61-final-6-.oracle.tsv	stays	in its domain
