where	who	kind	form	gloss
front	John Lyon	title	The semantics of determiner phrases in Okanagan1	page 1
front	John Lyon	name	John Lyon	author
front	John Lyon	note	University of British Columbia	page 1, under John Lyon
front	John Lyon	note	The semantics of determiners and determiner phrases (DPs) in Okanagan Salish is largely unknown, and apart from N. Mat- tina’s (2006) study of Moses-Columbian determiners, there are no other systematic investigations into the semantics of deter- miners for Southern Interior Salish languages. As such, this paper aims to contribute to our knowledge of Southern Inte- rior determiners, and to help clarify how they compare with de- terminers in Northern Interior (Matthewson, 1998) and Central Salish (Gillon, 2006) languages. In this paper, I claim that the Okanagan determiner iʔ is not simply a case marker, but is a non-deictic context-sensitive domain restrictor, in some ways similar to Sḵwx̱ú7mesh deictic determiners (Gillon, 2006). I claim that the oblique marker is semantically vacuous.	page 1, the abstract
front	John Lyon	language	Okanagan	Southern Interior Salish, the language of the paper, its Upper Nicola dialect
footnote 1	John Lyon	note	My research has been supported through grants from the Jacobs Research Fund and the American Philosophical Society. I wish to thank my main consultants, Lottie Lindley and Sarah McLeod, for their patience and willingness to work with linguists.	page 1, footnote 1, on the title
footnote 1	John Lyon	name	Lottie Lindley	a main consultant, footnote 1
footnote 1	John Lyon	name	Sarah McLeod	a main consultant, footnote 1
§1	John Lyon	heading	1 Introduction	page 1
§1	John Lyon	note	Okanagan, Moses-Columbian, Coeur d’Alene and the dialect con- tinuum known as Spokane-Kalispel-Flathead comprise the Southern Interior sub-branch of the Salish language family. Okanagan is spoken in South-central British Columbia and North-central Washington. It is critically endangered, be- ing spoken by only about 400 speakers. The Upper Nicola dialect of Okanagan is centered around the Douglas Lake (Spáx̌mən) and Quilchena (Nɬq̓íɬməlx) re- serves, close to the city of Merritt, B.C., by perhaps as few as 12 speakers.	page 1
§1	John Lyon	language	Moses-Columbian	Southern Interior Salish
§1	John Lyon	note	Okanagan, and its sister languages of the Southern Interior, differ in many ways from Northern Interior and Central Salish languages. In particular, the Upper Nicola dialect of Okanagan makes use of only one determiner, iʔ.2 This contrasts starkly with Northern Interior languages such as St’át’imcets, for example, which has an elaborate determiner system (van Eijk, 1997; Matthew- son, 1998), and somewhat less starkly with Nɬeʔkepmxcín and Secwepemctsín, which each have two referential determiners, and one non-referential determiner (Kroeber, 1999, 70).	page 1
footnote 2	John Lyon	note	Colville-Okanagan utilizes a second determiner ɬəʔ (Mattina, 1973). Upper Nicola speakers apparently do not allow ɬəʔ to take nominal complements except in copular sentences. Given this very limited distribution before nominals, the unclear syntactic status of copular structures, and the fact that ɬəʔ/ɬaʔ is used as a clausal subordinator in other contexts, I analyze it as a complementizer for the Upper Nicola dialect.	page 1, footnote 2
footnote 2	Okanagan	cited form	ɬəʔ	page 1, in italics
footnote 2	Okanagan	cited form	ɬaʔ	page 1, in italics
§1	Okanagan	cited form	iʔ	page 1, in italics
§1	John Lyon	language	St’át’imcets	Northern Interior Salish
§1	John Lyon	language	Nɬeʔkepmxcín	Northern Interior Salish
§1	John Lyon	language	Secwepemctsín	Northern Interior Salish
§1	John Lyon	note	Given the paucity of determiners in Okanagan and the Southern Inte- rior generally, the expectation is that the wide range of semantic distinctions en- coded by Northern Interior and Central Salish determiners (e.g. deictic features (Gillon, 2006), assertion-of-existence (Matthewson, 1998), etc.) will have col- lapsed for Okanagan, and that certain distinctions and features may be altogether absent. This is in fact what we find. First of all, the Okanagan determiner iʔ is not a spatial or temporal deictic. This is perhaps unsurprising, since there is no other determiner with which it might deictically contrast. Secondly, iʔ is not tied to speaker-knowledge of a referent, unlike St’át’imcets determiners (Matthew- son, 1998); however, as in Moses-Columbian DPs (Mattina, 2006, 129), there is a tendency for Okanagan iʔ DPs to be used in referential contexts.	page 2
§1	John Lyon	note	Based on a range of tests, I claim that Okanagan iʔ is a contextually sensitive domain restrictor. Essentially, a choice function (Reinhart, 1997) as- sociated with the determiner selects one singular or plural individual from the intersection of the contextual and the nominal domains, as shown in the follow- ing representation from Gillon (2006):	page 2
(1) line 1	John Lyon	note	⟦iʔ⟧ = λP[f(λx[P(x) ∧ C(x)])]	page 2, a formula
§1	John Lyon	note	The Okanagan data support Gillon (2009) who claims that the universal seman- tic core of determiners is domain restriction, with the possibility of additional language-specific variations, but question Gillon’s (2006, 2009) proposal that de- ictic features on a determiner are integral to a DP’s ability to take widest scope, since Okanagan iʔ is not obviously deictic, yet allows for widest-scope readings. Okanagan iʔ DPs, unlike St’át’imcets assertion-of-existence DPs (Matthewson, 2008), may take narrow scope with respect to negation and other operators, and also allow e-type and individual concept readings. These facts suggest that iʔ is non-deictic, that iʔ DPs are temporally free and may function as bound vari- ables, and that their referents may vary across situations.	page 2
§1	John Lyon	note	There are interesting restrictions on variable binding, however, since like St’át’imcets assertion-of-existence DPs, bound-variable readings of DPs in distributive contexts are only licensed in the presence of overt possessor mor- phology on the NP (Matthewson, 1999, 2008). The absence of clear distributive readings for non-possessed Okanagan DPs is evidence that they are in fact sco- pally inert (Matthewson, 1998; Davis, 2010), and are not generalized quantifiers (Barwise and Cooper, 1981). Thus, while an iʔ DP may be bound in the pres- ence of a higher temporal or modal operator, in the absence of such an operator, it can only denote one contextually relevant singular or plural individual.	page 2
§1	John Lyon	note	While A. Mattina (1973) states that “iʔ marks a definite complement”, and indeed it is commonly found in definite contexts, I will show that definite- ness cannot be a semantic feature of the Okanagan determiner iʔ, since it may easily surface in a variety of indefinite contexts. Okanagan iʔ shares this prop- erty with St’át’imcets ti...a DPs and Sḵwx̱ú7mesh deictic determiners. Gillon (2009) argues that definiteness is not a primitive feature, but is rather the com- bined result of domain restriction with an additional uniqueness requirement. For determiners in Sḵwx̱ú7mesh and Okanagan, uniqueness is not a requirement, but a cancellable implicature.3	page 2
footnote 3	John Lyon	note	As N. Mattina (2006) notes, determiners in Moses-Columbian are compatible with both specific or non-specific readings, encoding “only whether a phrase may have a specific interpretation.”	page 3, footnote 3
§1	St’át’imcets	cited form	ti...a	page 2, in italics
§1	John Lyon	language	Sḵwx̱ú7mesh	Central Salish
§1	John Lyon	note	Not all nominal arguments in Okanagan are introduced by iʔ: the case marker t designates a nominal as a core oblique (Kroeber, 1999, 42). The distri- bution of the determiner iʔ and the oblique marker t is syntactically driven: it is fully predictable. By way of example, a formally transitive predicate will always select for an object introduced by iʔ (2a,3a), but there is often an analogous, se- mantically similar sentence whose main predicate is morphologically intransi- tive, which will always select for an oblique object introduced by t (2b,3b).4,5	page 3
footnote 4	John Lyon	note	By formally transitive, I mean roots and stems affixed by one of several transitivizers, e.g. -nt-, -st-, -ɬt-, -xit-. By morphologically intransitive, I mean roots and stems affixed by an intransitiviz- ing suffix, e.g. middle suffix -m or intransitivizing suffix -((míx)aʔ)x. Only middles with absolutive subjects will select for oblique objects, middles with possessor subjects will select for iʔ DP objects, which is evidence that this latter class is logically transitive (Mattina, 1982, 1993b).	page 3, footnote 4
footnote 4	Okanagan	cited form	-m	page 3, in italics
footnote 4	Okanagan	cited form	-((míx)aʔ)x	page 3, in italics
footnote 5	John Lyon	note	See the end of the paper for a list of abbreviations used, and a summary chart of the Okanagan pronominal paradigms.	page 3, footnote 5
§1	Okanagan	cited form	t	page 3, in italics
(2a) line 1	Okanagan	segmentation	k̓ʷúl̓-nt-n iʔ yámx̌ʷaʔ.	page 3
(2a) line 2	Okanagan	gloss	make-DIR-1SG.ERG DET cedar bark basket	page 3
(2a) line 3	John Lyon	translation	I made the basket.	page 3
(2b) line 1	Okanagan	segmentation	kn k̓ʷúl̓-əm t yámx̌ʷaʔ.	page 3
(2b) line 2	Okanagan	gloss	1SG.ABS make-MID OBL cedar bark basket	page 3
(2b) line 3	John Lyon	translation	I made a basket.	page 3
(3a) line 1	Okanagan	segmentation	ac-ƛ̓aʔƛ̓aʔ-st-ín iʔ k̓ʷəck̓ʷáct iʔ sqəltmíxʷ.	page 3
(3a) line 2	Okanagan	gloss	CUST-look.for-CAUS-1SG.ERG DET strong DET man	page 3
(3a) line 3	John Lyon	translation	I’m looking for the strong man.	page 3
(3b) line 1	Okanagan	segmentation	kn sc-ƛ̓aʔƛ̓aʔ-míxaʔx t k̓ʷəck̓ʷáct t sqəltmíxʷ.	page 3
(3b) line 2	Okanagan	gloss	1SG.ABS IMPF-look for-INTR OBL strong OBL man	page 3
(3b) line 3	John Lyon	translation	I’m looking for a strong man.	page 3
§1	John Lyon	note	Nominal phrases introduced by t differ both syntactically and semantically from those introduced by iʔ. t is not a determiner since it may co-occur with iʔ in specific environments (cf section 2). Syntactically, oblique-marked objects in Okanagan are oblique phrases (KPs), and so contain less structure than DPs (Lyon, 2011), but still bear certain semantic resemblances to non-referential, k-type DPs in the Northern Interior languages. N. Mattina (2006, 126-128) states that Moses-Columbian obliques are “semantically oblique in the sense that they consistently show the partiality of reference of English some and the partitive use of plural and mass nouns...” and are “consistently nonspecific in their interpreta- tions.” Mattina’s observation accurately describes oblique objects in Okanagan as well, and I will present data to that effect.	page 3
§1	John Lyon	note	I claim that t is always semantically vacuous. This allows us to analyze the oblique object marker t as the same morpheme as the attributive marker t, not to mention the t which marks the ergative argument in passive contexts. The result is that t is a case-assigner in certain syntactic positions (i.e. as a K head), but not in others (i.e. as a marker of attributive modification). When t surfaces in contexts involving attributive modification, it is an overt indicator of predicate modification (Heim and Kratzer, 1998; Koch, 2006). When t is functioning as a case marker, and there is no co-occurring determiner, t indicates that the oblique nominal is semantically incorporated (Chung and Ladusaw, 2004).6 Oblique phrases in Okanagan exhibit many of the cross-linguistic hallmarks of semanti- cally incorporated nouns (Carlson, 2006), but most importantly for this paper, t is not a domain restrictor, since it is not a D0 determiner (Gillon, 2009).	page 4
footnote 6	John Lyon	note	All uses of t may perhaps be reduced to the following generalization: It indicates that an opera- tion combining two elements of type <e,t> from different syntactic categories is occurring.	page 4, footnote 6
§1	John Lyon	note	There are pragmatic, and aspectual, conditions on the use of iʔ versus t and, by extension, uses of transitive versus intransitive predicates. In this paper, I endeavour to understand how these conditions help to shed light on the seman- tics of iʔ and t. That said, there is considerable overlap between the pragmatic contexts in which iʔ and t may be used, which I take as support for an analy- sis whereby the semantic force of iʔ is achieved primarily via Gricean implica- ture (i.e. iʔ is in scalar opposition with t). In other words, while the semantics of iʔ permit both vacuous and non-vacuous applications of domain restriction, t cannot restrict the domain. Thus, when a speaker uses iʔ, he/she implies a non- vacuous application of domain restriction, which can nevertheless be pragmati- cally overruled.	page 4
§1	John Lyon	note	Section 2 consists of a brief discussion of the syntax of DPs in Okana- gan. Section 3 investigates the semantics of iʔ and t. First I show that iʔ and t are not deictic, not definite, and are neither English-style nor St’át’imcets-style indefinites. Next, I discuss the distribution of iʔ in existential and generic sen- tences, and then compare the distribution of iʔ and t across a range of contexts, showing that t is felicitous in some environments where iʔ is not, and vice-versa, and conclude that iʔ implies uniqueness and maximality of a referent, while t does not. I then cite additional data which show that iʔ interacts exclusively with strong quantifiers, and that distributive readings appear to be absent from iʔ DPs, and conclude that iʔ restricts the domain of individuals, rather than creating a generalized quantifier (Barwise and Cooper, 1981). Section 4 consists of a for- mal implementation of my analysis. Section 5 concludes. Section 6 discusses further questions, namely predicative readings of iʔ DPs in copular environ- ments, and restrictions on bound variable readings of iʔ DPs.	page 4
§2	John Lyon	heading	2 Syntax of Okanagan DPs: a summary	page 4
§2	John Lyon	note	This section consists of an overview of the distribution of the deter- miner iʔ and the oblique marker t in Okanagan, and an analysis of basic DP phrase structure.7 I abstract away from relative clauses, DP-internal possessive structures, nominalized clauses as arguments of determiners, and DP-adjoined demonstratives and quantifiers,8 instead focusing on only the most basic DP structures. An understanding of this section is important for an understanding of the compositional analysis in section 4.	page 4
footnote 7	John Lyon	note	I am currently working on a more detailed study of DP syntax, where I qualify some of my assumptions in this paper (Lyon, 2011).	page 5, footnote 7
footnote 8	John Lyon	note	Although I return to a discussion of quantifiers in later sections.	page 5, footnote 8
§2	John Lyon	note	To begin with, syntactic arguments and adjuncts in Okanagan are obli- gatorily marked by either the determiner iʔ, the oblique marker t, or one of sev- eral locative particles which are in complementary distribution with t. As men- tioned in the introductory section, the distribution of iʔ and t is syntactically pre- dictable. The determiner iʔ introduces subject arguments, and objects of for- mally transitive predicates, as in (4a). Objects of morphologically intransitive predicates (4b) will always be introduced by the oblique marker. The examples in (4) are ungrammatical if t is substituted for iʔ, or vice versa.	page 5
(4a) line 1	Okanagan	segmentation	k̓ʷúl̓-nt-n iʔ latáp.	page 5
(4a) line 2	Okanagan	gloss	make-DIR-1SG.ERG DET table	page 5
(4a) line 3	John Lyon	translation	I made the table.	page 5
(4b) line 1	Okanagan	segmentation	kn sc-k̓ʷúl̓-əm t latáp.	page 5
(4b) line 2	Okanagan	gloss	1SG.ABS IMPF-make-MID OBL table	page 5
(4b) line 3	John Lyon	translation	I’m making a table.	page 5
§2	John Lyon	note	Themes of transitive applicative sentences are also introduced by the oblique marker (5).9 The determiner is not grammatical in this position.10	page 5
footnote 9	John Lyon	note	Mattina (2001) refers to transitive applicatives as benefactive applicatives. I use terminology from Barthmaier (2002) in this paper.	page 5, footnote 9
footnote 10	John Lyon	note	Although cf N. Mattina (1993b) for data showing that iʔ may sometimes co-occur with t in such contexts. This would make them similar to locative adjuncts, which often but not always have co- occurring overt determiners. My Upper Nicola speakers do not allow iʔ in this syntactic context, so this may represent one of many dialect differences.	page 5, footnote 10
(5a) line 1	Okanagan	segmentation	k̓ʷul̓-xt-n iʔ ylmíxʷəm *iʔ/t yámx̌ʷaʔ	page 5
(5a) line 2	Okanagan	gloss	make-APPL-1SG.ERG DET chief *DET/OBL basket	page 5
(5a) line 3	John Lyon	translation	I made the chief a basket.	page 5
(5b) line 1	Okanagan	segmentation	c-ʔúkʷ-xt-m-n *iʔ/t ʔaʔúsaʔ.	page 5
(5b) line 2	Okanagan	gloss	CISL-bring-APPL-2SG.ABS-1SG.ERG *DET/OBL egg	page 5
(5b) line 3	John Lyon	translation	I brought you an egg.	page 5
§2	John Lyon	note	The oblique marker t is not a determiner, since it co-occurs with the determiner iʔ in specific grammatical environments: i.e. when marking the agent of a pas- sive (6a), an instrument (6b), and when introducing the clausal remnant of some types of relative clauses (6c) (Lyon, 2010).11	page 5
footnote 11	John Lyon	note	As exemplified by (6c), the directive transitivizer -nt- regularly elides before 1st person singular and 3rd person singular/plural ergative subject suffixes, when the root is strong (i.e. bears lexical stress). The fact that it is overt in (2a) and (4a) is unusual, since one usually finds the simpler form k̓ʷúl̓-n.	page 5, footnote 11
footnote 11	Okanagan	cited form	-nt-	page 5, in italics
footnote 11	Okanagan	cited form	k̓ʷúl̓-n	page 6, in italics
(6a) line 1	Okanagan	segmentation	kíl-nt-əm iʔ t skəmxíst.	page 6
(6a) line 2	Okanagan	gloss	chase-DIR-PASS DET OBL bear	page 6
(6a) line 3	John Lyon	translation	He was chased by the bear.	page 6
(6b) line 1	Okanagan	segmentation	t̓ʕap-nt-ís iʔ t swlwlmínk.	page 6
(6b) line 2	Okanagan	gloss	shoot-DIR-3SG.ERG DET OBL gun	page 6
(6b) line 3	John Lyon	translation	He shot it with a gun.	page 6
(6c) line 1	Okanagan	segmentation	kn sc-k̓ʷul̓-x t yámx̌ʷaʔ iʔ t	page 6
(6c) line 2	Okanagan	gloss	1SG.ABS IMPF-make-INTR OBL cedar bark basket DET OBL	page 6
(6c) line 3	Okanagan	segmentation	ks-yaʔyáʔx̌aʔ-səlx.	page 6
(6c) line 4	Okanagan	gloss	FUT-watch-(DIR)-3PL.ERG	page 6
(6c) line 5	John Lyon	translation	I’m making a basket that they will look at.	page 6
§2	John Lyon	note	The main factors determining whether an object nominal is introduced by the determiner iʔ, the oblique marker t, or both, are the selectional properties of the main predicate.12,13 This syntactic predictability contrasts sharply with the facts in related languages like St’át’imcets, where determiner choice does not auto- matically co-vary with the transitivity of the main predicate. (7) shows that in St’át’imcets, unlike Okanagan (8), different determiners may be used in the same syntactic context.14	page 6
footnote 12	John Lyon	note	N. Mattina (2002) makes the same point for Moses-Columbian, stating that “determiner choice is dictated by the clause head”.	page 6, footnote 12
footnote 13	John Lyon	note	This makes plausible an analysis whereby iʔ and t function purely as case or agreement markers. While it is true that iʔ and t will normally always reflect the selectional properties of the main pred- icate, it does not necessarily follow that the locus of referentiality might reside within the predicate complex, or that iʔ is semantically vacuous. The strongest evidence against such an approach comes from the fact that iʔ converts a predicate NP into an argument DP, and that strong quantifiers can only combine with iʔ DPs, and not oblique marked nominals. I will return to this point in section 3. Ultimately, however, any semantic account of the oblique marker and determiner in Okanagan must also explain why transitivity varies, and it seems reasonable to propose that formally transitive predicates select for domain-restricted objects.	page 6, footnote 13
footnote 14	John Lyon	note	Both assertion-of-existence ti...a and non-assertion-of-existence ku may be used in the same syntactic context, but only if the context is intensional. Sḵwx̱ú7mesh also patterns with St’át’imcets, in allowing both deictic and non-deictic determiners in the same syntactic context.	page 6, footnote 14
(7) line 1	John Lyon	note	(St’át’imcets)	page 6, over the example
(7a) line 1	St’át’imcets	segmentation	xat’-min̓-ás ti cwík’ten-a	page 6
(7a) line 2	St’át’imcets	gloss	want-APPL-3SG.ERG DET knife-EXIS	page 6
(7a) line 3	John Lyon	translation	He wants the knife.	page 6
(7b) line 1	St’át’imcets	segmentation	xat’-min̓-ás ku cwík’ten	page 6
(7b) line 2	St’át’imcets	gloss	want-APPL-3SG.ERG DET knife	page 6
(7b) line 3	John Lyon	translation	He wants a knife.	page 6
(8) line 1	John Lyon	note	(Okanagan)15	page 7, over the example
footnote 15	John Lyon	note	The apparent availability of both iʔ and t for Okanagan (8c,d) is not an exception to this rule, since these two examples involve different syntactic structures. For (8c), the demonstrative denotes the 3rd person subject and the iʔ DP is the object argument of the transitive predicate. For (8d), the demonstrative denotes the knife, and forms a discontinuous DP constituent with the final oblique KP t ník̓mən. Evidence for this analysis comes from the fact that without the initial demonstrative in (8d), the sentence is ungrammatical, while the demonstrative in (8c) is optional. Both (8c) and (8d) therefore have full DPs as object arguments. As a separate but related issue, demonstratives are not determiners in Okanagan, yet because the discontinuous demonstrative + oblique KP constituent in (8d) functions syntactically as a DP, this implies the existence of a null determiner, and suggests that oblique KPs may in fact be DPs headed by a null k-type determiner. I abstract away from this possibility for the purposes of this paper.	page 7, footnote 15
footnote 15	Okanagan	cited form	t ník̓mən	page 7, in italics
(8a) line 1	Okanagan	segmentation	*ixíʔ x̌mínk-əm iʔ ník̓mən.	page 7
(8a) line 2	Okanagan	gloss	DEM want-MID DET knife	page 7
(8a) line 3	John Lyon	translation	He wants the knife.	page 7
(8b) line 1	Okanagan	segmentation	ixíʔ x̌mínk-əm t ník̓mən.	page 7
(8b) line 2	Okanagan	gloss	DEM want-MID OBL knife	page 7
(8b) line 3	John Lyon	translation	He wants a knife.	page 7
(8c) line 1	Okanagan	segmentation	ixíʔ x̌mínk-s iʔ ník̓mən.	page 7
(8c) line 2	Okanagan	gloss	DEM want-(DIR)-3SG.ERG DET knife	page 7
(8c) line 3	John Lyon	translation	He likes the knife.	page 7
(8d) line 1	Okanagan	segmentation	ixíʔ x̌mínk-s t ník̓mən.	page 7
(8d) line 2	Okanagan	gloss	DEM want-(DIR)-3SG.ERG OBL knife	page 7
(8d) line 3	John Lyon	translation	He likes that knife.	page 7
§2	John Lyon	note	The oblique marker in Okanagan has a separate function: that of an at- tributive marker.16 In this capacity, it links an adjectival modifier to a head nomi- nal in complex nominal predicate structures (9) and attributively-modified, com- plex DPs (10) (Lyon, 2010). The oblique marker is obligatory in both of these cases.	page 7
footnote 16	John Lyon	note	Just as in Nɬeʔkepmxcín and Secwepemctsín. Evidence that attributive t is distinct from case marker t comes from data involving stacked modifiers, but I do not discuss these data here, but in- stead refer the reader to my syntax paper, in prep.	page 7, footnote 16
(9) line 1	Okanagan	segmentation	[sílxʷaʔ *(t) sqəltmíxʷPred] iʔ ylmíxʷəm.	page 7
(9) line 2	Okanagan	gloss	big *(OBL) man DET chief	page 7
(9) line 3	John Lyon	translation	The chief is a big man.	page 7
(10) line 1	Okanagan	segmentation	wik-n [iʔ silxʷaʔ *(t) ylmíxʷəm.DP]	page 7
(10) line 2	Okanagan	gloss	see-(DIR)-1SG.ERG DET big *(OBL) chief	page 7
(10) line 3	John Lyon	translation	I saw the big chief.	page 7
§2	John Lyon	note	Okanagan t thus has two functions: (i) It case-marks a nominal as oblique; (ii) It links a nominal head to an attributive modifier. As a unifying characteris- tic, t always signals that the following nominal is not itself a main predicate, and cannot itself select for an argument.17 I assume that iʔ belongs to the functional category D. This is a reason- able assumption: First, iʔ is historically cognate with the direct determiner ɣe in Shuswap (Gardiner, 1996), which has been analyzed as a D determiner. Sec- ond, the semantic behavior of iʔ resembles much more closely the ‘strong’ de- terminers of better-studied languages (Zamparelli, 1995) than any other element in Okanagan, which leads me to the conclusion that if Okanagan has a D deter- miner at all, it must be iʔ. Thirdly, iʔ is necessary for converting a predicate into an argument (11). This is claimed to be a core property of the D position (Lon- gobardi, 1994).	page 7
footnote 17	John Lyon	note	That is, the oblique-marked nominal phrase is either a core oblique, or it is being attributively modified. Importantly, t does not inherently confer a non-predicate status on an NP, since an attribu- tively modified NP can still function as a predicate, and select for an argument.	page 8, footnote 17
§2	Okanagan	cited form	ɣe	page 8, in italics
(11a) line 1	Okanagan	segmentation	*pəptwínaxʷ səxʷm̓aʔm̓áyaʔm.	page 8
(11a) line 2	Okanagan	gloss	old.woman teacher	page 8
(11a) line 3	John Lyon	translation	The teacher is an old woman.	page 8
(11b) line 1	Okanagan	segmentation	[pəptwínaxʷPred] [iʔ səxʷm̓aʔm̓áyaʔm.DP]	page 8
(11b) line 2	Okanagan	gloss	old.woman DET teacher	page 8
(11b) line 3	John Lyon	translation	The teacher is an old woman.	page 8
§2	John Lyon	note	Under a simple analysis, iʔ selects for an NP complement. As we have seen, however, the oblique marker t may co-occur with the determiner iʔ in cer- tain contexts. This suggests that there must be an additional functional projection internal to DP. This position is independently motivated by a class of locative particles which resemble the prepositions found in some other Salish languages, but which occur after the determiner in Okanagan. (12) includes examples with locative marker l “at” and tl “from”.18	page 8
footnote 18	John Lyon	note	cf Mattina (1973) for further discussion of these particles in Okanagan. Kroeber (1999, 44) refers to these types of locative expressions in Salish as noncore-obliques, stating that they are “characteristically coded as prepositional phrases.” I analyze them as DPs, rather than PPs, however. Semantically, this analysis of course raises some challenging questions, since PPs are not normally thought of as referential, but I think it may be possible to analyze locative Ks as speaker-oriented, deictic NP modifiers. They essentially restrict the set denoted by the nominal property to just those individuals that stand in a particular deictic relation to the speaker, and the determiner (if present) fulfills its normal semantic function of selecting a contextually salient singular or plural individual. The fact that these locative KPs cannot function as subjects or objects is due the fact that the locative K simultaneously marks the DP as a syntactic oblique. My analysis predicts that a locative KPs cannot by itself denote a contextually salient individual, since only a determiner can fulfill this function. Locative KPs may nevertheless happen to denote unique individuals if the nominal is lexically singular or just so happens already to be contextually salient, similar to the case of t objects.	page 8, footnote 18
§2	Okanagan	cited form	l	page 8, in italics
§2	Okanagan	cited form	tl	page 8, in italics
(12a) line 1	Okanagan	segmentation	x̌ʷáyqn iʔ smik̓ʷt [iʔ l nk̓mqníɬxʷ.DP]	page 8
(12a) line 2	Okanagan	gloss	piled DET snow DET LOC roof	page 8
(12a) line 3	John Lyon	translation	The snow piled on the roof.	page 8
(12b) line 1	Okanagan	segmentation	míyəs t̓iqʷəlqʷ [iʔ tl scəcʔúps.DP]	page 9
(12b) line 2	Okanagan	gloss	more tall DET LOC little.sister-3SG.POSS	page 9
(12b) line 3	John Lyon	translation	She is taller than her little sister.	page 9
§2	John Lyon	note	These locative particles are in complementary distribution with the oblique marker t, suggesting that they occur in the same syntactic position. I will refer to this syntactic position as K, for case.19 Both oblique and locative markers desig- nate their nominals as bearing an oblique syntactic relation to the main predicate (Mattina, 1993b, 281), and so the primary syntactic function of the K position is one of case-assignment.20 I assume the structure in (13).	page 9
footnote 19	John Lyon	note	Bittner and Hale (1996) posit KP as the nominal equivalent of CP in the verbal domain. They as- sume that K selects a DP for an argument, rather than the opposite, which I assume for Okanagan. I see no immediate reason why it should universally be the case that K is exterior to DP, and so no rea- son why their analysis of KP could not in principle be extended to Okanagan, but I remain agnostic on this point at the moment.	page 9, footnote 19
footnote 20	John Lyon	note	Data involving NP deletion in relative clauses, as well as data involving conjunction, offer inde- pendent support for a K projection. See Lyon (in prep).	page 9, footnote 20
(13) line 1	John Lyon	note	DP	page 9, a line of the tree as the glyph rows read it
(13) line 2	John Lyon	note	Basic Determiner Phrase Structure	page 9, the caption
(13) line 3	John Lyon	note	D KP	page 9, a line of the tree as the glyph rows read it
(13) line 4	John Lyon	note	iʔ K NP	page 9, a line of the tree as the glyph rows read it
(13) line 5	John Lyon	note	t N	page 9, a line of the tree as the glyph rows read it
(13) line 6	John Lyon	note	sqəltmixʷ	page 9, a line of the tree as the glyph rows read it
§2	John Lyon	note	For Okanagan, I will show that the D position is associated with do- main restriction, and that the K position is not. In terms of semantic types, the D position creates an entity-denoting expression from a property, whereas the K position preserves the property type of the NP.	page 9
§2	John Lyon	note	The distribution of the determiner iʔ and the oblique marker t across the major grammatical and thematic relations is shown below in Figure 1.	page 9
Figure 1	John Lyon	note	grammatical/thematic relation D K N	page 9, the figure's column heads
Figure 1	John Lyon	note	1 Transitive objects	page 9, the row's head
Figure 1	Okanagan	cited form	iʔ	page 9, 1 Transitive objects, D
Figure 1	John Lyon	note	⊘	page 9, 1 Transitive objects, K
Figure 1	Okanagan	cited form	tkɬmílxʷ	page 9, 1 Transitive objects, N
Figure 1	John Lyon	note	2 Oblique objects	page 9, the row's head
Figure 1	John Lyon	note	⊘	page 9, 2 Oblique objects, D
Figure 1	Okanagan	cited form	t	page 9, 2 Oblique objects, K
Figure 1	Okanagan	cited form	tkɬmílxʷ	page 9, 2 Oblique objects, N
Figure 1	John Lyon	note	3 Subjects	page 9, the row's head
Figure 1	Okanagan	cited form	iʔ	page 9, 3 Subjects, D
Figure 1	John Lyon	note	⊘	page 9, 3 Subjects, K
Figure 1	Okanagan	cited form	tkɬmílxʷ	page 9, 3 Subjects, N
Figure 1	John Lyon	note	4 Transitive Applicative Theme	page 9, the row's head
Figure 1	John Lyon	note	⊘	page 9, 4 Transitive Applicative Theme, D
Figure 1	Okanagan	cited form	t	page 9, 4 Transitive Applicative Theme, K
Figure 1	Okanagan	cited form	tkɬmílxʷ	page 9, 4 Transitive Applicative Theme, N
Figure 1	John Lyon	note	5 Di-transitive Applicative Theme	page 9, the row's head
Figure 1	Okanagan	cited form	iʔ	page 9, 5 Di-transitive Applicative Theme, D
Figure 1	John Lyon	note	⊘	page 9, 5 Di-transitive Applicative Theme, K
Figure 1	Okanagan	cited form	tkɬmílxʷ	page 9, 5 Di-transitive Applicative Theme, N
Figure 1	John Lyon	note	6 Passive agents	page 9, the row's head
Figure 1	Okanagan	cited form	(iʔ)	page 9, 6 Passive agents, D
Figure 1	Okanagan	cited form	t	page 9, 6 Passive agents, K
Figure 1	Okanagan	cited form	tkɬmílxʷ	page 9, 6 Passive agents, N
Figure 1	John Lyon	note	7 Instrumental adjuncts	page 9, the row's head
Figure 1	Okanagan	cited form	(iʔ)	page 9, 7 Instrumental adjuncts, D
Figure 1	Okanagan	cited form	t	page 9, 7 Instrumental adjuncts, K
Figure 1	Okanagan	cited form	tkɬmílxʷ	page 9, 7 Instrumental adjuncts, N
Figure 1	John Lyon	note	8 Locative adjuncts	page 9, the row's head
Figure 1	Okanagan	cited form	(iʔ)	page 9, 8 Locative adjuncts, D
Figure 1	Okanagan	cited form	{k̓l, l, tl}	page 9, 8 Locative adjuncts, K
Figure 1	Okanagan	cited form	tkɬmílxʷ	page 9, 8 Locative adjuncts, N
Figure 1	John Lyon	note	Figure 1. Distribution of iʔ and t across grammatical categories21	page 9, the figure's caption
footnote 21	John Lyon	note	The optionality of the determiners in categories 6-8 is in most cases a surface phenomena. They may be considered underlyingly present, except perhaps for the case of locative KPs in predicate positions. See Lyon (in prep).	page 9, footnote 21
§2	John Lyon	note	My semantic study of iʔ and t focuses chiefly on environments where these par- ticles mark objects (i.e. categories 1 and 2), since it is in these contexts that the clearest distinctions between iʔ and t may be found.	page 10
§3	John Lyon	heading	3 The semantics of the determiner iʔ and oblique marker t	page 10
§3	John Lyon	note	This section introduces data relevant to determining the semantics of iʔ and t. I test for deixis, definiteness and specificity, and two specific types of in- definiteness. Many of these tests were utilized by Matthewson (1998) and Gillon (2006) in their studies of St’át’imcets and Sḵwx̱ú7mesh determiners. Figure 2 below lists semantic properties for which I have test results.	page 10
Figure 2	John Lyon	note	Section Property iʔ t	page 10, the figure's column heads
Figure 2	John Lyon	note	3.1 Deictic	page 10, the row's head
Figure 2	John Lyon	note	x	page 10, 3.1 Deictic, iʔ
Figure 2	John Lyon	note	x	page 10, 3.1 Deictic, t
Figure 2	John Lyon	note	3.2 Definite	page 10, the row's head
Figure 2	John Lyon	note	x	page 10, 3.2 Definite, iʔ
Figure 2	John Lyon	note	x	page 10, 3.2 Definite, t
Figure 2	John Lyon	note	3.2.1 presuppose uniqueness	page 10, the row's head
Figure 2	John Lyon	note	x	page 10, 3.2.1 presuppose uniqueness, iʔ
Figure 2	John Lyon	note	x	page 10, 3.2.1 presuppose uniqueness, t
Figure 2	John Lyon	note	3.2.2 assert uniqueness/maximality	page 10, the row's head
Figure 2	John Lyon	note	x	page 10, 3.2.2 assert uniqueness/maximality, iʔ
Figure 2	John Lyon	note	x	page 10, 3.2.2 assert uniqueness/maximality, t
Figure 2	John Lyon	note	3.2.3 specificity	page 10, the row's head
Figure 2	John Lyon	note	x	page 10, 3.2.3 specificity, iʔ
Figure 2	John Lyon	note	x	page 10, 3.2.3 specificity, t
Figure 2	John Lyon	note	3.3 English-style indefinite	page 10, the row's head
Figure 2	John Lyon	note	x	page 10, 3.3 English-style indefinite, iʔ
Figure 2	John Lyon	note	x	page 10, 3.3 English-style indefinite, t
Figure 2	John Lyon	note	3.4 St’át’imcets-style (widest-scope) indefinite	page 10, the row's head
Figure 2	John Lyon	note	x	page 10, 3.4 St’át’imcets-style (widest-scope) indefinite, iʔ
Figure 2	John Lyon	note	x	page 10, 3.4 St’át’imcets-style (widest-scope) indefinite, t
Figure 2	John Lyon	note	scopes over modals and negation	page 10, the row's head
Figure 2	John Lyon	note	✓	page 10, scopes over modals and negation, iʔ
Figure 2	John Lyon	note	x	page 10, scopes over modals and negation, t
Figure 2	John Lyon	note	scopes under modals and negation	page 10, the row's head
Figure 2	John Lyon	note	✓	page 10, scopes under modals and negation, iʔ
Figure 2	John Lyon	note	✓	page 10, scopes under modals and negation, t
Figure 2	John Lyon	note	3.5 Domain Restrictor	page 10, the row's head
Figure 2	John Lyon	note	✓	page 10, 3.5 Domain Restrictor, iʔ
Figure 2	John Lyon	note	x	page 10, 3.5 Domain Restrictor, t
Figure 2	John Lyon	note	3.5.2 existential sentences	page 10, the row's head
Figure 2	John Lyon	note	✓	page 10, 3.5.2 existential sentences, iʔ
Figure 2	John Lyon	note	x	page 10, 3.5.2 existential sentences, t
Figure 2	John Lyon	note	3.5.3 generic readings	page 10, the row's head
Figure 2	John Lyon	note	✓	page 10, 3.5.3 generic readings, iʔ
Figure 2	John Lyon	note	x	page 10, 3.5.3 generic readings, t
Figure 2	John Lyon	note	3.5.4 implies uniqueness/maximality	page 10, the row's head
Figure 2	John Lyon	note	✓	page 10, 3.5.4 implies uniqueness/maximality, iʔ
Figure 2	John Lyon	note	x	page 10, 3.5.4 implies uniqueness/maximality, t
Figure 2	John Lyon	note	3.5.5 occurs with strong quantifiers	page 10, the row's head
Figure 2	John Lyon	note	✓	page 10, 3.5.5 occurs with strong quantifiers, iʔ
Figure 2	John Lyon	note	x	page 10, 3.5.5 occurs with strong quantifiers, t
Figure 2	John Lyon	note	3.5.6 allows distributive readings	page 10, the row's head
Figure 2	John Lyon	note	x	page 10, 3.5.6 allows distributive readings, iʔ
Figure 2	John Lyon	note	(✓)	page 10, 3.5.6 allows distributive readings, t
Figure 2	John Lyon	note	Figure 2. Semantic Properties of iʔ and t22	page 10, the figure's caption
footnote 22	John Lyon	note	t KPs do not display true distributive readings, hence the parentheses. Because the object is semantically incorporated, the distributivity is over events containing objects, not the objects them- selves.	page 10, footnote 22
§3	John Lyon	note	In this section, I first discuss and then reject the semantic properties of deixis, definiteness (uniqueness/maximality), and specificity as either presuppo- sitional or assertive components of the denotation of iʔ and t. I then present data showing that iʔ and t are not English-style indefinites, nor are they widest-scope indefinites like those found in St’át’imcets. Next, I discuss the availability of ex- istential and generic readings with iʔ, and suggest ways in which these readings may derive from a domain restriction analysis, before moving on to data showing that iʔ implies uniqueness and maximality. Then, I briefly describe Okanagan DP-adjoined quantifiers, and show that the universal quantifier may co-occur with iʔ, but not t. Finally, I discuss data showing that clear distributive readings of Okanagan DPs seem to be absent.	page 10
§3.1	John Lyon	heading	3.1 iʔ and t are not deictic	page 11
§3.1	John Lyon	note	The Okanagan determiner iʔ does not seem to bear any deictic features, in contrast to deictic determiners in Sḵwx̱ú7mesh (Gillon, 2006) and assertion- of-existence determiners in St’át’imcets (Matthewson, 1998), a fact that is per- haps unsurprising, given that iʔ has no contrastive element. Firstly, the deter- miner iʔ does not encode spatial deixis, or a visible/invisible distinction: It may introduce a nominal that is either proximal (14) or distal (15) from the speaker.	page 11
(14a) line 1	Okanagan	segmentation	ak̓láʔ c-xʷist iʔ sqəltmíxʷ.	page 11
(14a) line 2	Okanagan	gloss	DEM CUST-walk DET man	page 11
(14a) line 3	John Lyon	translation	A man is walking over here.	page 11
(14b) line 1	Okanagan	segmentation	xʷʔit iʔ xƛ̓út iʔ l latáp.	page 11
(14b) line 2	Okanagan	gloss	many DET rock DET LOC table	page 11
(14b) line 3	John Lyon	translation	There are lots of rocks on the table.	page 11
(15a) line 1	Okanagan	segmentation	iʔ sqəltmíxʷ c-xʷist iʔ l x̌yáɬnəx̌ʷ.	page 11
(15a) line 2	Okanagan	gloss	DET man CUST-walk DET LOC moon	page 11
(15a) line 3	John Lyon	translation	A man is walking on the moon.	page 11
(15b) line 1	Okanagan	segmentation	xʷʔit iʔ xƛ̓út iʔ l x̌yáɬnəx̌ʷ.	page 11
(15b) line 2	Okanagan	gloss	many DET rock DET LOC moon	page 11
(15b) line 3	John Lyon	translation	There are lots of rocks on the moon.	page 11
§3.1	John Lyon	note	Spatial deixis in Okanagan is primarily fixed by deictic demonstratives, as illus- trated by (16):23	page 11
footnote 23	John Lyon	note	The determiner is underlyingly present in these examples, but reduces before 1st and 2nd person possessive prefixes. The demonstratives in (16) might be syntactic predicates, or alternatively, they might constitute an argument of a null copula, with the DP functioning as the second argument. Their analysis is not clear at this point.	page 11, footnote 23
(16a) line 1	Okanagan	segmentation	ixíʔ (iʔ) i-s-n-səxʷk̓ʷúl̓əm	page 11
(16a) line 2	Okanagan	gloss	DEM (DET) 1SG.POSS-s-n-worker	page 11
(16a) line 3	John Lyon	translation	That is my co-worker.	page 11
(16b) line 1	Okanagan	segmentation	axáʔ (iʔ) i-s-n-səxʷk̓ʷúl̓əm	page 11
(16b) line 2	Okanagan	gloss	DEM (DET) 1SG.POSS-s-n-worker	page 11
(16b) line 3	John Lyon	translation	This is my co-worker.	page 11
§3.1	John Lyon	note	The determiner iʔ also commonly occurs in questions where the lo- cation of a contextually definite object (17a), or the identity of a non-existent object (17b) are under discussion. The house in (17a) is non-locatable, at least to the speaker, and the objects in (17b,c) are not locatable to either speaker or hearer, since they have not yet been made.	page 11
(17a) line 1	Okanagan	segmentation	kaʔk̓ín iʔ citxʷ iʔ kʷu k̓ʷúl̓-xt-xʷ?	page 12
(17a) line 2	Okanagan	gloss	where DET house DET 1SG.GEN make-APPL-2SG.ERG	page 12
(17a) line 3	John Lyon	translation	Where is the house you said you’d build for me?	page 12
(17b) line 1	Okanagan	segmentation	stim̓ ixíʔ iʔ k-sc-k̓ʷúl̓-s?	page 12
(17b) line 2	Okanagan	gloss	what DEM DET FUT-PERF-make-3SG.POSS	page 12
(17b) line 3	John Lyon	translation	What is he going to make?	page 12
(17c) line 1	Okanagan	segmentation	way̓ i-ks-k̓ʷúl̓-əm iʔ pwmin iʔ t	page 12
(17c) line 2	Okanagan	gloss	yes 1SG.POSS-FUT-make-MID DET drum DET OBL	page 12
(17c) line 3	Okanagan	segmentation	ks-yaʔyáʔx̌aʔ-səlx.	page 12
(17c) line 4	Okanagan	gloss	FUT-show-(DIR)-3PL.ERG	page 12
(17c) line 5	John Lyon	translation	I will make a drum that they will show.	page 12
§3.1	John Lyon	note	Speaker knowledge of the location of a referent is irrelevant in determining whether or not an iʔ DP may be used. In (18a), for example, the speaker is as- serting that John is looking for a book, but may then overtly cancel any implica- ture that he or she knows which book John is looking for.24	page 12
footnote 24	John Lyon	note	Matthewson (1999) cites similar data for her argument that St’át’imcets assertion-of-existence determiners are wide-scope indefinites. I abstract away from their questionable status as sluicing data.	page 12, footnote 24
(18a) line 1	Okanagan	segmentation	ac-ƛ̓aʔƛ̓aʔ-st-ís iʔ q̓əy̓mín, uɬ lut	page 12
(18a) line 2	Okanagan	gloss	CUST-look for-CAUS-3SG.ERG DET book CONJ NEG	page 12
(18a) line 3	Okanagan	segmentation	ac-my-st-ín stim̓ t q̓əy̓mín	page 12
(18a) line 4	Okanagan	gloss	CUST-know-CAUS-1SG.ERG what OBL book	page 12
(18a) line 5	Okanagan	segmentation	ac-ƛ̓aʔƛ̓aʔ-st-ís.	page 12
(18a) line 6	Okanagan	gloss	CUST-look for-CAUS-3SG.ERG	page 12
(18a) line 7	John Lyon	translation	John is looking for a book, but I don’t know which book he is looking for.	page 12
(18b) line 1	Okanagan	segmentation	Sarah wik-s iʔ kəkwáp, náx̌əmɬ lut	page 12
(18b) line 2	Okanagan	gloss	Sarah see-(DIR)-3SG.ERG DET dog CONJ NEG	page 12
(18b) line 3	Okanagan	segmentation	ac-my-st-ín haʔkín t kəkwáp.	page 12
(18b) line 4	Okanagan	gloss	CUST-know-CAUS-1SG.ERG which OBL dog	page 12
(18b) line 5	John Lyon	translation	Sarah saw a dog, but I have no idea which dog.	page 12
§3.1	John Lyon	note	Okanagan iʔ also does not encode temporal deixis. The examples in (19) show that iʔ may be used to make reference to an entity from the far past (19a), an entity in the present (19b), or an entity in the future (19c).25	page 12
footnote 25	John Lyon	note	(19c) incidentally also confirms that hearer knowledge of the location of a referent is likewise irrelevant to a speaker’s use of an iʔ DP.	page 12, footnote 25
(19a) line 1	Okanagan	segmentation	ixíʔ n-k̓ʷúl̓-mən-s iʔ sqílxʷ q̓sápi.	page 13
(19a) line 2	Okanagan	gloss	DEM n-make-INSTR-3SG.POSS DET people long ago	page 13
(19a) line 3	John Lyon	translation	That’s the way the old people lived long ago.	page 13
(19b) line 1	Okanagan	segmentation	ixíʔ ʕápnaʔ iʔ sámaʔ kʷaʔ c-qʷán̓ɬk-st-səlx	page 13
(19b) line 2	Okanagan	gloss	DEM now DET white people COMP CUST-plant-CAUS-3PL.ERG	page 13
(19b) line 3	Okanagan	segmentation	iʔ qáqxʷəlx.	page 13
(19b) line 4	Okanagan	gloss	DET fish	page 13
(19b) line 5	John Lyon	translation	And today, the white man plants the fish (in hatcheries).	page 13
(19c) line 1	Okanagan	segmentation	axáʔ kʷu cú-s ks-k̓ʷúl̓-əl̓-aʔx iʔ	page 13
(19c) line 2	Okanagan	gloss	DEM 1SG.GEN say-(DIR)-3SG.ERG FUT-make-FRED-INCEPT DET	page 13
(19c) line 3	Okanagan	segmentation	sk̓ʷk̓ʷíyməlt.	page 13
(19c) line 4	Okanagan	gloss	child	page 13
(19c) line 5	John Lyon	translation	This says that a child will be born.	page 13
(19c) line 6	John Lyon	note	Context: A fortune-teller consulting an oracle.	page 13, the context
§3.1	John Lyon	note	It is important to consider whether iʔ might be specified as having a “neutral” deictic feature, similar to Sḵwx̱ú7mesh ta, rather than being underspec- ified for deixis. The Sḵwx̱ú7mesh neutral determiner can be used “for referents which can be located or were locatable at some point by the speaker” (Gillon, 2006, 46). A felicitous use of iʔ, however, seems unrelated to whether or not a referent is even in principle locatable (20):	page 13
(20a) line 1	Okanagan	segmentation	lut t̓ə c-ʔam(n)-st-ín iʔ kəkw̓áp.	page 13
(20a) line 2	Okanagan	gloss	NEG EMPH CUST-feed-CAUS-1SG.ERG DET dogs	page 13
(20a) line 3	John Lyon	translation	I don’t feed dogs./I never feed dogs.	page 13
(20b) line 1	Okanagan	segmentation	lut t̓ə c-wík-st-n iʔ sqəltmíxʷ	page 13
(20b) line 2	Okanagan	gloss	NEG EMPH CUST-see-CAUS-1SG.ERG DET man	page 13
(20b) line 3	Okanagan	segmentation	k-c-nc̓íw̓-əm-s.	page 13
(20b) line 4	Okanagan	gloss	k-CUST-wash.dishes-MID-3SG.POSS	page 13
(20b) line 5	John Lyon	translation	I’ve never seen a man washing dishes.	page 13
§3.1	John Lyon	note	A “neutral” deictic feature implies that are no deictic restrictions on the use of an item, but also implies that there are other possible deictic values which might associate with other determiners. As there are no other determiners in Okanagan, and deixis is determined by demonstratives, I take this as evidence that iʔ has no deictic specification. In this respect then, Okanagan iʔ is similar to the Moses- Columbian “non-demonstrative, general” determiner ʔani (Mattina, 2002).	page 13
§3.1	Okanagan	cited form	ʔani	page 13, in italics
§3.1	John Lyon	note	As further evidence that Okanagan iʔ is non-deictic, consider Matthew- son (2008), who notes that St’át’imcets assertion-of-existence DPs do not allow bound variable or e-type readings. Instead, null pronominals must be used to achieve these readings. She claims that “deictic features of the overt DPs force reference to the discourse situation, and this prevents binding or variation across situations.” (p. 543). Although bound variable readings for Okanagan DPs are restricted,26 e-type readings are easily obtainable.	page 13
footnote 26	John Lyon	note	Bound variable readings of iʔ DPs in distributive contexts are not possible without overt posses- sor morphology on the nominal, implying that while iʔ DPs may be bound across worlds and times, they may not be distributed over. See section 3.5.6.	page 14, footnote 26
§3.1	John Lyon	note	To illustrate, speakers often volunteer nominalized clause DPs in en- vironments requiring e-type readings, as in (21). Thus, the final DP iʔ st̓ʕaps in (21a) denotes “the thing he shot”, and the final DP iʔ skʷústks in (21b) denotes “the thing he caught.”	page 14
§3.1	Okanagan	cited form	iʔ st̓ʕaps	page 14, in italics
§3.1	Okanagan	cited form	iʔ skʷústks	page 14, in italics
(21a) line 1	Okanagan	segmentation	Norman ks-píx̌-aʔx ɬ t̓ʕap-ám t sƛ̓aʔcínəm,	page 14
(21a) line 2	Okanagan	gloss	Norman FUT-hunt-INCEPT COMP shoot-MID OBL deer	page 14
(21a) line 3	Okanagan	segmentation	x̌mink-s swit ks-c̓íqʷiʔ-s iʔ	page 14
(21a) line 4	Okanagan	gloss	want-(DIR)-3SG.ERG who FUT-to.skin-(DIR)-3SG.ERG DET	page 14
(21a) line 5	Okanagan	segmentation	s-t̓ʕap-s.	page 14
(21a) line 6	Okanagan	gloss	NOM-shoot-3SG.POSS	page 14
(21a) line 7	John Lyon	translation	Norman said he’s going to kill a deer and he wants someone to skin what he shot.	page 14
(21b) line 1	Okanagan	segmentation	John nstils ks-ɬəɬt̓pín-aʔx t qáqxʷəlx,	page 14
(21b) line 2	Okanagan	gloss	John think(INTR) FUT-fish.with.a.line-INCEPT OBL fish	page 14
(21b) line 3	Okanagan	segmentation	uɬ x̌mínk-s i-ks-p̓y̓aq-ɬt-ím	page 14
(21b) line 4	Okanagan	gloss	CONJ want-(DIR)-3SG.ERG 1SG.POSS-FUT-cook-DITR-MID	page 14
(21b) line 5	Okanagan	segmentation	iʔ s-kʷús-tk-s.	page 14
(21b) line 6	Okanagan	gloss	DET NOM-something.caught-3SG.POSS	page 14
(21b) line 7	John Lyon	translation	John thinks he’s going to catch a fish, and he wants me to cook the what he caught.	page 14
§3.1	John Lyon	note	It is nevertheless acceptable to use a basic, nominal DP in an e-type context, as in (22), where the DP iʔ sƛ̓aʔcínəm denotes some non-specific individual which Norman will shoot.	page 14
§3.1	Okanagan	cited form	iʔ sƛ̓aʔcínəm	page 14, in italics
(22) line 1	Okanagan	segmentation	Norman ks-píx̌-aʔx̌ ɬ t̓ʕap-ám t sƛ̓aʔcínəm,	page 14
(22) line 2	Okanagan	gloss	Norman FUT-hunt-INCEPT COMP shoot-MID OBL deer	page 14
(22) line 3	Okanagan	segmentation	x̌mink-s swit ks-c̓íqʷiʔ-s iʔ	page 14
(22) line 4	Okanagan	gloss	want-(DIR)-3SG.ERG who FUT-skin-(DIR)-3SG.ERG DET	page 14
(22) line 5	Okanagan	segmentation	sƛ̓aʔcínəm.	page 14
(22) line 6	Okanagan	gloss	deer	page 14
(22) line 7	John Lyon	translation	Norman said he’s going to kill a deer and he wants someone to skin the deer.	page 14
§3.1	John Lyon	note	Okanagan iʔ DPs also allow co-varying interpretations in bridging cases. The DP iʔ ylmíxʷəm “the chief” in (23) denotes a different individual for every re- serve that the speaker visits.	page 14
§3.1	Okanagan	cited form	iʔ ylmíxʷəm	page 14, in italics
(23) line 1	Okanagan	segmentation	kn ɬaʔ c-xʷúy k̓l sqlxʷúlaʔxʷ, pintk iʔ	page 15
(23) line 2	Okanagan	gloss	1SG.ABS COMP CUST-go LOC reserve always DET	page 15
(23) line 3	Okanagan	segmentation	ylmíxʷəm iʔ cxʔit ac-qʷəlqʷíl-st-n.	page 15
(23) line 4	Okanagan	gloss	chief DET first CUST-talk-CAUS-1SG.ERG	page 15
(23) line 5	John Lyon	translation	Every time I visit a reserve, I talk to the chief.	page 15
§3.1	John Lyon	note	The availability of e-type readings for Okanagan iʔ DPs sets them apart from DPs in St’át’imcets. This receives a straightforward explanation under the as- sumption that Okanagan iʔ has no deictic features to force reference to the dis- course situation, or prevent binding across situations.	page 15
§3.1	John Lyon	note	Finally, the oblique marker t is also not associated with any deictic features.27 It often surfaces in negative polarity (24a) and intensional contexts (24b), and consistently exhibits non-specific readings.	page 15
footnote 27	John Lyon	note	Locative markers, which I argue occur in the same syntactic position as the oblique case marker, are of course associated with deictic features. Interestingly, there are asymmetries between locative and oblique markers that might be traceable to the presence or absence of deictic features. Locative markers, for example, can syntactically license a determiner, but the oblique marker cannot. See Lyon (in prep).	page 15, footnote 27
(24a) line 1	Okanagan	segmentation	uc kʷ wík-əm t s-qəl-qəltmíxʷ?	page 15
(24a) line 2	Okanagan	gloss	YNQ 2SG.ABS see-MID OBL IRED-man	page 15
(24a) line 3	John Lyon	translation	Did you see any men?	page 15
(24b) line 1	Okanagan	segmentation	kn x̌mínk-əm t n-x̌əs-ítkʷ t siwɬkʷ mi	page 15
(24b) line 2	Okanagan	gloss	1SG.ABS want-MID OBL n-good-water OBL water FUT	page 15
(24b) line 3	Okanagan	segmentation	ks-siwst-x i-sl̓ax̌t.	page 15
(24b) line 4	Okanagan	gloss	FUT-drink-INTR 1SG.POSS-friend	page 15
(24b) line 5	John Lyon	translation	I want some good water for my friend to drink.	page 15
§3.1	John Lyon	note	I conclude that neither iʔ nor t are associated with deictic features. Further- more, a “neutral” deictic specification for iʔ may be ruled out on the principled grounds that there are no other values with which “neutral” may contrast. Like Moses-Columbian ʔani then, Okanagan iʔ is non-deictic.28	page 15
footnote 28	John Lyon	note	It may be possible to analyze iʔ as a type of discourse deictic. Since iʔ is contextually sensi- tive, an iʔ DP can be co-referential with a previously introduced discourse referent, and so might be understood as “pointing” to that referent. But because iʔ patterns in other ways like a non-deictic determiner, I analyze it as such.	page 15, footnote 28
§3.2	John Lyon	heading	3.2 iʔ and t are not definite	page 15
§3.2	John Lyon	note	Okanagan iʔ cannot be analyzed as a definite determiner, either under a Russellian account where uniqueness is asserted (Russell, 1905), or under the Fregean account where uniqueness is presupposed (Frege, 1892). I first present data showing that iʔ does not presuppose uniqueness, and then show that iʔ does not assert uniqueness or specificity. Given that these are hallmarks of definite- ness, it follows that Okanagan iʔ cannot be definite.29	page 15
footnote 29	John Lyon	note	The fact that iʔ may occur in existential sentences furnishes additional evidence against a defi- nite or directly referential account of iʔ.	page 16, footnote 29
§3.2.1	John Lyon	heading	3.2.1 iʔ and t do not presuppose uniqueness	page 16
§3.2.1	John Lyon	note	There is no familiarity requirement associated with iʔ. That is, iʔ does not presuppose the existence of a unique or non-unique referent which satisfies the NP restrictor, and therefore places no constraints on the common ground of discourse. Evidence for this claim comes from several places. First, a new dis- course referent may be introduced by iʔ:30	page 16
footnote 30	John Lyon	note	cf N. Mattina (2006, 127) for similar data in Moses-Columbian, Matthewson (1999) for St’át’imcets, and Gillon (2006) for Sḵwx̱ú7mesh.	page 16, footnote 30
(25) line 1	Okanagan	segmentation	q̓sápi kʷukʷ iʔ tətwít. x̌ʷíl-st-səlx.	page 16
(25) line 2	Okanagan	gloss	long ago EVID DET boy abandon-CAUS-3PL.ERG	page 16
(25) line 3	John Lyon	translation	A long time ago, there was a/*the boy. They abandoned him.	page 16
§3.2.1	John Lyon	note	The above use of iʔ patterns with the English indefinite determiner a. Unlike an English-style indefinite, however, once a discourse referent is established, an iʔ DP allows a co-referential reading. In other words, iʔ is felicitous in both definite and indefinite contexts. To illustrate, (26a,b) shows two new referents iʔ səsíʔsəlx “their uncle” and iʔ xƛ̓ut “a rock” being introduced at the beginnings of two separate stories. At later points in their respective stories, the referents are once again invoked, using iʔ DPs (27a,b).31,32	page 16
footnote 31	John Lyon	note	Recall that the co-occurrence of iʔ and t in the context of (27a) signals a passive agent.	page 16, footnote 31
footnote 32	John Lyon	note	Note also the cataphoric pronoun in (26a): “their” is introduced before the discourse referent.	page 16, footnote 32
§3.2.1	Okanagan	cited form	iʔ səsíʔsəlx	page 16, in italics
§3.2.1	Okanagan	cited form	iʔ xƛ̓ut	page 16, in italics
(26a) line 1	Okanagan	segmentation	c-wix iʔ sqilxʷ uɬ iʔ stəmtímaʔ uɬ iʔ	page 16
(26a) line 2	Okanagan	gloss	dwelling DET people CONJ DET grandmother CONJ DET	page 16
(26a) line 3	Okanagan	segmentation	səsíʔsəlx uɬ tk̓asʔasíl iʔ xəxíw̓xuʔtəm	page 16
(26a) line 4	Okanagan	gloss	uncle-3PL.POSS CONJ two(HUMAN) DET girls	page 16
(26a) line 5	John Lyon	translation	There lived some people, a grandmother, their uncle, and two little girls.	page 16
(26a) line 6	John Lyon	citation	(Mattina and DeSautel, 2002, 111)	page 16, under the translation
(26b) line 1	Okanagan	segmentation	l q̓ʷumqn-atkʷ k-sílxʷaʔ iʔ xƛ̓ut ilíʔ swit xíʔwíl̓x uɬ	page 16
(26b) line 2	Okanagan	gloss	LOC head-water HAVE-big DET rock DEM who pass by CONJ	page 16
(26b) line 3	Okanagan	segmentation	c-k̓ʕáw-əm.	page 16
(26b) line 4	Okanagan	gloss	CUST-pray-MID	page 16
(26b) line 5	John Lyon	translation	At Chaperon Lake there is a big rock where people who pass by pray at.	page 16
(27a) line 1	Okanagan	segmentation	ixíʔ uɬ wík-nt-m-əlx iʔ t səsíʔ-səlx	page 17
(27a) line 2	Okanagan	gloss	DEM CONJ see-DIR-PASS-3PL DET OBL uncle-3PL.POSS	page 17
(27a) line 3	John Lyon	translation	Then their uncle saw them.	page 17
(27a) line 4	John Lyon	citation	(Mattina and DeSautel, 2002, 113)	page 17, the tag or source at the right of the translation
(27b) line 1	Okanagan	segmentation	uɬ ks-knxít-m-s ixíʔ iʔ xƛ̓út.	page 17
(27b) line 2	Okanagan	gloss	CONJ FUT-help-2SG.ACC-3SG.ERG DEM DET rock	page 17
(27b) line 3	John Lyon	translation	It will help you, this rock.	page 17
§3.2.1	John Lyon	note	The oblique marker t also does not presuppose the uniqueness of a referent. Oblique-marked objects may be found at the beginning of a narrative (28a), or in the middle of a narrative (28b).33	page 17
footnote 33	John Lyon	note	There is no co-referential relation between the second KP and the first, since as I will argue, t is not sensitive to the context. Both occurrences of t yámx̌ʷaʔ in (28) denote non-specific instances of “baskets”, which follows from a semantic incorporation analysis of t KP objects. Accidental co-reference is, however, theoretically possible.	page 17, footnote 33
footnote 33	Okanagan	cited form	t yámx̌ʷaʔ	page 17, in italics
(28a) line 1	Okanagan	segmentation	ɬaʔ c-k̓ʷúl̓-əm iʔ sqílxʷ t yámx̌ʷaʔ.	page 17
(28a) line 2	Okanagan	gloss	COMP CUST-make-MID DET people OBL cedar bark basket	page 17
(28a) line 3	John Lyon	translation	How the people made cedar bark baskets.	page 17
(28b) line 1	Okanagan	segmentation	s-tixʷ-səlx iʔ sʕax̌ʷíp t k̓ʷúl̓-əm t	page 17
(28b) line 2	Okanagan	gloss	s-obtain-(DIR)-3PL.ERG DET root OBL make-MID OBL	page 17
(28b) line 3	Okanagan	segmentation	yámx̌ʷaʔ.	page 17
(28b) line 4	Okanagan	gloss	cedar bark basket	page 17
(28b) line 5	John Lyon	translation	They gathered the roots to make baskets.	page 17
§3.2.1	John Lyon	note	Data from non-narrative contexts also show that both iʔ and t may be used in non-familiar, indefinite, out-of-the-blue contexts. (29) exemplifies the pragmatic overlap of oblique marked KPs and iʔ DPs.	page 17
(29a) line 1	Okanagan	segmentation	t-kic-n iʔ sqəltmíxʷ ʕapnáʔ sx̌əlx̌ʕált.	page 17
(29a) line 2	Okanagan	gloss	meet-(DIR)-1SG.ERG DET man now today	page 17
(29a) line 3	John Lyon	translation	I met a man today.	page 17
(29b) line 1	Okanagan	segmentation	kn t-kíc-əm t sqəltmíxʷ ʕapnáʔ sx̌əlx̌ʕált.	page 17
(29b) line 2	Okanagan	gloss	1SG.ABS meet-MID OBL man now today	page 17
(29b) line 3	John Lyon	translation	I met a man today.	page 17
(29b) line 4	John Lyon	note	Context: I enter a room and tell you what happened to me today.	page 17, the context
§3.2.1	John Lyon	note	It is not feasible for the speaker to expect the hearer to be familiar with the par- ticular man to which the speaker refers in this context.34 If iʔ and t were Fregean definites, we might expect presupposition failure in contexts where the hearer does not have in mind the same unique referent as the speaker, yet there is no presupposition failure for (29). Hearer knowledge is not a relevant factor in de- termining a felicitous use of iʔ. Once again, the implication is that neither iʔ nor t encode a presupposition of uniqueness.	page 17
footnote 34	John Lyon	note	Any implicature of uniqueness associated with (29b) comes from the noun sqəltmíxʷ being lexically singular, not from any direct effect of t. See section 3.5.1 and 3.5.4 for discussion.	page 17, footnote 34
§3.2.1	John Lyon	note	In question-and-answer contexts, iʔ may be used to establish a new discourse referent, or answer a question related to a previously established dis- course referent (31a). An oblique marked object cannot answer a question re- lated to a previously established discourse referent (31b).	page 18
(30a) line 1	Okanagan	segmentation	stim̓ iʔ cq̓mín-(n)t-xʷ?	page 18
(30a) line 2	Okanagan	gloss	what DET throw-DIR-2SG.ERG	page 18
(30a) line 3	John Lyon	translation	What did you throw?	page 18
(30a) line 4	John Lyon	note	Context: Questioner has no idea what the addressee might have thrown.	page 18, the context
(30b) line 1	Okanagan	segmentation	xʔkínəm iʔ p̓úkʷlaʔ?	page 18
(30b) line 2	Okanagan	gloss	where DET ball	page 18
(30b) line 3	John Lyon	translation	Where is the ball?	page 18
(30b) line 4	John Lyon	note	Context: Questioner is specifically asking what happened to a ball which is discourse old.	page 18, the context
(31a) line 1	Okanagan	segmentation	cq̓mi(n)-n iʔ p̓úkʷlaʔ.	page 18
(31a) line 2	Okanagan	gloss	throw-(DIR)-1SG.ERG DET ball	page 18
(31a) line 3	John Lyon	translation	I threw a/the ball.	page 18
(31a) line 4	John Lyon	note	(Answers (30a) or (30b))	page 18, at the right of the translation
(31b) line 1	Okanagan	segmentation	kn cq̓mín-əm t p̓úkʷlaʔ.	page 18
(31b) line 2	Okanagan	gloss	1SG.ABS throw-MID OBL ball	page 18
(31b) line 3	John Lyon	translation	I threw the/*a ball.	page 18
(31b) line 4	John Lyon	note	(Answers (30a), not (30b))	page 18, at the right of the translation
§3.2.1	John Lyon	note	If iʔ or t presupposed uniqueness, we might expect (i) iʔ to be infelicitous in an indefinite context, which it is not (cf 31a); and (ii) t to be felicitous in a definite context, which it is not (cf 31b). Since either may freely be used in indefinite contexts, neither can be analyzed as a definite.	page 18
§3.2.1	John Lyon	note	As a final piece of evidence that Okanagan iʔ is not presuppositional, consider that it must co-occur with a possessed noun in argument position:	page 18
(32) line 1	Okanagan	segmentation	taʔlíʔ x̌ast ixíʔ [iʔ kəwáp-spossessum] [Mikepossessor]	page 18
(32) line 2	Okanagan	gloss	very good DEM DET horse-3SG.POSS Mike	page 18
(32) line 3	John Lyon	translation	Mike’s horse is very fine.	page 18
§3.2.1	John Lyon	note	Possessive DPs in English are normally associated with a presupposition of exis- tence. For example, if an English-speaking hearer of (32) did not already know that Mike had a horse, he/she is forced to accommodate the speaker’s presup- position (Lewis, 1979). The English definite determiner cannot co-occur with possessor morphology.35 For Okanagan, possessive morphology is also plau- sibly tied to a presupposition of existence, yet a determiner is nevertheless re- quired. It is at least consistent with my analysis to assume that the absence of co-occurrence restrictions between iʔ and possessor morphology in Okanagan may be due to a lack of semantic redundancy: iʔ is not definite.36	page 18
footnote 35	John Lyon	note	Excluding possessive structures which use of.	page 18, footnote 35
footnote 36	John Lyon	note	Possessor morphology may also occur on an oblique nominal introduced by t, but importantly, so must the “unrealized possessor” prefix kɬ- (Mattina and Mattina, 1995). In these cases, possessor morphology adds only a presupposition that the non-possessed set P is non-empty, but there remains no presupposition of existence for a referent, since the identity of the individual to-be possessed is still unknown. t plus kɬ- possessed nominals are thus similar to specific uses of English indefinites, except that they only have non-specific readings. t plus kɬ-, in a sense, weakens the presuppositional force of the possessor-morphology. (Lyon, in prep.)	page 19, footnote 36
§3.2.1	John Lyon	note	I conclude that the determiner iʔ does not presuppose the existence of a unique referent, which would otherwise be predicted, as under the Fregean analysis of English the in (33), taken from Heim (2011):	page 19
(33) line 1	John Lyon	note	⟦the⟧= λP : ∃x∀y[P(y) ↔ x = y].ιx.P(x)	page 19, a formula
§3.2.1	John Lyon	note	Since there is no presupposition of uniqueness associated with the use of Okana- gan iʔ, the only possible resemblance between Okanagan iʔ and English the could reside in the assertion of uniqueness, ιx.P(x). As will be shown in the next section, even this cannot be maintained for iʔ.	page 19
§3.2.2	John Lyon	heading	3.2.2 iʔ and t do not assert uniqueness or maximality	page 19
§3.2.2	John Lyon	note	Uniqueness assertions, and maximality assertions for plural DPs, are considered hallmark properties of the English definite determiner. At first glance, Okanagan iʔ might be taken to assert uniqueness as well: It may introduce sin- gular referents, such as the Sun and Moon (34):37	page 19
footnote 37	John Lyon	note	The form skʷəmkʷímcxən in (34b) is listed in Mattina (1987) as meaning “rainbow”, but Upper Nicola speakers use it to refer to the Moon.	page 19, footnote 37
footnote 37	Okanagan	cited form	skʷəmkʷímcxən	page 19, in italics
(34a) line 1	Okanagan	segmentation	taɬt kiʔ kʷəl̓ál̓ iʔ x̌yáɬnəx̌ʷ ʕapnáʔ.	page 19
(34a) line 2	Okanagan	gloss	sure FOC bright DET sun now	page 19
(34a) line 3	John Lyon	translation	The sun is very bright today.	page 19
(34b) line 1	Okanagan	segmentation	lútaʔ ɬʔiq̓ʷ iʔ skʷəmkʷímcxən sk̓ək̓láxʷ.	page 19
(34b) line 2	Okanagan	gloss	NEG perceptible DET moon yesterday.evening	page 19
(34b) line 3	John Lyon	translation	The moon wasn’t out last night.	page 19
§3.2.2	John Lyon	note	It quickly becomes apparent that iʔ and t do not assert the uniqueness of a ref- erent.38 First of all, iʔ is felicitous in situations where it is an implicit fact that there is more than one contextually-salient element satisfying the nominal prop- erty.	page 19
footnote 38	John Lyon	note	Similar to deictic determiners in Sḵwx̱ú7mesh (Gillon, 2006, 88), but different than St’át’imcets assertion-of-existence determiners (Matthewson, 2008, 15).	page 19, footnote 38
(35) line 1	Okanagan	segmentation	kʷu c-kʷi(n)-ɬt iʔ lpot.	page 20
(35) line 2	Okanagan	gloss	1SG.GEN CISL-take.something.for.someone-DITR DET cup	page 20
(35) line 3	John Lyon	translation	Bring me a cup.	page 20
(35) line 4	John Lyon	note	Context: Two cups on a table, equidistant from the speaker.	page 20, the context
(35) line 5	John Lyon	speaker comment	Consultant’s comment: Then I’d pass you one of the cups.	page 20, under the part
(36) line 1	Okanagan	segmentation	c-xʷuy-x, qʷəlqʷíl-st-xʷ iʔ tkɬmílxʷ.	page 20
(36) line 2	Okanagan	gloss	CISL-go-INTR talk.to-CAUS-2SG.ERG DET woman	page 20
(36) line 3	John Lyon	translation	Come here, talk to a woman!	page 20
(36) line 4	John Lyon	note	Context: There are two women in a room with my friend and I. I’m hoping that my friend will get over his shyness of women.	page 20, the context
§3.2.2	John Lyon	note	Given that neither one of the two cups in (35), or the women in (36), is specif- ically under discussion, the contexts must include both cups and both women. Any assertion or presupposition of uniqueness is therefore incompatible with these contexts. Likewise in (37) below, in a context where we know that Mike has many friends, and both Walter and Sam are Mike’s friends, both can be re- ferred to as iʔ sl̓ax̌ts “his friend”. iʔ is not incompatible with Mike having more than one friend.39	page 20
footnote 39	John Lyon	note	(37) is an example of two conjoined copular sentences, where the DP in each conjunct is func- tioning semantically as a predicate. These sentences pose compositional challenges, and may be evidence for a null copula. See section 6 where I discuss further questions.	page 20, footnote 39
§3.2.2	Okanagan	cited form	iʔ sl̓ax̌ts	page 20, in italics
(37) line 1	Okanagan	segmentation	Walter iʔ sl̓ax̌t-s uɬ Sam iʔ sl̓ax̌t-s	page 20
(37) line 2	Okanagan	gloss	Walter DET friend-3SG.POSS CONJ Sam DET friend-3SG.POSS	page 20
(37) line 3	Okanagan	segmentation	nixʷ.	page 20
(37) line 4	Okanagan	gloss	also	page 20
(37) line 5	John Lyon	translation	Walter is his friend, and Sam is his friend too.	page 20
§3.2.2	John Lyon	note	In irrealis and future contexts, an iʔ DP may denote a referent that is neither pre- supposed nor asserted to be unique. In (38), there may be more than one man which the addressee could marry, possibly any man in the entire universe, and the locative DP could denote any one of these individuals.	page 20
(38) line 1	Okanagan	segmentation	axáʔ kʷu cú-s kʷ c-mrím-aʔx	page 20
(38) line 2	Okanagan	gloss	DEM 1SG.GEN say-(DIR)-3SG.ERG 2SG.ABS CUST-marry-INTR	page 20
(38) line 3	Okanagan	segmentation	iʔ k̓l sqəltmíxʷ.	page 20
(38) line 4	Okanagan	gloss	DET LOC man	page 20
(38) line 5	John Lyon	translation	This tells me that you will marry a man.	page 20
(38) line 6	John Lyon	note	Context: Fortune teller consulting an oracle.	page 20, the context
§3.2.2	John Lyon	note	Discourse provides more explicit evidence that iʔ does not assert unique- ness. For (39) below, B’s initial reply to A’s question includes the DP iʔ sƛ̓aʔcínəm, in an indefinite context. The DP cannot be taken to assert the uniqueness of the entity satisfying the property “deer”, however, since further development of the sentence makes it clear that there is more than one deer in the context set.40	page 20
footnote 40	John Lyon	note	The domain can therefore be “widened”. See example (132) for a different case of domain widening. These examples indicate that uniqueness effects are only implicatures.	page 21, footnote 40
(39) line 1	John Lyon	note	A:	page 21, the speaker of the turn
(39) line 2	Okanagan	segmentation	uc kʷ t̓ʕapám?	page 21
(39) line 3	Okanagan	gloss	YNQ 2SG.ABS shoot-MID	page 21
(39) line 4	John Lyon	translation	Did you shoot (anything)?	page 21
(39) line 5	John Lyon	note	B:	page 21, the speaker of the turn
(39) line 6	Okanagan	segmentation	t̓ʕáp-nt-ín iʔ sƛ̓aʔcínəm t spiʔsc̓íɬt. mús iʔ	page 21
(39) line 7	Okanagan	gloss	shoot-DIR-1SG.ERG DET deer OBL yesterday four DET	page 21
(39) line 8	Okanagan	segmentation	sƛ̓aʔcínəm i-sc-wík uɬ iʔ k̓ʷíƛ̓t ilíʔ	page 21
(39) line 9	Okanagan	gloss	deer 1SG.POSS-PERF-see CONJ DET the.rest.of DEM	page 21
(39) line 10	Okanagan	segmentation	yalt.	page 21
(39) line 11	Okanagan	gloss	run.away	page 21
(39) line 12	John Lyon	translation	I shot a deer yesterday. I saw four deer, but the others got away.	page 21
§3.2.2	John Lyon	note	The oblique marker t also does not assert the uniqueness of a referent, as shown by (40):	page 21
(40) line 1	Okanagan	segmentation	kn wík-əm t k̓ʷəck̓ʷact t ylmíxʷum.	page 21
(40) line 2	Okanagan	gloss	1SG.ABS see-MID OBL strong OBL chief	page 21
(40) line 3	John Lyon	translation	I saw a strong chief.	page 21
(40) line 4	John Lyon	note	Context: You’re at a chief’s gathering. Some of the chiefs are strong, some are not.	page 21, the context
§3.2.2	John Lyon	note	The analysis of the English definite is generally assumed to invoke maximality (Sharvy, 1980). In this way, plural individuals can fall under the range of the iota operator, and the truth values found with singular definites are more-or-less preserved in the plural cases. The semantic denotation of the, as represented in (33) is thus revised to (41) in order to accomodate plural definites (Heim, 2011):	page 21
(41) line 1	John Lyon	note	⟦the⟧= λP : ∃x∀y[MAX(P)(y) ↔ x = y].ιx.MAX(P)(x)	page 21, a formula
§3.2.2	John Lyon	note	For mass nouns (42) and nominals which allow for plural reference (43) in Okana- gan, iʔ does not assert maximality.	page 21
(42) line 1	Okanagan	segmentation	ʔiɬ-n iʔ st̓xitkʷ, náx̌əmɬ ilíʔ	page 21
(42) line 2	Okanagan	gloss	eat-(DIR)-1SG.ERG DET soup CONJ DEM	page 21
(42) line 3	Okanagan	segmentation	ɬwin-xt-m-n mi nixʷ anwíʔ	page 21
(42) line 4	Okanagan	gloss	leave-APPL-2SG.ACC-1SG.ERG FUT also 2SG.INDEP	page 21
(42) line 5	Okanagan	segmentation	kʷ ks-ʔiɬən-aʔx t st̓xítkʷ.	page 21
(42) line 6	Okanagan	gloss	2SG.ABS FUT-eat-INCEPT OBL soup	page 21
(42) line 7	John Lyon	translation	I ate some soup, but I saved you some so you can eat too.	page 21
(42) line 8	John Lyon	citation	(VG)	page 21, the tag or source at the right of the translation
(43) line 1	Okanagan	segmentation	ʔiɬ-n iʔ sp̓y̓qaɬq, náx̌əmɬ iliʔ	page 22
(43) line 2	Okanagan	gloss	eat-(DIR)-1SG.ERG DET berry CONJ DEM	page 22
(43) line 3	Okanagan	segmentation	k̓im-xt-m-n iʔ sp̓y̓qaɬq.	page 22
(43) line 4	Okanagan	gloss	except-APPL-2SG.ACC-1SG.ERG DET berry	page 22
(43) line 5	John Lyon	translation	I ate some berries, but I saved you some.	page 22
(43) line 6	John Lyon	citation	(VG)	page 22, the tag or source at the right of the translation
(43) line 7	John Lyon	note	Context: There was a bowl of berries/soup on the table, but now it is gone. I ask “What happened to the berries/soup?”	page 22, the context
§3.2.2	John Lyon	note	For both (42) and (43), the consultant volunteers English translations of the ini- tial Okanagan DPs with the weak quantifier “some”, despite the fact that there is no quantifier in these sentences. If iʔ asserted maximality, we might otherwise expect these sentences to be infelicitous,41 as in the English sentence #I ate the berries but I saved you some.	page 22
footnote 41	John Lyon	note	Data showing that iʔ DPs may occur in existential sentences (see section 3.5.2) provides further evidence that there is no maximality assertion associated with iʔ:	page 22, footnote 41
footnote 41 (i) line 1	Okanagan	segmentation	xʷʔit iʔ siwɬkʷ k̓l k̓aʔɬús.	page 22
footnote 41 (i) line 2	Okanagan	gloss	many DET water LOC over the hill	page 22
footnote 41 (i) line 3	John Lyon	translation	There is a lot of water over that hill.	page 22
footnote 41	John Lyon	note	In (i), there is a weak, non-proportional reading of the quantifier xʷʔit “many/a lot”, which inherently clashes with a maximality assertion. There is nevertheless also a strong, proportional reading to the quantifier, which results in the sentence being interpreted as “A lot of the water is over the hill.” Sen- tence (i) is thus only ambiguously an existential sentence. Both interpretations are derivable via a domain restriction analysis (see sections 3.5.2, 3.5.4 and 4).	page 22, footnote 41
§3.2.2	John Lyon	note	I conclude that the determiner iʔ does not assert uniqueness or maxi- mality of a referent, despite data showing that it is compatible with a unique or maximal referent.	page 22
§3.2.3	John Lyon	heading	3.2.3 iʔ and t do not encode specificity	page 22
§3.2.3	John Lyon	note	Okanagan iʔ can be felicitously used for both specific and non-specific referents, and as such does not encode specificity, or reflect any specific/non- specific distinction. The oblique marker t, by contrast, is consistently non-specific.	page 22
§3.2.3	John Lyon	note	Some have defined specificity as meaning that there is a non-empty and contextual salient set P (Diesing, 1992; Enç, 1991). The requirement that there be a contextually salient set P is equivalent to a presupposition of existence. Un- der this definition, specificity is essentially equivalent to definiteness, and we can immediately rule out specificity as an attribute of both iʔ and t.	page 22
§3.2.3	John Lyon	note	Ludlow and Neale (1991) suggest an alternative definition, where speci- ficity is independent of any presupposition of existence. In other words, a ref- erent need not be discourse-old in order to use a specific determiner. The only necessary presupposition is that the set P is non-empty; it does not have to be contextually salient. The following two English sentences, taken from Matthew- son (1998, 95-97), illustrate how the English indefinite determiner a permits a specific reading:	page 22
(44a) line 1	John Lyon	note	Sophie didn’t buy a book I recommended.	page 23, set as an example
(44b) line 1	John Lyon	note	Every boy in Mary’s class fancies a girl who Mary doesn’t know.	page 23, set as an example
§3.2.3	John Lyon	note	The indefinite DP in (44a) refers to a specific book. Likewise in (44b), on the reading where “a girl” takes scope over the distributive operator, “a girl” is also interpreted specifically. In both cases, the DP is discourse-new, and in both cases, there is a presupposition that the set P is non-empty. English a does not encode any presupposition that the set P is non-empty, since as the following sentence shows (also taken from Matthewson, 1998), a is also felicitous in contexts where there is no presupposition that P is non-empty (e.g. since there are no unicorns).	page 23
(45) line 1	John Lyon	note	Sophie didn’t buy a unicorn.	page 23, set as an example
§3.2.3	John Lyon	note	Similarly in Okanagan, the felicitous use of iʔ and t does not depend on any presupposition that a set P is non-empty. (46a,b), for example, are fine in both worlds where sasquatches exist and do not exist.	page 23
(46a) line 1	Okanagan	segmentation	lut t̓ə wík-n iʔ c̓wanáytmx.	page 23
(46a) line 2	Okanagan	gloss	NEG EMPH see-(DIR)-1SG.ERG DET sasquatch	page 23
(46a) line 3	John Lyon	translation	I’ve never seen a/the sasquatch.	page 23
(46a) line 4	John Lyon	speaker comment	Consultant: That’s talking about an individual sasquatch.	page 23, under the part
(46b) line 1	Okanagan	segmentation	lut t̓ə kn c-wík-əm t c̓wanáytmx.	page 23
(46b) line 2	Okanagan	gloss	NEG EMPH 1SG.ABS CUST-see-MID OBL sasquatch	page 23
(46b) line 3	John Lyon	translation	I’ve never seen any sasquatch.	page 23
(46b) line 4	John Lyon	speaker comment	Consultant: I’ve never seen no sasquatch.	page 23, under the part
§3.2.3	John Lyon	note	The DP iʔ c̓wanáytmx “a sasquatch” in (46a) may have either a specific or a non-specific reading in worlds where sasquatches exist (depending on whether it scopes above or below negation), and a non-specific reading in worlds where sasquatches do not exist. The oblique KP in (46b) has only a non-specific read- ing, but this reading also arises independent of any presupposition associated with t.42	page 23
footnote 42	John Lyon	note	Non-specific readings of nominals also arise in existential sentences via the use of the prefix (ʔa)kɬ- “have”. Compare (i)a and (i)b, which are essentially equivalent:	page 23, footnote 42
footnote 42 (ia) line 1	Okanagan	segmentation	lut t̓ə nunxʷínəmi(n)-n ɬaʔ kɬ-c̓wanáytmx.	page 23
footnote 42 (ia) line 2	Okanagan	gloss	NEG EMPH believe-(DIR)-1SG.ERG COMP HAVE-sasquatch	page 23
footnote 42 (ia) line 3	John Lyon	translation	I don’t believe that there are sasquatches.	page 23
footnote 42 (ib) line 1	Okanagan	segmentation	lut t̓ə nunxʷínəmi(n)-n iʔ c̓wanáytmx.	page 23
footnote 42 (ib) line 2	Okanagan	gloss	NEG EMPH believe-(DIR)-1SG.ERG DET sasquatch	page 23
footnote 42 (ib) line 3	John Lyon	translation	I don’t believe in the sasquatch.	page 23
footnote 42 (ib) line 4	John Lyon	translation	I don’t believe there’s a sasquatch.	page 23, a second translation
footnote 42	John Lyon	note	These contrasts are discussed further in section 3.5.2 and section 3.5.4.	page 23, footnote 42
§3.2.3	Okanagan	cited form	iʔ c̓wanáytmx	page 23, in italics
§3.2.3	John Lyon	note	Likewise in (47) below, the interpretation of the DP iʔ sqəltmixʷ “a man” permits both a specific interpretation (i.e. the same man sits at the same table every day, and John always argues with that man), and a non-specific inter- pretation (i.e. John argues with whichever man happens to be sitting at a particu- lar table).	page 23
§3.2.3	Okanagan	cited form	iʔ sqəltmixʷ	page 23, in italics
(47) line 1	Okanagan	segmentation	John pintk k̓-ac-qʷal-st-wixʷ-s iʔ sqəltmixʷ	page 24
(47) line 2	Okanagan	gloss	John always k-CUST-argue-CAUS-RECIPR-3SG.ERG DET man	page 24
(47) line 3	Okanagan	segmentation	iʔ mut l latáp.	page 24
(47) line 4	Okanagan	gloss	DET sit LOC table	page 24
(47) line 5	John Lyon	translation	John always argues with the man sitting at the table.	page 24
§3.2.3	John Lyon	note	In some cases, Okanagan iʔ only has a non-specific interpretation, as with the DP iʔ l npusmən in (48).43	page 24
footnote 43	John Lyon	note	The set of individuals (or plural individual under my analysis) denoted by iʔ l npusmən “the in pot” is nevertheless certainly restricted to the number of contextually salient pots in the kitchen.	page 24, footnote 43
§3.2.3	Okanagan	cited form	iʔ l npusmən	page 24, in italics
(48) line 1	Okanagan	segmentation	kn pús-əm t patáq iʔ l npús-mən uɬ lut	page 24
(48) line 2	Okanagan	gloss	1SG.ABS boil-MID OBL potato DET LOC boil-INSTR CONJ NEG	page 24
(48) line 3	Okanagan	segmentation	ac-my-st-ín laʔkín t npús-mən kiʔ	page 24
(48) line 4	Okanagan	gloss	CUST-know-CAUS-1SG.ERG which OBL boil-INSTR FOC	page 24
(48) line 5	Okanagan	segmentation	n-ʔútan-(n)t-in.	page 24
(48) line 6	Okanagan	gloss	LOC-be.there-DIR-1SG.ERG	page 24
(48) line 7	John Lyon	translation	I put the potatoes into a pot, but I don’t remember which pot I put the potatoes into.	page 24
§3.2.3	John Lyon	note	In the absence of the second conjunct in (48), the default interpretation of the locative DP is a specific pot. This default interpretation arises via an implicature of uniqueness, rather than any inherent specificity feature associated with iʔ. I will discuss these implicatures further in section 3.5.4.44	page 24
footnote 44	John Lyon	note	Specific readings of iʔ DPs are derivable from domain restriction, however non-specific readings of iʔ DPs are usually, though not always, tied to an absence of domain restriction.	page 24, footnote 44
§3.2.3	John Lyon	note	Temporal adverbials also appear to force non-specific, narrow scope readings of iʔ DPs.45 In (49) below, the iʔ DPs cannot be interpreted specifi- cally, since the same letter cannot arrive every day (49a), and the same fish can- not be eaten every day (49b).	page 24
footnote 45	John Lyon	note	This may involve binding of implicit world and time arguments associated with the nominal. Cf also the e-type and bridging cases discussed in section 3.1.	page 24, footnote 45
(49a) line 1	Okanagan	segmentation	yaʕyáʕt iʔ sənyak̓ʷqín ac-kic-x iʔ q̓əy̓mín.	page 24
(49a) line 2	Okanagan	gloss	all DET afternoon CUST-arrive-INTR DET letter	page 24
(49a) line 3	John Lyon	translation	Every afternoon a letter arrives.	page 24
(49b) line 1	Okanagan	segmentation	ʔiɬ-n iʔ qáqxʷəlx yaʕyáʕt sx̌əlx̌ʕált.	page 24
(49b) line 2	Okanagan	gloss	eat-(DIR)-1SG.ERG DET fish all day	page 24
(49b) line 3	John Lyon	translation	I eat (a) fish every day.	page 24
§3.2.3	John Lyon	note	The iʔ DPs in (49) denote a different non-specific individual for every after- noon/day. Okanagan DPs, unlike those in St’át’imcets, cannot be temporally bound to the discourse situation, since otherwise we predict only an infelicitous specific reading for the DPs in (49).	page 25
§3.2.3	John Lyon	note	(50) shows that Okanagan iʔ DPs also permit individual concept read- ings, unlike in St’át’imcets (Demirdache, 1996):	page 25
(50) line 1	Okanagan	segmentation	cmay iʔ ylmíxʷəm laʔkín iʔ tkɬmílxʷ.	page 25
(50) line 2	Okanagan	gloss	EPIS DET chief when DET woman	page 25
(50) line 3	John Lyon	translation	Maybe someday there will be a woman chief./ Maybe the chief will someday be a woman.	page 25
§3.2.3	John Lyon	note	For (50), the referent of iʔ ylmíxʷəm “the chief” is any non-specific future indi- vidual which happens to be the chief at that future time. If this DP were referring to a particular individual, the sentence could only be interpretable as asserting that it is possible that the current chief will undergo a sex-change operation. It seems that Okanagan iʔ may denote either specific or non-specific referents, similar to English a.	page 25
§3.2.3	John Lyon	note	Okanagan t may only be used non-specifically. For example, many re- alis relative clauses with oblique-marked nominal heads are ungrammatical, since the relative clause head must be interpreted specifically. Sentences with oblique-marked nominals, such as (51a, cf 52), are corrected to sentences con- taining iʔ DPs, such as (51b), where the DP iʔ sqəltmixʷ has a specific interpre- tation like the English indefinite in (44a).	page 25
(51a) line 1	Okanagan	segmentation	*lut kn t̓ə kaʔkíc-əm t sqəltmíxʷ iʔ	page 25
(51a) line 2	Okanagan	gloss	NEG 1SG.ABS EMPH find-MID OBL man DET	page 25
(51a) line 3	Okanagan	segmentation	wík-n t spiʔsc̓íɬt.	page 25
(51a) line 4	Okanagan	gloss	see-(DIR)-1SG.ERG OBL yesterday	page 25
(51a) line 5	John Lyon	translation	I didn’t find a/any man that I saw yesterday.	page 25
(51b) line 1	Okanagan	segmentation	lut t̓ə kaʔkíc-n iʔ sqəltmixʷ iʔ	page 25
(51b) line 2	Okanagan	gloss	NEG EMPH find-(DIR)-1SG.ERG DET man DET	page 25
(51b) line 3	Okanagan	segmentation	wík-n t spiʔsc̓íɬt.	page 25
(51b) line 4	Okanagan	gloss	see-(DIR)-1SG.ERG OBL yesterday	page 25
(51b) line 5	John Lyon	translation	I didn’t find the man that I saw yesterday.	page 25
(52) line 1	Okanagan	segmentation	lut kn t̓ə kaʔkíc-əm t sqəltmíxʷ.	page 25
(52) line 2	Okanagan	gloss	NEG 1SG.ABS EMPH find-MID OBL man	page 25
(52) line 3	John Lyon	translation	I didn’t find a/any man.	page 25
§3.2.3	John Lyon	note	In sum, given that neither the presupposition nor the assertion of En- glish the may be extended to iʔ or t, and that both of these properties are crucial components to a standard Fregean analysis of definite determiners, I conclude that neither of these particles are definite.	page 25
§3.3	John Lyon	heading	3.3 iʔ and t are not English-style existential indefinites	page 26
§3.3	John Lyon	note	Okanagan iʔ is clearly not a definite determiner, but it is possible that it could be similar to the English indefinite determiner a, as represented in (53):	page 26
(53) line 1	John Lyon	note	⟦a⟧= λP.λQ.∃x[P(x) ∧ Q(x)]	page 26, a formula
§3.3	John Lyon	note	Assuming (53) for iʔ entails, among other things, that it asserts the existence of some individual that satisfies the nominal property.46 Since there is no presuppo- sition or assertion of uniqueness associated with either a or iʔ, as we have seen, (53) might be taken as a plausible candidate for iʔ.	page 26
footnote 46	John Lyon	note	I overlook for a moment the fact that iʔ, unlike a, does not create a generalized quantifier.	page 26, footnote 46
§3.3	John Lyon	note	The problem with extending (53) to iʔ is that the referent can be any in- dividual which satisfies the nominal property. This property essentially precludes English a DPs from being used co-referentially, at least in non-variable binding contexts. Okanagan iʔ easily allows co-referential readings. Gillon (2006, 108) claims that in Sḵwx̱ú7mesh, co-reference between two deictic DPs with the same noun is expected because of domain restriction, but since maximality is only implicated and not asserted, pragmatics can overrule a co-referential reading. (54a) shows that in Okanagan, an iʔ DP does not force a co-referential reading, which is of course expected under a denotation like (53), but (54b) shows that an iʔ DP may just as easily allow a co-referential reading.47	page 26
footnote 47	John Lyon	note	Within the same sentence, and even across sentences, null pronominals are often preferred over overt DPs as a topic maintenance strategy (cf for example Davis (1994) for relevant data in St’át’imcets and Gerdts and Hukari (2003) for Halkomelem). For example, a co-referential reading of (54a) is possible if there is null pronominal in the second conjunct, rather than an overt DP (i):	page 26, footnote 47
footnote 47 (i) line 1	Okanagan	segmentation	wík-n ixíʔ (iʔ x̌ʷƛ̓iʔ) l nɬq̓íɬməlx, uɬ wík-n	page 26
footnote 47 (i) line 2	Okanagan	gloss	see-(DIR)-1SG.ERG DEM DET mountain.goat LOC Quilchena CONJ see-(DIR)-1SG.ERG	page 26
footnote 47 (i) line 3	Okanagan	segmentation	l spáx̌mən.	page 26
footnote 47 (i) line 4	Okanagan	gloss	LOC Douglas.Lake	page 26
footnote 47 (i) line 5	John Lyon	translation	I saw a mountain goat in Quilchena, and I saw (the same one) in Spaxmen.	page 26
(54a) line 1	Okanagan	segmentation	wik-n iʔ x̌ʷƛ̓iʔ l nɬq̓íɬməlx, uɬ	page 26
(54a) line 2	Okanagan	gloss	see-(DIR)-1SG.ERG DET mountain.goat LOC Quilchena CONJ	page 26
(54a) line 3	Okanagan	segmentation	wik-n iʔ x̌ʷƛ̓iʔ l spáx̌mən.	page 26
(54a) line 4	Okanagan	gloss	see-(DIR)-1SG.ERG DET mountain.goat LOC Douglas.Lake	page 26
(54a) line 5	John Lyon	translation	I saw a mountain goat in Quilchena, and I saw a mountain goat in Spaxmen.	page 26
(54a) line 6	John Lyon	speaker comment	Consultant’s Comment: Good, 2 different goats.	page 26, under the part
(54b) line 1	Okanagan	segmentation	John n-ʔulq̓ús-s iʔ l nx̌lsʕáɬxʷtn, uɬ Mary	page 27
(54b) line 2	Okanagan	gloss	John n-lift-(DIR)-3SG.ERG DET LOC window CONJ Mary	page 27
(54b) line 3	Okanagan	segmentation	n-xnús-s (iʔ l nx̌lsʕáɬxʷtn).	page 27
(54b) line 4	Okanagan	gloss	n-close-(DIR)-3SG.ERG DET LOC window	page 27
(54b) line 5	John Lyon	translation	John opened a window, and Mary closed the window.	page 27
(54b) line 6	John Lyon	speaker comment	Consultant’s Comment: Same window, just to make it clear, you say “window”.	page 27, under the part
§3.3	John Lyon	note	Consider that in a context like (54a), it is implausible that the same mountain goat could be at Quilchena and Spaxmen at the same time, since these two re- serves are 15 kilometers apart, while in (54b), it is entirely plausible that Mary closed the same window which John opened. Note also that in English, it is infe- licitous to say John opened a window, and Mary closed a window, if in fact the intended referent is the same window. Linguistic and extra-linguistic contextual factors both help to determine whether the referent of an iʔ DP is identical-to or different-than a previous mention of the same DP. As such, Okanagan iʔ is inex- orably tied to the context, a variable which (53) unfortunately does not include.	page 27
§3.3	John Lyon	note	Oblique marked nominals in Okanagan are consistently indefinite and non-specific (52) (Mattina, 2006), and appear to pattern more closely to English indefinites than iʔ DPs. Once a discourse referent has been introduced, it is in- felicitous to refer back to the same referent with an oblique marked nominal, as illustrated by (55).	page 27
(55a) line 1	Okanagan	segmentation	#kn ʔaws-píx̌-əm t spiʔsc̓íɬt. kn wík-əm t	page 27
(55a) line 2	Okanagan	gloss	1SG.ABS GO-hunt-MID OBL yesterday 1SG.ABS see-MID OBL	page 27
(55a) line 3	Okanagan	segmentation	skəmxíst, uɬ kn t’ʕap-ám t skəmxíst.	page 27
(55a) line 4	Okanagan	gloss	bear CONJ 1SG.ABS shoot-MID OBL bear.	page 27
(55a) line 5	John Lyon	translation	I went hunting yesterday, and I saw a bear, and I shot the bear.	page 27
(55b) line 1	Okanagan	segmentation	kn ʔaws-píx̌-əm t spiʔsc̓íɬt. kn wík-əm t	page 27
(55b) line 2	Okanagan	gloss	1SG.ABS PAST-hunt-MID OBL yesterday 1SG.ABS see-MID OBL	page 27
(55b) line 3	Okanagan	segmentation	skəmxíst, uɬ t̓ʕáp-nt-ín iʔ skəmxist.	page 27
(55b) line 4	Okanagan	gloss	bear CONJ shoot-DIR-1SG.ERG DET bear.	page 27
(55b) line 5	John Lyon	translation	I went hunting yesterday, and I saw a bear, and I shot the bear.	page 27
§3.3	John Lyon	note	This pattern is consistent with an analysis whereby iʔ narrows the domain under discussion, or in the case of (55b), references a singleton set. t does not narrow the domain under discussion, and the implicature in (55a) is that there are two different bears under discussion. Oblique t, however, also cannot be analyzed as an English-style indef- inite. Aside from the fact that it does not create a generalized quantifier, it also does not license specific or other types of wide-scope readings which a exhibits. Furthermore, given that it may co-occur with iʔ, there is the danger of semantic redundancy if t were semantically meaningful. I argue instead that t is semanti- cally vacuous.	page 27
§3.4	John Lyon	heading	3.4 iʔ is not a St’át’imcets-style widest-scope indefinite	page 28
§3.4	John Lyon	note	Matthewson (1999) analyzes St’át’imcets assertion-of-existence deter- miners as widest-scope indefinite determiners, utilizing a choice-function analy- sis originally developed by Reinhart (1997). Assertion-of-existence determiners may be understood as having denotations resembling the following:48	page 28
footnote 48	John Lyon	note	Matthewson (1999) does not give an explicit semantics for assertion-of-existence determiners. Matthewson (2008) does give an explicit semantics, utilizing the theoretical notion of situations, which I make passing reference to in this paper. (56) is simply meant to give the reader a general idea.	page 28, footnote 48
(56) line 1	John Lyon	note	λP[f[CH(f) ∧ f(λx.P(x))]]	page 28, a formula
§3.4	John Lyon	note	The choice function in this formula selects one individual from the nominal do- main. Matthewson also assumes that the choice function is existentially closed at the highest level (i.e. for St’át’imcets, the speaker’s discourse situation). This ad- ditional stipulation correctly derives the widest-scope readings characteristic of St’át’imcets assertion-of-existence DPs, and prevents e-type and bound variable readings.	page 28
§3.4	John Lyon	note	The strongest piece of evidence against analyzing Okanagan iʔ as a widest-scope indefinite, comes from data suggesting that iʔ is possible in con- texts which do not assert the existence of any individual. This is clearly shown to be the case with data where iʔ scopes under negation.	page 28
(57a) line 1	Okanagan	segmentation	iʔ sqəltmíxʷ lutaʔ kaʔkíc-ís iʔ sənkɬc̓aʔsqáx̌aʔ.	page 28
(57a) line 2	Okanagan	gloss	DET man NEG find-(DIR)-3SG.ERG DET horse	page 28
(57a) line 3	John Lyon	translation	The man didn’t find any/the horses.	page 28
(57b) line 1	Okanagan	segmentation	lut ac-my-st-ín iʔ yl-ylmíxʷəm	page 28
(57b) line 2	Okanagan	gloss	NEG CUST-know-CAUS-1SG.ERG DET IRED-CHIEF	page 28
(57b) line 3	John Lyon	translation	I don’t know any/the chiefs.	page 28
(57b) line 4	John Lyon	note	Context: Answer to “Do you know any chiefs?”	page 28, the context
§3.4	John Lyon	note	(57b), for example, has an interpretation where the speaker is asserting that it is not the case that there exists a set of chiefs, such that the speaker knows this set of chiefs. (57b) also has a secondary interpretation which surfaces in definite contexts. For this secondary interpretation, the existential quantifier takes scope over negation, and the resulting English translation is “I don’t know the chiefs.” The interpretation of these sentences is dependent on the context.49	page 28
footnote 49	John Lyon	note	Sḵwx̱ú7mesh deictic determiners also apparently allow narrow-scope readings under negation (Gillon, 2006, 95), but it is important to note that St’át’imcets assertion-of-existence determiners are never compatible with narrow scope interpretations (Matthewson, 1998), except when they are universally quantified.	page 28, footnote 49
§3.4	John Lyon	note	For Okanagan, an unambiguous narrow scope reading of an object nominal may be achieved by using the oblique marker t and an intransitive form, rather than the determiner iʔ. Compare transitive (58a-59a) which have iʔ DP objects, with (58b-59b) which have oblique-marked KP objects.	page 28
(58a) line 1	Okanagan	segmentation	lut t̓ə c-wík-st-n iʔ sqəltmíxʷ	page 29
(58a) line 2	Okanagan	gloss	NEG EMPH CUST-see-CAUS-1SG.ERG DET man	page 29
(58a) line 3	Okanagan	segmentation	k-c-nc̓iw̓-əm-s.	page 29
(58a) line 4	Okanagan	gloss	k-CUST-wash.dishes-MID-3SG.POSS	page 29
(58a) line 5	John Lyon	translation	I’ve never seen a/the man washing dishes.	page 29
(58b) line 1	Okanagan	segmentation	lut t̓ə kn c-wík-əm t sqəltmíxʷ t	page 29
(58b) line 2	Okanagan	gloss	NEG EMPH 1SG.ABS CUST-see-MID OBL man OBL	page 29
(58b) line 3	Okanagan	segmentation	k-c-nc̓íw̓-əm-s.	page 29
(58b) line 4	Okanagan	gloss	k-CUST-wash.dishes-MID-3SG.POSS	page 29
(58b) line 5	John Lyon	translation	I’ve never seen a man wash dishes.	page 29
(59a) line 1	Okanagan	segmentation	t̓i iʔ sqílxʷ iʔ wík-n, lut	page 29
(59a) line 2	Okanagan	gloss	EMPH DET Indian.people DET see-(DIR)-1SG.ERG NEG	page 29
(59a) line 3	Okanagan	segmentation	wík-n iʔ sm-sámaʔ.	page 29
(59a) line 4	Okanagan	gloss	see-(DIR)-1SG.ERG DET IRED-white.people	page 29
(59a) line 5	John Lyon	translation	I only see the Indian people, I didn’t see any/the samaʔ.	page 29
(59b) line 1	Okanagan	segmentation	t̓i iʔ sqílxʷ iʔ wík-n, lut kn	page 29
(59b) line 2	Okanagan	gloss	EMPH DET Indian.people DET see-(DIR)-1SG.ERG NEG 1SG.ABS	page 29
(59b) line 3	Okanagan	segmentation	t̓ə wík-əm t sm-sámaʔ.	page 29
(59b) line 4	Okanagan	gloss	EMPH see-MID OBL IRED-white.people	page 29
(59b) line 5	John Lyon	translation	I only see the Indian people, I didn’t see any samaʔ.	page 29
§3.4	John Lyon	note	Under their narrow scope readings, the two forms in each pair essentially convey the same meaning, however (58a-59a) have an additional wide-scope reading of the object nominal which (58b-59b) do not.50 Okanagan iʔ may also scope under modals and if-clauses, a fact which sets Okanagan apart from both St’át’imcets assertion-of-existence and Sḵwx̱ú7mesh deictic determiners. (60a,b) demonstrate how an iʔ DP may scope under a modal, and (61a,b) show iʔ DPs taking narrow scope with respect to if-clauses:	page 29
footnote 50	John Lyon	note	A reading semantically more-or-less equivalent to the narrow scope interpretation of iʔ is achieved by semantic incorporation of the t nominal (Chung and Ladusaw, 2004). I will discuss the details in my analysis section.	page 29, footnote 50
(60a) line 1	Okanagan	segmentation	iʔ sqəltmíxʷ cmay kaʔkíc-ís iʔ sənkɬc̓aʔsqax̌aʔ,	page 29
(60a) line 2	Okanagan	gloss	DET man EPIS find-(DIR)-3SG.ERG DET horse	page 29
(60a) line 3	Okanagan	segmentation	ɬ ik̓líʔəlx.	page 29
(60a) line 4	Okanagan	gloss	COMP DEM-3PL.ABS	page 29
(60a) line 5	John Lyon	translation	The man might find a horse, if there are any out there.	page 29
(60a) line 6	John Lyon	note	Context: Set in a strange land, the speaker has no idea if any horses even exist here.	page 29, the context
(60b) line 1	Okanagan	segmentation	cmay c-xʷuy iʔ ƛ̓əx̌əx̌ƛ̓x̌áp.	page 30
(60b) line 2	Okanagan	gloss	EPIS CISL-go DET elders	page 30
(60b) line 3	John Lyon	translation	Narrow scope: There might be a few old men that will come.	page 30
(60b) line 4	John Lyon	translation	Wide Scope: The elders might come.	page 30, a second translation
(60b) line 5	John Lyon	note	Context: You’ve invited all the old men and women to come to a party, but so far only the women have RSVPd.	page 30, the context
(61a) line 1	Okanagan	segmentation	cakʷ x̌ast ɬaʔ c-kic-x iʔ knaqs t ƛ̓x̌ƛ̓x̌áp.	page 30
(61a) line 2	Okanagan	gloss	DEON good COMP CISL-arrive-INTR DET one OBL elder	page 30
(61a) line 3	John Lyon	translation	It’d be good if an elder came.	page 30
(61a) line 4	John Lyon	note	Context: You’re planning for a party, and you’re hoping at least one elder comes, no-one in particular.	page 30, the context
(61b) line 1	Okanagan	segmentation	cakʷ Spike ɬaʔ k(ɬ)-sqʷsiʔ, cmay ixíʔ iʔ sqʷsiʔ-s	page 30
(61b) line 2	Okanagan	gloss	DEON Spike COMP HAVE-son EPIS DEM DET son-3SG.POSS	page 30
(61b) line 3	Okanagan	segmentation	iʔ kɬ- ylmíxʷəm.	page 30
(61b) line 4	Okanagan	gloss	DET FUT-chief	page 30
(61b) line 5	John Lyon	translation	If Spike had a son, I guess his son would be the chief.	page 30
§3.4	John Lyon	note	The St’át’imcets equivalents of the examples in (57-61) all require the non- assertion-of-existence determiner ku. Although neither Okanagan iʔ nor St’át’imcets ti...a encode definiteness, we have seen that Okanagan iʔ permits a wider range of readings than St’át’imcets assertion-of-existence determiners. On this ba- sis, and from data discussed in section 3.1, I conclude that iʔ does not require a widest-scope interpretation.	page 30
§3.4	St’át’imcets	cited form	ku	page 30, in italics
§3.5	John Lyon	heading	3.5 Towards a domain restriction analysis of iʔ	page 30
§3.5	John Lyon	note	Previous sections have shown that iʔ is not a deictic or definite deter- miner, nor is it an English or St’át’imcets-style indefinite. Having ruled out a presuppositional, or uniqueness-asserting account of iʔ, and having shown to some extent that iʔ is sensitive to the context in which it is used, I present ev- idence that iʔ is a contextually sensitive domain restrictor, following Gillon’s (2006) analysis of Sḵwx̱ú7mesh determiners:	page 30
(62) line 1	John Lyon	note	⟦iʔ⟧ = λP[f(λx[P(x) ∧ C(x)])]	page 30, a formula
§3.5	John Lyon	note	The formula in (62) shares similarities with Matthewson’s (1999) choice- function analysis of assertion-of-existence determiners in St’át’imcets, but with two major differences: First, there is no additional stipulation that the choice function be closed at the highest level (Matthewson, 2001), and second, the con- text is explicitly encoded as a free variable.	page 30
§3.5	John Lyon	note	The strongest evidence for the domain restriction analysis comes from data showing that although uniqueness and maximality is not asserted by iʔ, these qualities are implied. The implicature is scalar in nature, and arises from an opposition between iʔ and t (in syntactically non-existential contexts), and between iʔ and the prefix kɬ- “have” (in syntactically existential contexts). The oblique marker t, and the prefix kɬ-, are unambiguously non-specific and indefi- nite. A speaker who uses iʔ is therefore taken to imply uniqueness and/or max- imality of a referent by virtue of the fact that he/she did not use t or kɬ-. This is the crux of my argument.	page 30
§3.5	Okanagan	cited form	kɬ-	page 31, in italics
§3.5	John Lyon	note	Before presenting data showing that iʔ only implicates uniqueness and maximality, it is important to show that uniqueness implicatures may also arise as a result of a noun being lexical singular, and so it is necessary to give a short explanation concerning the basics of plurality in Okanagan. Additionally, it is important to note that iʔ DPs permit both non-maximal readings in existential sentences, as well as maximal generic readings. I take this to be indirect evi- dence for the domain restriction analysis because the formula in (62), unlike an English-style definite denotation for example, permits such readings. Since a theory of plurality is prior to a proper understanding of generics, my discussion will occur in the following order (i) plurality in Okanagan, (ii) iʔ DPs in exis- tential sentences, and (iii) generic readings of iʔ DPs. Afterwards, I present data showing that uniqueness/maximality is only implied.	page 31
§3.5.1	John Lyon	heading	3.5.1 A short foray into plurality	page 31
§3.5.1	John Lyon	note	Plurality is not encoded by the Okanagan determiner system, unlike in St’át’imcets or Nuxalk, for example.51 With iʔ being a singleton determiner, there is no other determiner by which a plurality distinction might be made. Since Okanagan determiners do not mark number, the burden of plural marking lies primarily with the noun itself. Plurality of a noun phrase may be conveyed in one of several ways, depending on whether the noun is specified or unspecified for singularity or plurality.	page 31
footnote 51	John Lyon	note	Most Salish languages, including Sḵwx̱ú7mesh, do not obligatorily mark number on their deter- miners.	page 31, footnote 51
§3.5.1	John Lyon	note	Some nouns are lexically singular: they may only ever denote singular individuals.52 The DP in (63a) can only ever denote one woman, the DP in (63b) can only ever denote one policeman, and (63c) can only mean that one woman kissed one child.	page 31
footnote 52	John Lyon	note	The plural form of “woman” is the lexically suppletive smaʔmʔím, while the plural form of “policeman” sxʷsxʷlk̓ám involves reduplication.	page 31, footnote 52
footnote 52	Okanagan	cited form	sxʷsxʷlk̓ám	page 31, in italics
(63a) line 1	Okanagan	segmentation	ixíʔ xʷist iʔ tkɬmílxʷ.	page 31
(63a) line 2	Okanagan	gloss	DEM walk DET woman	page 31
(63a) line 3	John Lyon	translation	That woman went for a walk.	page 31
(63b) line 1	Okanagan	segmentation	iʔ sxʷlk̓am t̓əc-xʷuy.	page 31
(63b) line 2	Okanagan	gloss	DET policeman LOC-go	page 31
(63b) line 3	John Lyon	translation	A policeman will come.	page 31
(63b) line 4	John Lyon	speaker comment	(Consultant’s Comment: Just one.)	page 31, at the right of the translation
(63c) line 1	Okanagan	segmentation	iʔ tkɬmílxʷ c̓úm̓qs-əs iʔ sk̓ʷk̓ʷíyməlt.	page 32
(63c) line 2	Okanagan	gloss	DET woman kiss-(DIR)-3SG.ERG DET child	page 32
(63c) line 3	John Lyon	translation	The woman kissed the child.	page 32
§3.5.1	John Lyon	note	Plural individuals do not fall under the denotations of lexically singular nouns.53 It is ungrammatical to use the universal quantifier yáʕyáʕt “all” with the singular form tkɬmílxʷ “woman” (64a), since the universal quantifier in this case can only quantify over subparts of an atomic individual. A speaker will always correct tkɬmílxʷ “woman” to smaʔmʔím “women” in these contexts.	page 32
footnote 53	John Lyon	note	Maximality is equivalent to uniqueness for lexically singular nouns.	page 32, footnote 53
§3.5.1	Okanagan	cited form	yáʕyáʕt	page 32, in italics
§3.5.1	Okanagan	cited form	tkɬmílxʷ	page 32, in italics
§3.5.1	Okanagan	cited form	smaʔmʔím	page 32, in italics
(64) line 1	Okanagan	segmentation	yaʕyáʕt iʔ *tkɬmílxʷ/smaʔmʔím c̓úmq̓sis iʔ	page 32
(64) line 2	Okanagan	gloss	all DET *woman/women kiss-(DIR)-3SG.ERG DET	page 32
(64) line 3	Okanagan	segmentation	sk̓ʷk̓ʷíyməlt.	page 32
(64) line 4	Okanagan	gloss	child	page 32
(64) line 5	John Lyon	translation	All the *woman/women kissed the child.	page 32
§3.5.1	John Lyon	note	Other nouns, like spəplínaʔ “rabbit” (65) and sənkɬc̓aʔsqáx̌aʔ “horse” (66), are number-neutral:	page 32
§3.5.1	Okanagan	cited form	spəplínaʔ	page 32, in italics
§3.5.1	Okanagan	cited form	sənkɬc̓aʔsqáx̌aʔ	page 32, in italics
(65) line 1	Okanagan	segmentation	c-kic-x iʔ spəplínaʔ.	page 32
(65) line 2	Okanagan	gloss	CISL-arrive-INTR DET rabbit	page 32
(65) line 3	John Lyon	translation	Some rabbits arrived. / A rabbit arrived.	page 32
(66a) line 1	Okanagan	segmentation	k-ná-naqs iʔ sənkɬc̓aʔsqáx̌aʔ.	page 32
(66a) line 2	Okanagan	gloss	k-IRED-one DET horse	page 32
(66a) line 3	John Lyon	translation	The horse is alone.	page 32
(66b) line 1	Okanagan	segmentation	xʷʔit iʔ sənkɬc̓aʔsqáx̌aʔ iʔ ʔal-ʔílxʷt.	page 32
(66b) line 2	Okanagan	gloss	many DET horse DET IRED-hungry	page 32
(66b) line 3	John Lyon	translation	Many horses starved.	page 32
§3.5.1	John Lyon	note	Both singular and plural individuals fall under the denotation of number-neutral nouns.54	page 32
footnote 54	John Lyon	note	As Matthewson (2001) notes for St’át’imcets, “plural morphology is not obligatory on the surface, and some nouns do not have a plural form which differs from their singular form.” It is con- sistent with my analysis to also assume that a * operator in the head of Number Phrase denotes an abstract plural feature, and that the absence of * corresponds to a vacuous singular number feature.	page 32, footnote 54
§3.5.1	John Lyon	note	Finally, some nouns are specified as plural, either lexically or as a result of reduplication, a pluralization operation in Okanagan. Nouns such as the sup- pletive plural smaʔmʔím “women” in (67a) and reduplicated plural sqəlqəltmíxʷ “men” in (67b) include only plural individuals in their extensions. Reduplicative plural nouns may be derived from both lexically singular nouns like sqəltmíxʷ “man” (as in 67b), and number-neutral nominals like skmxíst “bear(s)” in (68).55	page 32
footnote 55	John Lyon	note	The availability of a reduplicative plural for nouns like skmxíst “bear(s)” in (68b) favors a singu- lar interpretation of the non-reduplicated form.	page 32, footnote 55
§3.5.1	Okanagan	cited form	sqəlqəltmíxʷ	page 32, in italics
§3.5.1	Okanagan	cited form	sqəltmíxʷ	page 32, in italics
§3.5.1	Okanagan	cited form	skmxíst	page 32, in italics
(67a) line 1	Okanagan	segmentation	kʷu kíl-nt-m iʔ smaʔmʔím.	page 33
(67a) line 2	Okanagan	gloss	1PL.GEN chase-DIR-1PL.ERG DET women	page 33
(67a) line 3	John Lyon	translation	The women chased us.	page 33
(67b) line 1	Okanagan	segmentation	yaʕyáʕt mq̓ínk iʔ s-qəl-qəltmíxʷ.	page 33
(67b) line 2	Okanagan	gloss	all full DET IRED-man	page 33
(67b) line 3	John Lyon	translation	All of the men are full.	page 33
(68a) line 1	Okanagan	segmentation	iʔ skmxíst taʔlíʔ x̌mínk-s iʔ síyaʔ.	page 33
(68a) line 2	Okanagan	gloss	DET bear very like-(caus)-3sg.erg DET saskatoon	page 33
(68a) line 3	John Lyon	translation	The bear(s) like(s) the saskatoons.56	page 33
(68b) line 1	Okanagan	segmentation	iʔ s-km-kmxíst taʔlíʔ x̌mínk-s iʔ síyaʔ.	page 33
(68b) line 2	Okanagan	gloss	DET IRED-bear very like-(CAUS)-3SG.ERG DET saskatoon	page 33
(68b) line 3	John Lyon	translation	The bears like the saskatoons.	page 33
§3.5.1	John Lyon	note	Plurality57 of an argument can also be marked on Okanagan predicates, either suppletively (69), or via predicate reduplication (70). For (69a), the sup- pletive plural predicate k̓ɬkʷl’itkʷ “land in water” is the only morphological means by which plurality of the argument DP is indicated, since spqmíx “swan” is itself number-neutral. That is, a plural predicate is sufficient to indicate plural- ity of a DP argument. Plural reduplication on a nominal often co-occurs with a plural predicate (70b):	page 33
footnote 57	John Lyon	note	Or perhaps pluractionality.	page 33, footnote 57
§3.5.1	Okanagan	cited form	k̓ɬkʷl’itkʷ	page 33, in italics
§3.5.1	Okanagan	cited form	spqmíx	page 33, in italics
(69a) line 1	Okanagan	segmentation	iʔ spqmíx k̓ɬkʷl̓-ítkʷ iʔ l t̓ik̓ʷt.	page 33
(69a) line 2	Okanagan	gloss	DET swan land.in-water(PL) DET LOC lake	page 33
(69a) line 3	John Lyon	translation	The swans landed in the lake.	page 33
(69b) line 1	Okanagan	segmentation	k̓ɬʔamt-itkʷ iʔ spqmíx.	page 33
(69b) line 2	Okanagan	gloss	land.in-water(SG) DET swan	page 33
(69b) line 3	John Lyon	translation	(One) swan landed in the water.	page 33
(70a) line 1	Okanagan	segmentation	ik̓líʔ iʔ tətwít ʔilxʷt.	page 33
(70a) line 2	Okanagan	gloss	DEM DET boy hungry	page 33
(70a) line 3	John Lyon	translation	A boy over there is hungry.	page 33
(70b) line 1	Okanagan	segmentation	ik̓líʔ iʔ túʔtwit ʔal-ʔílxʷt.	page 33
(70b) line 2	Okanagan	gloss	DEM DET boys IRED-hungry	page 33
(70b) line 3	John Lyon	translation	More than one boy over there is hungry.	page 33
§3.5.1	John Lyon	note	When a number-neutral noun is derived into a plural noun via redupli- cation, the operation effectively removes all singular individuals from the deno- tation of the noun. A plural predicate may have this same effect on a number- neutral nominal DP argument. In (71) below, the number-neutral noun skəmxíst “bear(s)” is used in conjunction with an inherently plural predicate like ƛ̓əxʷənt “kill many”. The predicate removes the singular individuals from the denotation of the noun, entailing that the cardinality of bears killed is greater than one.58	page 33
footnote 58	John Lyon	note	ƛ̓əxʷənt “kill many” may not be used in a situation in which only one bear has been killed. A suppletive form púlst “kill (singular)” must instead be used.	page 34, footnote 58
footnote 58	Okanagan	cited form	púlst	page 34, in italics
§3.5.1	Okanagan	cited form	skəmxíst	page 33, in italics
§3.5.1	Okanagan	cited form	ƛ̓əxʷənt	page 34, in italics
(71) line 1	Okanagan	segmentation	kn ʔaws-píx̌-əm t spiʔsc̓íɬt. kn wík-əm t mus	page 34
(71) line 2	Okanagan	gloss	1SG.ABS go-hunt-MID OBL yesterday 1SG.ABS see-MID OBL four	page 34
(71) line 3	Okanagan	segmentation	t skəmxíst, uɬ ƛ̓əxʷ-nt-ín iʔ skəmxíst.	page 34
(71) line 4	Okanagan	gloss	OBL bear CONJ kill.many-DIR-1SG.ERG DET bear	page 34
(71) line 5	John Lyon	translation	I went hunting yesterday. I seen four bears, and I killed them all.	page 34
(71) line 6	John Lyon	citation	(VG)	page 34, the tag or source at the right of the translation
§3.5.1	John Lyon	note	The speaker translates the sentence as meaning “all” the bears got killed, despite the fact that no universal quantifier is present.59 In sum, the determiner iʔ ranges over both singular and plural indi- viduals, as it must, given that there is no singular/plural distinction encoded by Okanagan determiners. The range of the determiner can be restricted to plural in- dividuals by either plural marking on the nominal or on the predicate, and can be restricted to singular individuals if the noun or the predicate is lexically singular.	page 34
footnote 59	John Lyon	note	(71) can also mean that a plurality of bears, not necessarily all, got killed. This shows that maxi- mality is only an implicature. I discuss this example more in section 3.5.4.	page 34, footnote 59
§3.5.1	John Lyon	note	With the basic mechanics of Okanagan plurality under our belts, I now discuss iʔ DPs in existential sentences, and generic readings of iʔ DPs, before focusing on data showing that there are uniqueness and maximality implicatures associated with iʔ.	page 34
§3.5.2	John Lyon	heading	3.5.2 Existential sentences and iʔ DPs	page 34
§3.5.2	John Lyon	note	For Okanagan, iʔ DPs are commonly volunteered as subjects of sen- tences denoting existential propositions (72).60 In many existential contexts, forms like (72) are interchangeable with forms like (73), which do not have iʔ DP subjects, but rather prefix a nominal predicate with (ʔa)kɬ- “have”.61	page 34
footnote 60	John Lyon	note	Matthewson (1999) cites similar data for St’át’imcets assertion-of-existence determiners, as does Gillon (2006, 87) for Sḵwx̱ú7mesh deictic determiners.	page 34, footnote 60
footnote 61	John Lyon	note	These are not always interchangeable, however. There is an implicature of unique- ness/maximality associated with using the iʔ forms which surfaces in certain contexts, and which renders them infelicitous as existentials. I discuss this further in section 3.5.4.	page 34, footnote 61
§3.5.2	Okanagan	cited form	(ʔa)kɬ-	page 34, in italics
(72a) line 1	Okanagan	segmentation	k̓liʔ iʔ tətwít ʔilxʷt.	page 34
(72a) line 2	Okanagan	gloss	DEM DET boy hungry	page 34
(72a) line 3	John Lyon	translation	There is a hungry boy over there.	page 34
(72b) line 1	Okanagan	segmentation	ik̓líʔ iʔ sƛ̓aʔcínəm iʔ k̓l wist.	page 34
(72b) line 2	Okanagan	gloss	DEM DET deer DET LOC high	page 34
(72b) line 3	John Lyon	translation	There’s deer up in the hills.	page 34
(73a) line 1	Okanagan	segmentation	k̓liʔ kɬ-tətwít iʔ ʔilxʷt.	page 35
(73a) line 2	Okanagan	gloss	DEM HAVE-boys DET hungry	page 35
(73a) line 3	John Lyon	translation	There is a hungry boy over there.	page 35
(73b) line 1	Okanagan	segmentation	ik̓líʔ kɬ-sƛ̓aʔcínəm iʔ k̓l wist.	page 35
(73b) line 2	Okanagan	gloss	DEM HAVE-deer DET LOC up.high	page 35
(73b) line 3	John Lyon	translation	There’s deer up in the hills.	page 35
§3.5.2	John Lyon	note	Below, (74a,b) show that iʔ is compatible with the non-proportional weak quan- tifier xʷʔit “many” in these contexts,62 but not the strong quantifier yaʕyáʕt “all”.	page 35
footnote 62	John Lyon	note	The quantifier is the syntactic predicate in these sentences. Strong quantifiers cannot function as predicates in Okanagan, and in much of Interior Salish.	page 35, footnote 62
§3.5.2	Okanagan	cited form	xʷʔit	page 35, in italics
§3.5.2	Okanagan	cited form	yaʕyáʕt	page 35, in italics
(74a) line 1	Okanagan	segmentation	taʔlíʔ xʷʔit iʔ sƛ̓aʔcínəm iʔ k̓l wíst.	page 35
(74a) line 2	Okanagan	gloss	very many DET deer DET LOC high	page 35
(74a) line 3	John Lyon	translation	There are many deer on the mountain.	page 35
(74b) line 1	Okanagan	segmentation	*taʔlíʔ yaʕyáʕt iʔ sƛ̓aʔcínəm iʔ k̓l wíst.	page 35
(74b) line 2	Okanagan	gloss	very all DET deer DET LOC high	page 35
(74b) line 3	John Lyon	translation	*There are all the deer on the mountain.	page 35
§3.5.2	John Lyon	note	Under the assumption that English and Okanagan existential sentences should pattern similarly, this contrast provides supporting evidence that these are indeed existential sentences (Milsark, 1977). Note also that any assertion of unique- ness or maximality is incompatible with the non-proportional reading of xʷʔit “many”.	page 35
§3.5.2	John Lyon	note	Under a domain restriction analysis of iʔ (62), the interpretations of iʔ DPs in existential sentences arise from there being a nominal domain that is contextually unrestricted. That is, when the entire domain of P is contextu- ally salient (P ⊂ C), a non-maximal singular or plural individual selected by the choice function may have an existential interpretation. Readings of iʔ DPs in existential sentences are equivalent to other non-specific indefinite readings, ex- cept that the absence of domain restriction results in their being interpreted as referencing instantiations of a kind.63	page 35
footnote 63	John Lyon	note	I explain this idea further in section 4.	page 35, footnote 63
§3.5.2	John Lyon	note	Okanagan DPs may also denote maximal plural individuals. In the ab- sence of contextual restriction, the result will be a universal, generic reading of the iʔ DP. I turn to a discussion of these presently.	page 35
§3.5.3	John Lyon	heading	3.5.3 Generic readings of iʔ DPs	page 35
§3.5.3	John Lyon	note	Generic interpretations of nouns require the iʔ determiner in Okanagan (75a-c).64 Both number-neutral and plural nominal DPs allow generic readings, as shown by the optionality of reduplication on skmxíst “bear” in (75a). The sen- tences in (75a-c) also have non-generic interpretations equivalent to The bear(s) like(s) the saskatoons, The dog likes to run, and The farmer is intelligent:	page 35
footnote 64	John Lyon	note	Similar data exist for Shuswap (Gardiner, 1993), and St’át’imcets (Matthewson, 1998). Deter- miners are apparently optional in generic contexts in Moses-Columbian (Mattina, 2006, 127).	page 35, footnote 64
(75a) line 1	Okanagan	segmentation	iʔ s-(km)-kmxíst x̌mínk-s iʔ síyaʔ.	page 36
(75a) line 2	Okanagan	gloss	DET bear(s) like-(CAUS)-3SG.ERG DET saskatoon	page 36
(75a) line 3	John Lyon	translation	(All) bears like saskatoons.	page 36
(75b) line 1	Okanagan	segmentation	iʔ kəkwáp táʔliʔ x̌mínk-s iʔ snaxʷt.	page 36
(75b) line 2	Okanagan	gloss	DET dog very like-(CAUS)-3SG.ERG DET run(ANIMAL)	page 36
(75b) line 3	John Lyon	translation	Dogs like to run.	page 36
(75c) line 1	Okanagan	segmentation	iʔ səxʷkʷanɬq̓am táʔliʔ sysyús.	page 36
(75c) line 2	Okanagan	gloss	DET farmer very smart	page 36
(75c) line 3	John Lyon	translation	Farmers are intelligent.	page 36
§3.5.3	John Lyon	note	It is possible that a null GEN operator, similar to that which von Fin- tel (2004) posits for English (76), is present for the generic readings of the sen- tences in (75).	page 36
(76) line 1	John Lyon	note	⟦GEN⟧ = λp.λq.Every (normal) minimal situation s such that p(s) is part of a minimal situation s’ such that q(s’)	page 36, a formula
§3.5.3	John Lyon	note	The GEN operator has the effect of universally quantifying over situations con- taining random individuals which fall under the denotation of a DP (Heim, 2011), and for predicates which distribute to atomic individuals (e.g. x̌mínks iʔ síyaʔ “like saskatoons”, táʔliʔ x̌mínks iʔ snaxʷt “really like to run”, and táʔliʔ sysyús “very smart” in (75)), the GEN operator will derive generic readings for the DPs. I claim, however, that a GEN operator is ultimately unnecessary for Okanagan, since the mechanics of domain restriction are sufficient to derive these readings.	page 36
§3.5.3	Okanagan	cited form	x̌mínks iʔ síyaʔ	page 36, in italics
§3.5.3	Okanagan	cited form	táʔliʔ x̌mínks iʔ snaxʷt	page 36, in italics
§3.5.3	Okanagan	cited form	táʔliʔ sysyús	page 36, in italics
§3.5.3	John Lyon	note	Some predicates in English do not distribute to atomic individuals, but only apply to kinds (Carlson, 1977). Consider (77):	page 36
(77) line 1	John Lyon	note	Bears get bigger as you go north.	page 36, set as an example
§3.5.3	John Lyon	note	The complex predication “get bigger as you go north” is not true of any atomic individual bear, but only the kind “bear”. As such, sentences like (77) are not amenable to the GEN analysis, but suggest that nouns must sometimes have kinds in their extensions. Independent evidence for kind-denoting nominals is not forthcoming for Okanagan. (78) was elicited as a translation of the generic sentence (77), but was later translated back into English as an existential sen- tence:	page 36
(78) line 1	Okanagan	segmentation	k̓l c̓aɬt iʔ təmxʷúlaxʷ, taʔlíʔ kʷukʷ písƛ̓at iʔ	page 37
(78) line 2	Okanagan	gloss	LOC cold DET ground very EVID large.PL DET	page 37
(78) line 3	Okanagan	segmentation	kíʔlawna naʔɬ skəmxíst.	page 37
(78) line 4	Okanagan	gloss	grizzly.bear CONJ black.bear	page 37
(78) line 5	John Lyon	translation	Grizzlies and black bears get bigger as you go north.	page 37
(78) line 6	John Lyon	note	(target)	page 37, at the right of the translation
(78) line 7	John Lyon	speaker comment	Volunteered: Where there’s a cold country, there’s lots of big deer and grizzly bears.	page 37, under the part
§3.5.3	John Lyon	note	Under an existential intepretation of (78), the complex DP iʔ kíʔlawna naʔɬ skəmxíst denotes non-specific individual grizzlies and black bears, not their cor- responding kinds.65 The generalization seems to be that if an Okanagan sentence has a generic interpretation, it also has either an episodic (75) or an existential intepretation (78). I take this as evidence that the iʔ DPs within these sentences denote individuals rather than kinds.66	page 37
footnote 65	John Lyon	note	And is therefore also amenable to the GEN analysis. In this case, GEN would be restricted by the WH-clause k̓l c̓aɬt iʔ təmxʷúlaxʷ “where there’s a cold country.”	page 37, footnote 65
footnote 65	Okanagan	cited form	k̓l c̓aɬt iʔ təmxʷúlaxʷ	page 37, in italics
footnote 66	John Lyon	note	Demonstratives, too, can denote maximal pluralities. In (i) below (cf 49b above, a minimal pair sentence without the demonstrative), the iʔ DP is interpreted as a non-specific singular or plural individual under the scope of the temporal adverbial, while the demonstrative denotes the maximal plurality which instantiates the non-specific individual.	page 37, footnote 66
footnote 66 (i) line 1	Okanagan	segmentation	ʔiɬ-n ixíʔ iʔ qáqxʷəlx yaʕyáʕt sx̌əlx̌ʕált.	page 37
footnote 66 (i) line 2	Okanagan	gloss	eat-(DIR)-1SG.ERG DEM DET fish all day	page 37
footnote 66 (i) line 3	John Lyon	translation	I eat that fish every day.	page 37
footnote 66 (i) line 4	John Lyon	speaker comment	SM: Yeah, you’re talking about whatever kind of fish, ling-cod, kokanee, salmon.	page 37, under the part
§3.5.3	Okanagan	cited form	iʔ kíʔlawna naʔɬ skəmxíst	page 37, in italics
§3.5.3	John Lyon	note	By assuming that kinds are equivalent to contextually unrestricted max- imal pluralities in Okanagan, generic readings fall out independently from the semantics of domain restriction, and a separate GEN operator is unnecessary. In other words, a generic versus non-generic interpretation of an Okanagan iʔ DP depends on whether the DP denotes all individuals which satisfy a property (i.e. a contextually unrestricted maximal plural individual, or kind), or a subset of individuals which satisfy a property (i.e. a non-maximal singular or plural indi- vidual).	page 37
§3.5.3	John Lyon	note	Firstly, consider that although plural definites do not have generic read- ings in English (only bare plurals and singular definites), other languages such as Spanish may use definite plurals to refer to kinds (Heim, 2011). Okanagan is therefore not typologically unusual in allowing generic interpretations of plural DPs,67 and so there is precedent for equating kind readings with maximal plural- ities for some languages.	page 37
footnote 67	John Lyon	note	Bare plurals are independently ruled out in Okanagan, since bare nominals are always ungram- matical in non-predicative positions. cf Matthewson (2001, 185) for similar thoughts on St’át’imcets.	page 37, footnote 67
§3.5.3	John Lyon	note	Secondly, under an analysis where kinds are equivalent to maximal plu- ralities, bare plurals in English may be analyzed as unrestricted definites (Heim, 2011), that is, they presuppose the existence of a contextually unrestricted max- imal plural individual. Under this analysis, the absence of contextual restriction is crucial, since if a nominal with individuals in its extension is contextually re- stricted, the reading can only be definite or existential, never generic. Because iʔ may independently denote contextually unrestricted non- maximal pluralities (cf section 3.5.2), and does not presuppose or assert max- imality (cf section 3.2), but allows maximal readings in definite contexts (cf section 3.5.4), it is logical that iʔ should also allow maximal readings in con- textually unrestricted contexts. In other words, since existential quantification over plural individuals is necessary for plural existential readings, generic read- ings might arise from universal quantification over pluralities, or under a choice function analysis, selection of the maximal plural individual which satisfies a contextually unrestricted predicate.	page 37
§3.5.3	John Lyon	note	The only difference, then, between the non-specific readings of iʔ DPs in existential sentences, discussed in 3.5.2, and the generic readings of iʔ DPs discussed in this section is the size of the plurality selected by the choice func- tion: non-maximal plural individuals may be selected only for the former case. This correctly predicts variability in the interpretations of sentences like (78). In unrestricted contexts, an iʔ DP may denote either “instantiations of a kind” (i.e. a non-maximal plurality), or “a kind” (i.e. a maximal plurality).	page 38
§3.5.3	John Lyon	note	In sum, since there is no evidence that Okanagan nominals must have kinds in their extensions, it is preferable to assume that kinds are equivalent to maximal pluralities, and that generic readings of Okanagan DPs arise as a result of a vacuous application of domain restriction in addition to a choice function which selects the maximal plural individual. Generic readings of Okanagan DPs are thus simply a special type of contextually unrestricted existential indefinite, the only difference being that the maximal plural individual must be selected.	page 38
§3.5.4	John Lyon	heading	3.5.4 iʔ implies uniqueness and maximality, t does not	page 38
§3.5.4	John Lyon	note	Data suggest that iʔ asserts neither uniqueness in the case of singular referents, nor maximality in the case of plural referents, but there is nevertheless evidence that iʔ implies both of these qualities.	page 38
§3.5.4	John Lyon	note	By way of example, recall that (71) was translated by the speaker as meaning all the bears got killed, despite the fact that no universal quantifier is present. But (71) was also judged felicitous in contexts where any number be- tween two and four bears were killed, and the remainder, if any, escaped. The final DP iʔ skəmxíst denotes only pluralities of bears because of the lexically plural predicate, but the DP does not necessarily denote the maximal plurality. There is thus an implicature of maximality associated with the iʔ DP, but no as- sertion, as we have already seen.	page 38
§3.5.4	Okanagan	cited form	iʔ skəmxíst	page 38, in italics
§3.5.4	John Lyon	note	An implicature of maximality is also evident from comparing (43) above, repeated here as (79b), with (79a). For (79a), the implication is that all the berries were eaten, but this implicature is cancellable (79b).	page 38
(79a) line 1	Okanagan	segmentation	ʔiɬ-n iʔ sp̓y̓qaɬq.	page 38
(79a) line 2	Okanagan	gloss	eat-(DIR)-1SG.ERG DET berry	page 38
(79a) line 3	John Lyon	translation	I ate (all) the berries.	page 38
(79b) line 1	Okanagan	segmentation	ʔiɬ-n iʔ sp̓y̓qaɬq, náx̌əmɬ ilíʔ	page 39
(79b) line 2	Okanagan	gloss	eat-(DIR)-1SG.ERG DET berry CONJ DEM	page 39
(79b) line 3	Okanagan	segmentation	k̓im-xt-m-n iʔ sp̓y̓qaɬq.	page 39
(79b) line 4	Okanagan	gloss	except-APPL-2SG.OBJ-1SG.ERG DET berry	page 39
(79b) line 5	John Lyon	translation	I ate some/*the berries, but I saved you some.	page 39
(79b) line 6	John Lyon	note	Context: There was a bowl of berries on the table, but now it is gone. I ask “What happened to the berries?” You reply: An implicature of uniqueness can be clearly seen in many question- and-answer contexts involving iʔ DPs.68 In a definite context, (80) questions the whereabouts of a specific ball, and it is only felicitous to answer this question using an iʔ DP (81a).	page 39, the context
footnote 68	John Lyon	note	See (30-31) above.	page 39, footnote 68
(80) line 1	Okanagan	segmentation	xʔkínəm iʔ p̓úkʷlaʔ?	page 39
(80) line 2	Okanagan	gloss	where DET ball	page 39
(80) line 3	John Lyon	translation	Where is the ball?	page 39
(81a) line 1	Okanagan	segmentation	cq̓mi(n)-n iʔ p̓úkʷlaʔ.	page 39
(81a) line 2	Okanagan	gloss	throw-(DIR)-1SG.ERG DET ball	page 39
(81a) line 3	John Lyon	translation	I threw a/the ball.	page 39
(81b) line 1	Okanagan	segmentation	#kn cq̓mín-əm t p̓úkʷlaʔ.	page 39
(81b) line 2	Okanagan	gloss	1SG.ABS throw-MID OBL ball	page 39
(81b) line 3	John Lyon	translation	I threw the/*a ball.	page 39
§3.5.4	John Lyon	note	Superficially, this contrast resembles the definite/indefinite contrast seen in En- glish. The DP iʔ p̓úkʷlaʔ in (81a) certainly denotes the unique ball in the dis- course context, but crucially, it is neither presupposed nor asserted to be the unique ball, this is simply a fact about the context. Responses involving oblique- marked nominals (81b) are infelicitous in these contexts because t is not con- textually sensitive (i.e. it is not a domain restrictor), and so cannot address the uniqueness implicature introduced by the question. Because of this, (81b) is not a possible answer to the question poised as (80). (82-83) exhibit similar data.	page 39
§3.5.4	Okanagan	cited form	iʔ p̓úkʷlaʔ	page 39, in italics
(82) line 1	Okanagan	segmentation	uc wík-nt-xʷ iʔ smaʔmʔím?	page 39
(82) line 2	Okanagan	gloss	YNQ see-DIR-2SG.ERG DET women	page 39
(82) line 3	John Lyon	translation	Did you see those women?	page 39
(83a) line 1	Okanagan	segmentation	way̓ wík-n iʔ smaʔmʔím.	page 40
(83a) line 2	Okanagan	gloss	yes see-(DIR)-1SG.ERG DET women	page 40
(83a) line 3	John Lyon	translation	Yes, I saw the women.	page 40
(83b) line 1	Okanagan	segmentation	#way̓ kn wík-əm t smaʔmʔím.	page 40
(83b) line 2	Okanagan	gloss	yes 1SG.ABS see-MID OBL women	page 40
(83b) line 3	John Lyon	translation	Yes, I saw the women.	page 40
(83b) line 4	John Lyon	note	Context: Discussing a set of women that were in attendance at a party the night before. Both speaker and hearer were there.	page 40, the context
§3.5.4	John Lyon	note	The opposite pattern obtains in question-and-answer contexts where the question includes an oblique-marked nominal. A felicitous answer to (84) includes an oblique marked nominal (85a), not an iʔ DP (85b).	page 40
(84) line 1	Okanagan	segmentation	uc kʷ wík-əm t spəplínaʔ?	page 40
(84) line 2	Okanagan	gloss	YNQ 2SG.ABS see-MID OBL rabbit	page 40
(84) line 3	John Lyon	translation	Did you see a/any/some rabbit(s)?	page 40
(85a) line 1	Okanagan	segmentation	way̓ kn wík-əm t spəplínaʔ.	page 40
(85a) line 2	Okanagan	gloss	yes 1SG.ABS see-MID OBL rabbit	page 40
(85a) line 3	John Lyon	translation	Yes, I saw a/some rabbit(s).	page 40
(85b) line 1	Okanagan	segmentation	#way̓ wík-n iʔ spəplínaʔ.	page 40
(85b) line 2	Okanagan	gloss	yes see-(DIR)-1SG.ERG DET rabbit	page 40
(85b) line 3	John Lyon	translation	Yes, I saw a/some rabbit(s).	page 40
(85b) line 4	John Lyon	note	Context: Two friends are discussing their ravaged garden, and wonder what could possibly have been the culprit.	page 40, the context
§3.5.4	John Lyon	note	Since t is always non-specific, the questioner in (84) is not referencing any spe- cific set of rabbits, yet (85b) answers (84) as if the questioner had been implying reference to a specific set of rabbits.	page 40
§3.5.4	John Lyon	note	Interestingly, a lexically singular noun like tkɬmílxʷ “woman”, does not follow this pattern (86-87). In this case, only a reply with an iʔ DP is acceptable (87b). Pluralizing the noun to smaʔmʔím “women” (88-89) restores the pattern seen in (84-85), however.	page 40
(86) line 1	Okanagan	segmentation	uc kʷ wík-əm t tkɬmílxʷ?	page 40
(86) line 2	Okanagan	gloss	YNQ 2SG.ABS see-MID OBL woman	page 40
(86) line 3	John Lyon	translation	Did you see a woman/even one woman?	page 40
(87a) line 1	Okanagan	segmentation	*kn wík-əm t tkɬmílxʷ.	page 41
(87a) line 2	Okanagan	gloss	1SG.ABS see-MID OBL woman	page 41
(87a) line 3	John Lyon	translation	I saw a woman.	page 41
(87b) line 1	Okanagan	segmentation	wik-n iʔ tkɬmílxʷ	page 41
(87b) line 2	Okanagan	gloss	see-(DIR)-1SG.ERG DET woman	page 41
(87b) line 3	John Lyon	translation	I saw a woman.	page 41
(88) line 1	Okanagan	segmentation	uc kʷ wík-əm t smaʔmʔím?	page 41
(88) line 2	Okanagan	gloss	YNQ 2SG.ABS see-MID OBL women	page 41
(88) line 3	John Lyon	translation	Did you see some/any women?	page 41
(89a) line 1	Okanagan	segmentation	way̓ kn wík-əm t smaʔmʔím.	page 41
(89a) line 2	Okanagan	gloss	yes 1SG.ABS see-MID OBL women	page 41
(89a) line 3	John Lyon	translation	I’ve seen some women.	page 41
(89a) line 4	John Lyon	citation	(LL, VG)	page 41, the tag or source at the right of the translation
(89b) line 1	Okanagan	segmentation	#way wík-n iʔ smaʔmʔím.	page 41
(89b) line 2	Okanagan	gloss	yes see-(DIR)-1SG.ERG DET women	page 41
(89b) line 3	John Lyon	translation	I’ve seen the women.	page 41
(89b) line 4	John Lyon	note	Context: Your friend goes to a party. You’re pretty sure there were only men at the party. You ask your friend (86) or (88).	page 41, the context
§3.5.4	John Lyon	note	If lexically singular nouns imply uniqueness, it is perhaps unsurprising if they are only compatible with iʔ in assertive contexts.69	page 41
footnote 69	John Lyon	note	This has implications for distributivity in Okanagan, as I will discuss.	page 41, footnote 69
§3.5.4	John Lyon	note	The question-and-answer contexts discussed above (80-85) show that the implicature of uniqueness and maximality associated with iʔ can give rise to definite-like effects, but these effects are not limited to question-and-answer contexts, as shown by (90).	page 41
(90a) line 1	Okanagan	segmentation	xʷuy-x, ƛ̓aʔ-ƛ̓ʔ-ánt iʔ siwɬkʷ	page 41
(90a) line 2	Okanagan	gloss	go-INTR look for-DIR DET water	page 41
(90a) line 3	John Lyon	translation	Look for the water!	page 41
(90a) line 4	John Lyon	note	(✓ Context 1) (# Context 2)	page 41, under the translation
(90b) line 1	Okanagan	segmentation	xʷuy-x, ƛ̓aʔ-ƛ̓aʔ-míxaʔx t siwɬkʷ	page 41
(90b) line 2	Okanagan	gloss	go-INTR look for-INTR OBL water	page 41
(90b) line 3	John Lyon	translation	Look for some water!	page 41
(90b) line 4	John Lyon	note	(# Context 1) (✓ Context 2)	page 41, under the translation
(90b) line 5	John Lyon	note	Context 1: I’ve hidden some things, and I tell you what I want you to go find.	page 41, the context
(90b) line 6	John Lyon	note	Context 2: We’re wandering through the desert and are both thirsty and I tell you to go look for water, and we don’t know where any water is.	page 41, the context
§3.5.4	John Lyon	note	For (90a), the speaker is implying that there is a contextually-salient maximal plural individual, and ordering the addressee to go find it. In (90b), there is no such implicature, the speaker is only telling the addressee to go find some non- specific quantity of water. Now the question arises: If iʔ DPs can be used non- specifically, as we’ve seen them used in existential sentences, for example, then why is (90a) not felicitous in Context 2?70 The answer is that in contexts involv- ing non-vacuous domain restriction, the use of an iʔ DP implies uniqueness and maximality.71	page 42
footnote 70	John Lyon	note	There may be complications coming from the imperative environment that need to be checked here, but nevertheless, a complementary question also arises: Why is t, which is non-specific, not felicitous in existential or generic contexts? In answer to the latter, t never denotes maximal plurality. The absence of t KPs in existential sentences comes from an independent requirement that subjects are DPs.	page 42, footnote 70
footnote 71	John Lyon	note	In context 2, since we are both thirsty, the contextually relevant set of water is limited to that which is realistically obtainable, and a maximal interpretation of the DP in this context is infelicitous, since the set may very well turn out to be empty.	page 42, footnote 71
§3.5.4	John Lyon	note	The implicature of uniqueness and maximality associated with iʔ is grounded partially on a scalar opposition between the determiner iʔ and the oblique marker t.72 (91) shows the relevant scalar interaction.	page 42
footnote 72	John Lyon	note	The implicature also seems related to a given iʔ structure have an analogous, aspectually over- lapping t structure available as a grammatical, though possibly infelicitous, alternative.	page 42, footnote 72
(91a) line 1	Okanagan	segmentation	iʔ tkɬmílxʷ ʔiq̓-s iʔ sip̓iʔ.	page 42
(91a) line 2	Okanagan	gloss	DET woman scrape-(DIR)-3SG.ERG DET hide	page 42
(91a) line 3	John Lyon	translation	The woman was scraping a hide.	page 42
(91a) line 4	John Lyon	speaker comment	Consultant: Means just one hide.	page 42, under the part
(91b) line 1	Okanagan	segmentation	iʔ smaʔmʔím ʔiq̓-səlx iʔ sip̓iʔ.	page 42
(91b) line 2	Okanagan	gloss	DET women scrape-(DIR)-3PL.ERG DET hide	page 42
(91b) line 3	John Lyon	translation	The women were scraping hides.	page 42
(91b) line 4	John Lyon	speaker comment	Consultant: Could be any number of hides. Could be all the same hide.	page 42, under the part
(91c) line 1	Okanagan	segmentation	iʔ tkɬmilxʷ ʔiq̓-əm t síp̓iʔ.	page 42
(91c) line 2	Okanagan	gloss	DET woman scrape-MID OBL hide	page 42
(91c) line 3	John Lyon	translation	The woman was scraping hide.	page 42
(91c) line 4	John Lyon	citation	(VG)	page 42, the tag or source at the right of the translation
(91c) line 5	John Lyon	speaker comment	Consultant: Can be more than one.	page 42, under the part
§3.5.4	John Lyon	note	In (91a), there is an implication that the woman is only scraping one hide. The noun sip̓iʔ “hide(s)”, like skəmxíst “bear(s)” in the previous section, and spəplínaʔ “rabbit(s)” in this section, is number-neutral as evidenced by the fact that it can occur in plural environments (91b). Our knowledge of the world tells us the sin- gular woman in (91a) is most likely only scraping one hide, and that the plurality of women in (91b) may be scraping a single, or multiple, hides. Uniqueness and maximality readings are available for both these sentences. The uniqueness read- ing is not available for (91c), where sip̓iʔ “hide” is introduced by the oblique marker. For (91c), only a non-specific interpretation is possible, as suggested by the volunteered gloss. An act of hide-scraping is compatible with any number of hides, and by uttering (90c) rather than (90a), a speaker implies non-uniqueness.	page 42
§3.5.4	Okanagan	cited form	sip̓iʔ	page 42, in italics
§3.5.4	John Lyon	note	The data in (92) clarify the scalar relation between iʔ and t. There is a uniqueness (or maximality over subparts) implicature associated with the sen- tence final iʔ DP in (92a), but not for the corresponding oblique marked KP in (92b), where a partitive, non-specific reading of the nominal surfaces.73 Since the context set includes only one deer, if the speaker had intended a maximal reading, he/she would have used a transitive predicate and an iʔ DP.	page 43
footnote 73	John Lyon	note	The speaker’s comments for (92b) seem to indicate that the t KP in the second conjunct is con- textually sensitive, and co-referential with the t KP in the first conjunct. At best, however, the second KP exhibits accidental co-reference with non-specific sub-parts of the initial KP.	page 43, footnote 73
(92a) line 1	Okanagan	segmentation	kn ʔaws-píx̌-əm uɬ kn t̓ʕap-ám t sƛ̓aʔcínəm,	page 43
(92a) line 2	Okanagan	gloss	1SG.ABS go-hunt-MID CONJ 1SG.ABS shoot-MID OBL deer	page 43
(92a) line 3	Okanagan	segmentation	uɬ i-ks-p̓y̓q-ám iʔ sƛ̓aʔcínəm.	page 43
(92a) line 4	Okanagan	gloss	CONJ 1SG.POSS-FUT-cook-MID DET deer	page 43
(92a) line 5	John Lyon	translation	I went hunting and I shot a deer, and I’m gonna cook the (entire) deer.	page 43
(92b) line 1	Okanagan	segmentation	kn ʔaws-píx̌-əm uɬ kn t̓ʕap-ám t sƛ̓aʔcínəm,	page 43
(92b) line 2	Okanagan	gloss	1SG.ABS go-hunt-MID CONJ 1SG.ABS shoot-MID OBL deer	page 43
(92b) line 3	Okanagan	segmentation	uɬ kn ks-k̓ʷl̓cncút-aʔx t sƛ̓aʔcínəm.	page 43
(92b) line 4	Okanagan	gloss	CONJ 1SG.ABS FUT-cook-INCEPT OBL deer	page 43
(92b) line 5	John Lyon	translation	I went hunting and I shot a deer, and I’m gonna bake some deer for myself.	page 43
(92b) line 6	John Lyon	speaker comment	Consultant’s Comment: It’s the same deer. The deer that you shot, you’re gonna cook some of it, you’re not gonna cook the whole thing.	page 43, under the part
§3.5.4	John Lyon	note	For (93a) below, the iʔ DP in the second conjunct refers to one of the four blankets in the first conjunct. This is predicted under a domain restiction analysis of iʔ. The context set in this case includes four blankets, and the iʔ DP in the second conjunct further restricts the set to one. In (93b) the oblique-object KP does not refer to one of the blankets in the first conjunct, since t does not reference the context. If the speaker had intended to refer to one of the blankets in the trunk, he/she would have chosen to reference the context set via an iʔ DP.	page 43
(93a) line 1	Okanagan	segmentation	mus t síc̓əm ac-nqmí(n)-n iʔ l	page 43
(93a) line 2	Okanagan	gloss	four OBL blankets CUST-place.into-(DIR)-1SG.ERG DET LOC	page 43
(93a) line 3	Okanagan	segmentation	trunk. kʷúl̓-n iʔ naqs iʔ sic̓əm.	page 43
(93a) line 4	Okanagan	gloss	trunk make-(DIR)-1SG.ERG DET one DET blanket	page 43
(93a) line 5	John Lyon	translation	There are 4 blankets in the trunk, I made one of them.	page 43
(93b) line 1	Okanagan	segmentation	mus t síc̓əm ac-nqmí(n)-n iʔ l	page 44
(93b) line 2	Okanagan	gloss	four OBL blankets CUST-place.into-(DIR)-1SG.ERG DET LOC	page 44
(93b) line 3	Okanagan	segmentation	trunk. uɬ kn kʷúl̓-əm t naqs t sic̓əm.	page 44
(93b) line 4	Okanagan	gloss	trunk CONJ 1SG.ABS make-MID OBL one OBL blanket	page 44
(93b) line 5	John Lyon	translation	There are 4 blankets in the trunk, and I’m making one.	page 44
(93b) line 6	John Lyon	speaker comment	Consultant’s Comment: That would be the fifth one.	page 44, under the part
§3.5.4	John Lyon	note	By using iʔ, then, it is understood that the speaker is referencing a contextually-salient, possibly restricted, set. For context sets involving single referents, or in sentences with DPs which include lexically singular nouns, the referent of an iʔ DP will be interpreted as unique in its context, so long as there is no overt cancellation of the uniqueness implicature. For context sets involv- ing multiple referents, or in sentences with DPs which include lexically plural nouns, the referent of an iʔ DP will be interpreted as maximal in its context, un- less a lexically singular noun is used to denote one individual from within the context set, or there is an overt cancellation of the maximality implicature. By using oblique t, however, it is understood that the speaker is not referencing a contextually-salient set.	page 44
§3.5.4	John Lyon	note	But there is a stronger condition on the use of the oblique marker: it may not even introduce unique referents. Introducing an inherently relational noun like “mother” in (94a) or singular referents like the Sun in (95) with t re- sults in an implicature that there may be more than one entity that satisfies the description. Comparing (95) with (96), we see that only non-singular referents are compatible with t.74	page 44
footnote 74	John Lyon	note	The unrealized possessor prefix ks-/kɬ- is required in (94a). Also, note that t in (95) and (96) is the attributive use of t, not oblique t. Under a unified semantic account of t, it is interesting that both types of t seem to give rise to an anti-uniqueness implicature.	page 44, footnote 74
footnote 74	Okanagan	cited form	ks-/kɬ-	page 44, in italics
(94a) line 1	Okanagan	segmentation	#John sc-ƛ̓aʔƛ̓aʔ-míxaʔx t ks-k̓ʷúy-s.	page 44
(94a) line 2	Okanagan	gloss	John IMPF-look.for-INTR OBL U.POSS-mother-3SG.POSS	page 44
(94a) line 3	John Lyon	translation	John is looking for a mother-to-be-his (?).	page 44
(94b) line 1	Okanagan	segmentation	John sc-ƛ̓aʔƛ̓aʔ-ám-s iʔ sk̓ʷúy-s.	page 44
(94b) line 2	Okanagan	gloss	John IMPF-look.for-MID-3SG.POSS DET mother-3SG.POSS	page 44
(94b) line 3	John Lyon	translation	John is looking for his mother.	page 44
(95a) line 1	Okanagan	segmentation	*c̓ix̌ʷc̓x̌ʷt t x̌yáɬnəx̌ʷ.	page 44
(95a) line 2	Okanagan	gloss	bright OBL sun	page 44
(95a) line 3	John Lyon	translation	#A sun is bright / That’s a bright sun.	page 44
(95b) line 1	Okanagan	segmentation	c̓ix̌ʷc̓x̌ʷt iʔ x̌yáɬnəx̌ʷ.	page 44
(95b) line 2	Okanagan	gloss	bright DET sun	page 44
(95b) line 3	John Lyon	translation	The sun is bright.	page 44
(96a) line 1	Okanagan	segmentation	c̓ix̌ʷc̓x̌ʷt t c̓ikʷsxən.	page 45
(96a) line 2	Okanagan	gloss	bright OBL lamp	page 45
(96a) line 3	John Lyon	translation	That’s a bright lamp.	page 45
(96b) line 1	Okanagan	segmentation	c̓ix̌ʷc̓x̌ʷt iʔ c̓ikʷsxən.	page 45
(96b) line 2	Okanagan	gloss	bright DET lamp	page 45
(96b) line 3	John Lyon	translation	The lamp is really bright.	page 45
§3.5.4	John Lyon	note	The anti-uniqueness implicature associated with t is essentially a scalar impli- cature which arises from the fact that iʔ is a domain restrictor. In other words, because t does not imply uniqueness, yet stands in opposition to iʔ, t therefore implies anti-uniqueness.	page 45
§3.5.4	John Lyon	note	Implicatures of uniqueness and maximality also surface for iʔ DPs in existential sentences. As previously discussed, the subject of an existential sen- tence in Okanagan may be expressed either by an iʔ DP (97a), or by prefixing a nominal with (ʔa)kɬ- “have”, as in (97b):	page 45
(97a) line 1	Okanagan	segmentation	kn nstils ik̓líʔ iʔ síyaʔ.	page 45
(97a) line 2	Okanagan	gloss	1SG.ABS think DEM DET saskatoon	page 45
(97a) line 3	John Lyon	translation	I think there’s some berries over there.	page 45
(97b) line 1	Okanagan	segmentation	kn nstils ik̓líʔ kɬ-síyaʔ.	page 45
(97b) line 2	Okanagan	gloss	1SG.ABS think DEM HAVE-saskatoon	page 45
(97b) line 3	John Lyon	translation	I think there’s some berries over there.	page 45
(97b) line 4	John Lyon	note	Context: We are sitting in our living room, discussing a place up in the mountains where we might find saskatoons.	page 45, the context
§3.5.4	John Lyon	note	(97a) and (97b) are essentially equivalent in very general contexts, that is, con- texts where the set of berries under discussion is not restricted. The iʔ DP in (97a) denotes a plural individual selected from the contextually unrestricted set “saskatoon”, essentially a plural instantiation of a kind. But in more specific con- texts, (97a) loses its existential interpretation:75	page 45
footnote 75	John Lyon	note	Which of course suggests that these are not actually true existentials, since a non-specific inter- pretation becomes specific after a certain amount of domain restriction. Since iʔ DPs which allow existential interpretations obey the Milsark effect (cf previous discussion), the prediction is that non- proportional readings of weak quantifiers in existential contexts become proportional after a certain amount of domain restriction.	page 45, footnote 75
(98a) line 1	Okanagan	segmentation	#kn nstils ik̓líʔ iʔ síyaʔ.	page 45
(98a) line 2	Okanagan	gloss	1SG.ABS think DEM DET saskatoon	page 45
(98a) line 3	John Lyon	translation	#I think the berries might be there.	page 45
(98b) line 1	Okanagan	segmentation	kn nstils ik̓líʔ kɬ-síyaʔ.	page 45
(98b) line 2	Okanagan	gloss	1SG.ABS think DEM HAVE-saskatoon	page 45
(98b) line 3	John Lyon	translation	I think there might be some berries there.	page 45
(98b) line 4	John Lyon	note	Context: You’re walking along berry-picking with your friend and you see a bushy area up ahead. You don’t see any saskatoons, but you sus- pect some might be there.	page 46, the context
§3.5.4	John Lyon	note	The iʔ DP in (98a) does not denote a plural individual selected from a contex- tually unrestricted set. In other words, the interlocutors are actively engaged in berry picking, and the set of berries under discussion is equivalent to just that set of plural individuals which the interlocutors believe to be in their immediate area, including the bushy area up ahead. Since the iʔ DP denotes a plural indi- vidual in a highly restricted set, the individual is implied to be maximal.	page 46
§3.5.4	John Lyon	note	In (97a), the assignment of the choice function is determined by the demonstrative ik̓liʔ, and a non-maximal individual is selected from an unre- stricted context, with a resulting existential interpretation for the entire sentence. In (98a), the same demonstrative simply reinforces the location of a contextu- ally restricted maximal plural individual. Essentially, the choice function scopes under the demonstrative for (97a), but over the demonstrative in (98a).	page 46
§3.5.4	Okanagan	cited form	ik̓liʔ	page 46, in italics
§3.5.4	John Lyon	note	Note that when a sentence cannot have an existential interpretation, as in (99) where a definite set of saskatoons is under discussion, the pattern is reversed, and an iʔ DP must be used.76	page 46
footnote 76	John Lyon	note	The choice function also scopes over the demonstrative in (99a), since the individual has already been established in the discourse.	page 46, footnote 76
(99a) line 1	Okanagan	segmentation	kn nstils ik̓líʔ iʔ síyaʔ.	page 46
(99a) line 2	Okanagan	gloss	1SG.ABS think DEM DET saskatoon	page 46
(99a) line 3	John Lyon	translation	I think the saskatoons might be there.	page 46
(99b) line 1	Okanagan	segmentation	#kn nstils ik̓líʔ kɬ-síyaʔ.	page 46
(99b) line 2	Okanagan	gloss	1SG.ABS think DEM HAVE-saskatoon	page 46
(99b) line 3	John Lyon	translation	#I think there might be some saskatoons there.	page 46
(99b) line 4	John Lyon	note	Context: In answer to the question “Where are the saskatoons I picked?”	page 46, the context
§3.5.4	John Lyon	note	The determiner iʔ is felicitous in a definite context (99), and in an existential context where the speaker is in their house and talking about whether or not there are saskatoons up on a particular mountain (97), but not in an existential context where the speaker is on that mountain, actively looking for saskatoons (98). The difference in the availability of iʔ in more general existential contexts, but not more specific ones, is due to a stronger maximality implicature in more specific contexts, resulting from the greater restriction on the domain, and corre- spondingly, a stronger assertion and a higher level of speaker commitment. For (97), there is no particular set of saskatoons under discussion, and so the iʔ DP denotes a non-specific, possibly very large, plural individual belonging to a con- textually unrestricted set. The DP in (98) denotes a much smaller maximal plural individual.77	page 46
footnote 77	John Lyon	note	It remains an open and interesting question of exactly how much domain restriction is necessary for a sentence containing an iʔ DP to lose its existential interpretation.	page 46, footnote 77
§3.5.4	John Lyon	note	Properties inherent to existential kɬ- help to give rise, via scalar impli- cature, to the stronger maximality implicatures seen with iʔ in these contexts. Because a kɬ- nominal is unambiguously non-specific, non-maximal, and exis- tential,78 in contexts involving a greater degree of domain restriction, a speaker’s use of iʔ implicates a maximal reading of the nominal. Because of the high de- gree of contextual domain restriction, an existential indefinite or non-specific reading of the iʔ DP is not available, only a maximal reading. Further supporting data are shown below in (100-101):	page 47
footnote 78	John Lyon	note	kɬ- prefixed nominals are predicate-NPs, and denote a set of individuals.	page 47, footnote 78
(100a) line 1	Okanagan	segmentation	#mat ilíʔ iʔ səxʷlk̓ám.	page 47
(100a) line 2	Okanagan	gloss	EPIS DEM DET policeman	page 47
(100a) line 3	John Lyon	translation	#The policeman might be there.	page 47
(100b) line 1	Okanagan	segmentation	mat ilíʔ ʔak(ɬ)-səxʷlk̓am.	page 47
(100b) line 2	Okanagan	gloss	EPIS DEM HAVE-policeman	page 47
(100b) line 3	John Lyon	translation	There might be a policeman there.	page 47
(100b) line 4	John Lyon	note	Context: I’ve never been to Kamloops, and I’m wondering if they have policemen there.	page 47, the context
(101a) line 1	Okanagan	segmentation	#cmay aláʔ iʔ qáqxʷəlx.	page 47
(101a) line 2	Okanagan	gloss	EPIS DEM DET fish	page 47
(101a) line 3	John Lyon	translation	#The fish might be here.	page 47
(101b) line 1	Okanagan	segmentation	cmay aláʔ kɬ-qáqxʷəlx.	page 47
(101b) line 2	Okanagan	gloss	EPIS DEM HAVE-fish	page 47
(101b) line 3	John Lyon	translation	There might be fish here.	page 47
(101b) line 4	John Lyon	note	Context: We are fishing in a boat and think that this maybe a good spot, and that there might be some fish here.	page 47, the context
§3.5.4	John Lyon	note	(100a) and (101a) are felicitous as non-existential sentences, with meanings ap- proximating “A policeman might be there” and “A fish might be there”. The iʔ DPs appear to scope over modals in (100-101) because of the implicature of uniqueness/maximality associated with iʔ and the scalar opposition of iʔ and kɬ- in existential environments.	page 47
§3.5.4	John Lyon	note	This implicature of uniqueness also predicts that it will be infelicitous to use an Okanagan iʔ DP if it is explicit from the context that the set is empty. Consider the following exchange. In (102), speaker A establishes a referent for a particular chief, and then speaker B asserts that they do not have a chief, thereby negating the existence of any referent for the contextually restricted DP iʔ ylmíxʷəm.79	page 47
footnote 79	John Lyon	note	Note that (102) is similar to the examples like (22) in section 3.1 showing that iʔ DPs may have e-type readings. The difference for (22) is that, although the domain may only include individuals in future or counterfactual worlds, the domain is nevertheless non-empty in these cases. See also cases involving iʔ DPs scoping under if-clauses. pro, on the other hand, may reference an empty set (102), which follows if there is no maximality or uniqueness implicature associated with pro.	page 47, footnote 79
(102) line 1	John Lyon	note	A:	page 48, the speaker of the turn
(102) line 2	Okanagan	segmentation	kn nixəl̓ x̌ast ɬaʔ c-s-qʷəlqʷílt iʔ ylmíxʷəm.	page 48
(102) line 3	Okanagan	gloss	1SG.ABS hear good COMP CUST-speak DET chief	page 48
(102) line 4	John Lyon	translation	I heard that the (your) chief is a good speaker.	page 48
(102) line 5	John Lyon	note	B:	page 48, the speaker of the turn
(102) line 6	Okanagan	segmentation	lut kʷu t̓ə kɬ-ylmíxʷəm, uɬ sxʔkinx mi x̌ast	page 48
(102) line 7	Okanagan	gloss	NEG 1PL.ABS EMPH HAVE-chief CONJ how FUT good	page 48
(102) line 8	Okanagan	segmentation	ɬaʔ c-s-qʷəlqʷílt (#iʔ ylmíxʷəm).	page 48
(102) line 9	Okanagan	gloss	COMP CUST-NOM-speak (DET chief)	page 48
(102) line 10	John Lyon	translation	We don’t have a chief, so how can the chief be a good speaker?	page 48
§3.5.4	John Lyon	note	By using an iʔ DP, speaker B is referring to the same chief that speaker A mis- takenly assumes to exist. The implicature of uniqueness results in infelicity in this case, because the set is empty, and the choice function is undefined.	page 48
§3.5.4	John Lyon	note	In sum, while many contexts which favor the use of existential sen- tences typically allow either the iʔ DP form or the kɬ- prefixed nominal form, there is a scalar implicature associated with using iʔ which strongly implies maximality in contexts involving a greater degree of domain restriction. A sim- ilar scalar relation exists between iʔ and t. It seems clear that iʔ implies unique- ness and maximality of a referent, and this is made evident by comparing the distributions of iʔ and kɬ- in existential contexts, and iʔ and t in other contexts.	page 48
§3.5.4	John Lyon	note	Ultimately then, whether or not an iʔ DP is interpreted referentially depends entirely on the amount of contextual domain restriction.	page 48
§3.5.5	John Lyon	heading	3.5.5 DP-associated quantifiers	page 48
§3.5.5	John Lyon	note	The data up to this point are actually consistent with an analysis of both iʔ and t as semantically vacuous agreement or case markers. Since the distri- bution of iʔ and t is syntactically predictable (cf section 2), it is plausible that the semantics of referentiality, and domain restriction, are instead built directly into the transitivity and/or aspectual systems. I now show that this hypothesis is less tenable, since strong quantifiers in Okanagan also seem to exhibit selec- tional restrictions. The quantifier data indicate that iʔ is not a semantically vac- uous agreement-marker, but plays an active role in the semantic composition of Okanagan sentences.	page 48
§3.5.5	John Lyon	note	Okanagan quantifiers may associate with DPs, as in many other Salish languages (see Gardiner (1993) for Shuswap, and Matthewson (2001) and Davis (2010) for St’át’imcets). (103) shows the universal quantifier yaʕyáʕt ’all’ as a syntactic constituent with a DP argument of an intransitive predicate.80	page 48
footnote 80	John Lyon	note	I do not offer arguments for syntactic constituency in this paper, but refer the reader to Lyon (in prep).	page 48, footnote 80
(103) line 1	Okanagan	segmentation	[yaʕyáʕt [iʔ s-qəl-qəltmíxʷDP]DP] ac-qʷacqn.	page 48
(103) line 2	Okanagan	gloss	all DET IRED-man CUST-hat	page 48
(103) line 3	John Lyon	translation	All the men have a hat on.	page 48
§3.5.5	John Lyon	note	Okanagan quantifiers never occur in D position.81 A determiner must always in- tervene between the quantifier and the following nominal if it is to be construed as a core argument.82 This holds for both strong quantifiers, e.g. yaʕyáʕt “all” (104a), and weak quantifiers, e.g. xʷʔit “many” (104b).	page 49
footnote 81	John Lyon	note	As in St’át’imcets (Matthewson, 1998), Sḵwx̱ú7mesh (Gillon, 2006), and many other Salish languages.	page 49, footnote 81
footnote 82	John Lyon	note	As a temporal quantifier, yaʕyáʕt can modify adverbs without an intervening determiner, as in for example (49b).	page 49, footnote 82
(104a) line 1	Okanagan	segmentation	ʔiɬ-selx yaʕyáʕt *(iʔ) spíƛ̓əm.	page 49
(104a) line 2	Okanagan	gloss	eat-(DIR)-3PL.ERG all *(DET) bitterroot	page 49
(104a) line 3	John Lyon	translation	They ate all the bitterroots.	page 49
(104b) line 1	Okanagan	segmentation	ʔíɬ-s John iʔ xʷʔit *(iʔ) spíƛ̓əm.	page 49
(104b) line 2	Okanagan	gloss	eat-(DIR)-3SG.ERG John DET many *(DET) bitterroots	page 49
(104b) line 3	John Lyon	translation	John ate many of the bitterroots.	page 49
§3.5.5	John Lyon	note	Determiners may never introduce a universally quantified DP in an argument position (105a,b).83,84	page 49
footnote 83	John Lyon	note	Quantified DPs marked as adjuncts by locative Ks do permit introductory determiners (i). I do not currently have an explanation for this, but speculate that the locative K is licensing the determiner in this environment:	page 49, footnote 83
footnote 83 (i) line 1	Okanagan	segmentation	Susan x̌mink-s k̓-ac-mrím-s (iʔ) k̓l yaʕyáʕt iʔ k̓l	page 49
footnote 83 (i) line 2	Okanagan	gloss	Susan want-(DIR)-3SG-ERG k̓-CUST-marry-(DIR)-3SG.ERG DET LOC all DET LOC	page 49
footnote 83 (i) line 3	Okanagan	segmentation	s-qəl-qəltmixʷ.	page 49
footnote 83 (i) line 4	Okanagan	gloss	IRED-man	page 49
footnote 83 (i) line 5	John Lyon	translation	Susan wants to get married to all of the men.	page 49
footnote 84	John Lyon	note	St’át’imcets, by contrast, allows determiners in this position (Matthewson, 1998, 247). Davis (2010) takes this as evidence that neither universal quantifiers nor determiners in St’át’imcets create generalized quantifiers.	page 49, footnote 84
(105a) line 1	Okanagan	segmentation	ʕác̓x̌-səlx (*iʔ) yaʕyáʕt iʔ skʷkʷúsənt.	page 49
(105a) line 2	Okanagan	gloss	watch-(DIR)-3PL.ERG (*DET) all DET stars	page 49
(105a) line 3	John Lyon	translation	They watched all the stars.	page 49
(105b) line 1	Okanagan	segmentation	c-xʷuy-səlx (*iʔ) yaʕyáʕt iʔ scəcmáləʔ.	page 49
(105b) line 2	Okanagan	gloss	CUST-go-(CAUS)-3PL.ERG (*DET) all DET children	page 49
(105b) line 3	John Lyon	translation	They took all the kids.	page 49
§3.5.5	John Lyon	note	By contrast, weakly quantified DPs in a post-predicative position require an in- troductory determiner (106), while weakly quantified DPs in a pre-predicative position may not have an introductory determiner (107).85 This holds regardless of whether the pre-predicative DP is a subject or object.	page 49
footnote 85	John Lyon	note	Strong quantifiers cannot function as syntactic predicates (i), weak quantifiers may (ii):	page 49, footnote 85
footnote 85 (ia) line 1	Okanagan	segmentation	*kʷu yaʕyáʕt.	page 50
footnote 85 (ia) line 2	Okanagan	gloss	1PL.ABS all	page 50
footnote 85 (ia) line 3	John Lyon	translation	This is all of us.	page 50
footnote 85 (ib) line 1	Okanagan	segmentation	yaʕyáʕt iʔ qáqxʷəlx.	page 50
footnote 85 (ib) line 2	Okanagan	gloss	all DET fish	page 50
footnote 85 (ib) line 3	John Lyon	translation	All the fish (DP reading only) *There are all the fish.//	page 50
footnote 85 (iia) line 1	Okanagan	segmentation	kʷu xʷʔit.	page 50
footnote 85 (iia) line 2	Okanagan	gloss	1PL.ABS many	page 50
footnote 85 (iia) line 3	John Lyon	translation	We are many.	page 50
footnote 85 (iib) line 1	Okanagan	segmentation	xʷʔít iʔ sqilxʷ	page 50
footnote 85 (iib) line 2	Okanagan	gloss	many DET people	page 50
footnote 85 (iib) line 3	John Lyon	translation	There are a lot of Indian People.	page 50
(106a) line 1	Okanagan	segmentation	t̓ʕáp-nt-ín *(iʔ) xʷʔit iʔ sƛ̓aʔcínəm.	page 49
(106a) line 2	Okanagan	gloss	shoot-DIR-1SG.ERG DET many DET deer	page 49
(106a) line 3	John Lyon	translation	I shot many deer.	page 49
(106b) line 1	Okanagan	segmentation	wík-n *(iʔ) xʷʔit iʔ s-qəl-qəltmíxʷ.	page 50
(106b) line 2	Okanagan	gloss	see-(DIR)-1SG.ERG DET many DET IRED-man	page 50
(106b) line 3	John Lyon	translation	I saw many men.	page 50
(107a) line 1	Okanagan	segmentation	(*iʔ) xʷʔit iʔ s-qəl-qəltmíxʷ iʔ wík-n.	page 50
(107a) line 2	Okanagan	gloss	(*DET) many DET IRED-man DET see-(DIR)-1SG.ERG	page 50
(107a) line 3	John Lyon	translation	I saw many men there.	page 50
(107b) line 1	Okanagan	segmentation	(*iʔ) xʷʔit iʔ yl-ylmíxʷəm iʔ qʷaʔqʷʔál.	page 50
(107b) line 2	Okanagan	gloss	(*DET) many DET IRED-chief DET speak	page 50
(107b) line 3	John Lyon	translation	There’s lots of chiefs that spoke.	page 50
§3.5.5	John Lyon	note	These data are important for at least two reasons. First, they show that a DP- associated quantifier must be in a position no lower than the specifier of DP. But demonstratives also form constituents with DPs, and usually, but not always, occur on the inside of a DP-associated quantifier. As (108-109) shows, either ordering is acceptable:	page 50
(108a) line 1	Okanagan	segmentation	wík-n yaʕyáʕt ixíʔ iʔ sənkɬc̓aʔsqáx̌aʔ.	page 50
(108a) line 2	Okanagan	gloss	see-(DIR)-1SG.ERG all DEM DET horse	page 50
(108a) line 3	John Lyon	translation	I saw all of those horses.	page 50
(108b) line 1	Okanagan	segmentation	wík-n ixíʔ yaʕyáʕt iʔ sənkɬc̓aʔsqáx̌aʔ.	page 50
(108b) line 2	Okanagan	gloss	see-(DIR)-1SG.ERG DEM all DET horse	page 50
(108b) line 3	John Lyon	translation	I saw all of those horses.	page 50
(109a) line 1	Okanagan	segmentation	wík-nt-m yaʕyáʕt ixíʔ iʔ sqilxʷ ac-x̌ƛ̓x̌íƛ̓-əm	page 50
(109a) line 2	Okanagan	gloss	see-DIR-1PL.ERG all DEM DET people CUST-IRED-climb-MID	page 50
(109a) line 3	Okanagan	segmentation	iʔ k̓l məq̓ʷmq̓ʷíw̓t.	page 50
(109a) line 4	Okanagan	gloss	DET LOC IRED-mountain	page 50
(109a) line 5	John Lyon	translation	We watched all of those people travel over the mountain.	page 50
(109b) line 1	Okanagan	segmentation	wík-nt-m ixíʔ yaʕyáʕt iʔ sqilxʷ ac-x̌ƛ̓x̌íƛ̓-əm	page 51
(109b) line 2	Okanagan	gloss	see-DIR-1PL.ERG DEM all DET people CUST-IRED-climb-MID	page 51
(109b) line 3	Okanagan	segmentation	iʔ k̓l məq̓ʷmq̓ʷíw̓t.	page 51
(109b) line 4	Okanagan	gloss	DET LOC IRED-mountain	page 51
(109b) line 5	John Lyon	translation	We watched all of those people travel over the mountain.	page 51
§3.5.5	John Lyon	note	Because of the variability in ordering between DP-associated demon- stratives and quantifiers, it is reasonable to assume that demonstratives and quan- tifiers form constituents with a DP by adjunction. I assume the following struc- ture for Okanagan:86	page 51
footnote 86	John Lyon	note	Matthewson (1998, 245) also assumes that quantifiers adjoin to DP in St’át’imcets, but analyzes DP-associated demonstratives as occurring in the specifier position of DP, because DP-associated quantifiers in St’át’imcets consistently precede DP-associated demonstratives.	page 51, footnote 86
(110) line 1	John Lyon	note	DP	page 51, a line of the tree as the glyph rows read it
(110) line 2	John Lyon	note	QP DP	page 51, a line of the tree as the glyph rows read it
(110) line 3	John Lyon	note	yaʕyáʕt DemP DP	page 51, a line of the tree as the glyph rows read it
(110) line 4	John Lyon	note	ixíʔ D KP	page 51, a line of the tree as the glyph rows read it
(110) line 5	John Lyon	note	iʔ	page 51, a line of the tree as the glyph rows read it
(110) line 6	John Lyon	note	K NP	page 51, a line of the tree as the glyph rows read it
(110) line 7	John Lyon	note	⊘ N	page 51, a line of the tree as the glyph rows read it
(110) line 8	John Lyon	note	sənkɬc̓aʔsqáx̌aʔ	page 51, a line of the tree as the glyph rows read it
(110) line 9	John Lyon	note	Quantified DP Structure	page 51, the caption
§3.5.5	John Lyon	note	Second, the data constitute evidence that iʔ does not create a generalized quanti- fier (Barwise and Cooper, 1981), since under this analysis the quantifier yaʕyáʕt would have to achieve its characteristic maximality effect while preserving the semantic type of its argument.87	page 51
footnote 87	John Lyon	note	Cumulative readings of quantified DPs in St’át’imcets, and the absence of distributive readings in the same contexts, suggests that a GQ analysis of quantified DPs may also be incorrect (Davis, 2010). In this case, however, iʔ must also be type-preserving. I leave this issue unresolved for the moment.	page 51, footnote 87
§3.5.5	John Lyon	note	Crucial to my argument that iʔ is not simply a semantically vacuous agreement or case marker, consider that the universal quantifier cannot introduce an oblique object of an intransitive predicate.88 Compare intransitive (111a) and (111b) on the one hand, with transitive (112).	page 51
footnote 88	John Lyon	note	Perhaps because maximality and partitivity are incompatible. cf also Matthewson (2001, 150- 151), who shows that St’át’imcets quantifiers must take DPs as arguments.	page 51, footnote 88
(111a) line 1	Okanagan	segmentation	kn ʔiɬn (*yaʕyáʕt) t qáqxʷəlx.	page 52
(111a) line 2	Okanagan	gloss	1SG.ABS eat (*all) OBL fish	page 52
(111a) line 3	John Lyon	translation	I ate all the fish.	page 52
(111b) line 1	Okanagan	segmentation	kn ʔiɬn (*t yáʔyaʕt) t qáqxʷəlx.	page 52
(111b) line 2	Okanagan	gloss	1SG.ABS eat (* OBL all) OBL fish	page 52
(111b) line 3	John Lyon	translation	I ate all the fish.	page 52
(112) line 1	Okanagan	segmentation	ʔiɬ-n (yaʕyáʕt) iʔ qáqxʷəlx.	page 52
(112) line 2	Okanagan	gloss	eat-(DIR)-1SG.ERG (all) DET fish	page 52
(112) line 3	John Lyon	translation	I ate (all) the fish.	page 52
§3.5.5	John Lyon	note	The above data contrast with data involving weak quantifiers, which may intro- duce either iʔ DP objects (106), or oblique objects (113).	page 52
(113a) line 1	Okanagan	segmentation	John ʔiɬən *(t) xʷʔit *(t) spíƛ̓əm.	page 52
(113a) line 2	Okanagan	gloss	John eat *(OBL) many *(OBL) bitterroot	page 52
(113a) line 3	John Lyon	translation	He ate many of the bitterroots.	page 52
(113b) line 1	Okanagan	segmentation	kn wík-əm *(t) xʷʔit *(t) sqəlqəltmíxʷ.	page 52
(113b) line 2	Okanagan	gloss	1SG.ABS see-MID *(OBL) many *(OBL) IRED-man	page 52
(113b) line 3	John Lyon	translation	I saw many men.	page 52
§3.5.5	John Lyon	note	Similarly to cases involving attributive modification of an oblique object, when a weak quantifier associates with an oblique object, the oblique marker must occur before both the quantifier and the noun.89	page 52
footnote 89	John Lyon	note	Note also that adjectives and weak quantifiers together pattern differently from strong quantifiers in being able to function as syntactic predicates.	page 52, footnote 89
§3.5.5	John Lyon	note	The ban against strong quantifiers adjoining to oblique KPs applies not only to oblique objects of morphologically intransitive predicates, but also to themes of predicates inflected with the transitive applicative suffix -xt-, which are also predictably introduced by the oblique marker (114) (Mattina, 1993b, 280).90	page 52
footnote 90	John Lyon	note	My use of the terms transitive applicative and ditransitive applicative comes from Barthmaier (2002).	page 52, footnote 90
§3.5.5	Okanagan	cited form	-xt-	page 52, in italics
(114a) line 1	Okanagan	segmentation	xʷíc̓-xt-m-n t (ym-)yámx̌ʷaʔ.	page 52
(114a) line 2	Okanagan	gloss	give-APPL-2SG.OBJ-1SG.ERG OBL (IRED)-basket	page 52
(114a) line 3	John Lyon	translation	I gave you a basket(s).	page 52
(114b) line 1	Okanagan	segmentation	*xʷíc̓-xt–m-n t yaʕyáʕt t (ym-)yámx̌ʷaʔ.	page 52
(114b) line 2	Okanagan	gloss	give-APPL-2SG.OBJ-1SG.ERG OBL all OBL (IRED)-basket	page 52
(114b) line 3	John Lyon	translation	I gave you all the basket(s).	page 52
§3.5.5	John Lyon	note	A universally quantified applicative theme may only be realized by a predicate inflected with the ditransitive applicative -ɬt-.91 Themes of ditransitive applica- tives are predictably introduced by the determiner iʔ (115).92	page 52
footnote 91	John Lyon	note	a.k.a. possessional applicative (Mattina, 2001).	page 52, footnote 91
footnote 92	John Lyon	note	Barthmaier (2002, 4-5) states that “consistently in texts we find -xt- predicates selected when a speaker chooses to focus on the recipient... predicates with -ɬt- allow speakers to include the patient [i.e. theme] in the core, in addition to the recipient, to signify its worthiness of attention...” I suggest that “worthiness of attention” may be implicitly understood as domain restriction.	page 53, footnote 92
§3.5.5	Okanagan	cited form	-ɬt-	page 52, in italics
(115a) line 1	Okanagan	segmentation	xʷíc̓-ɬt-m-n iʔ yámx̌ʷaʔ.	page 53
(115a) line 2	Okanagan	gloss	give-DITR-2SG.OBJ-1SG.ERG DET basket	page 53
(115a) line 3	John Lyon	translation	I gave you a basket.	page 53
(115b) line 1	Okanagan	segmentation	xʷíc̓-ɬt-m-n yaʕyáʕt iʔ ym-yámx̌ʷaʔ.	page 53
(115b) line 2	Okanagan	gloss	give-DITR-2SG.OBJ-1SG.ERG all DET IRED-basket	page 53
(115b) line 3	John Lyon	translation	I gave you all the baskets.	page 53
§3.5.5	John Lyon	note	The split between strong and weak quantifiers in Okanagan in terms of their ability to associate with iʔ DPs and t KPs, is evidence that the determiner iʔ is not semantically vacuous. The determiner is a necessary step for deriving a strongly quantified DP, since it provides the necessary domain for the strong quantifier, a domain which neither a t KP nor a bare nominal can provide. DP- adjoined strong quantifiers in Okanagan require arguments of type e, but t KPs and bare NPs both denote sets.	page 53
§3.5.5	John Lyon	note	Under the current domain restriction analysis, iʔ DPs denote individ- uals, not generalized quantifiers. Supporting evidence for this analysis comes from the fact that, unlike English quantifiers such as “all” and “half”, Okanagan quantifiers do not occur in D position. I now discuss further evidence against a generalized-quantifier creating analysis of Okanagan iʔ: restrictions on distribu- tive readings.	page 53
§3.5.6	John Lyon	heading	3.5.6 iʔ does not permit distributive readings	page 53
§3.5.6	John Lyon	note	Matthewson (1999) argues against a generalized quantifier analysis of non-quantified DPs in St’át’imcets. Davis (2010) extends this claim to in- clude St’át’imcets quantified DPs, as well. A cornerstone of their argument that St’át’imcets DPs do not denote generalized quantifiers comes from data showing that these DPs are scopally inert. In other words, in sentences containing dis- tributive operators, St’át’imcets non-quantified assertion-of-existence DPs will always take widest scope (Matthewson, 1999), and sentences containing two quantified DPs will exhibit only cumulative readings (Davis, 2010). Okanagan iʔ DPs allow less-than-widest scope readings, as shown by their ability to scope under negation and modals. They nevertheless seem to disallow distributive readings, similar to St’át’imcets.93 (116a, 117a) show that lexically singular DPs including the nouns sk̓ʷk̓ʷíyməlt “child” and tkɬmílxʷ “woman” cannot be interpreted as scoping under the quantified subject:	page 53
footnote 93	John Lyon	note	I have not yet systematically checked data involving sentences two quantified DPs.	page 53, footnote 93
§3.5.6	Okanagan	cited form	sk̓ʷk̓ʷíyməlt	page 53, in italics
(116a) line 1	Okanagan	segmentation	yaʕyáʕt iʔ smaʔmʔím c̓úm̓qs-əs iʔ sk̓ʷk̓ʷíyməlt.	page 54
(116a) line 2	Okanagan	gloss	all DET women kiss-(DIR)-3SG.ERG DET child	page 54
(116a) line 3	John Lyon	translation	All the women kiss the child (must be the same child).	page 54
(116b) line 1	Okanagan	segmentation	yaʕyáʕt iʔ smaʔmʔím c̓m̓-c̓úm̓qs-əs iʔ	page 54
(116b) line 2	Okanagan	gloss	all DET women IRED-kiss-(DIR)-3SG.ERG DET	page 54
(116b) line 3	Okanagan	segmentation	scəcmáləʔ.	page 54
(116b) line 4	Okanagan	gloss	children	page 54
(116b) line 5	John Lyon	translation	All the women kiss the children (can be different children).	page 54
(117a) line 1	Okanagan	segmentation	yaʕyáʕt iʔ s-qəl-qəlmíxʷ x̌mínk-nt-əm iʔ t tkɬmilxʷ.	page 54
(117a) line 2	Okanagan	gloss	all DET IRED-man like-DIR-PASS DET OBL woman	page 54
(117a) line 3	John Lyon	translation	Target: Every man has a woman who loves him.	page 54
(117a) line 4	John Lyon	speaker comment	SM: Same woman loves all the men.	page 54, under the part
(117a) line 5	John Lyon	speaker comment	LL: All the men was loved by this one woman.	page 54, under the part
(117b) line 1	Okanagan	segmentation	yaʕyáʕt iʔ s-qəl-qəltmíxʷ x̌mínk-nt-əm iʔ t smaʔmʔím.	page 54
(117b) line 2	Okanagan	gloss	all DET IRED-man like-DIR-PASS DET OBL women	page 54
(117b) line 3	John Lyon	translation	Target: Every man has a woman who loves him.	page 54
(117b) line 4	John Lyon	speaker comment	LL: That’s a bunch of women.	page 54, under the part
§3.5.6	John Lyon	note	In contexts where more than one child or woman is under discussion, the suppletive plural forms scəcəmáləʔ “children” (116b) and smaʔmʔím “women” (117b) must be used, but these plural objects do not have clear distributive read- ings, but are rather consistent with cumulative interpretations (i.e. All the women kiss the children and All the men are loved by the women.).94,95,96	page 54
footnote 94	John Lyon	note	cf Davis (2010) for discussion of cumulativity in St’át’imcets DPs.	page 54, footnote 94
footnote 95	John Lyon	note	By comparing (i) to (116), we see that a plural predicate is not sufficient to give a distributive reading to a lexically singular DP.	page 54, footnote 95
footnote 95 (i) line 1	Okanagan	segmentation	*yáʕyáʕt iʔ smaʔmʔím c̓m̓-c̓úm̓qs-əs iʔ sk̓ʷk̓ʷíyməlt.	page 54
footnote 95 (i) line 2	Okanagan	gloss	all DET women FRED-kiss-(DIR)-3SG.ERG DET child	page 54
footnote 95 (i) line 3	John Lyon	translation	All the women kiss a child (different children.)	page 54
footnote 95	John Lyon	note	Sentences involving number-neutral DPs, such as (ii), are ambiguous between a reading where there is for example one rabbit and a reading where there are multiple rabbits. There is no distribu- tivity under the singular reading, and the plural reading is consistent with a cumulative interpretation.	page 54, footnote 95
footnote 95 (ii) line 1	Okanagan	segmentation	yáʕyáʕt iʔ smaʔmʔím c̓úm̓qs-əs iʔ spəplínaʔ.	page 54
footnote 95 (ii) line 2	Okanagan	gloss	all DET women kiss-(DIR)-3SG.ERG DET rabbit	page 54
footnote 95 (ii) line 3	John Lyon	translation	All the women kissed a (single) rabbit/some rabbits.	page 54
footnote 96	John Lyon	note	Sentences involving numeral quantifiers pattern similarly to the examples above:	page 54, footnote 96
footnote 96 (iii) line 1	Okanagan	segmentation	#kaʔɬís (iʔ) i-sc-marím iʔ k̓l sqəltmíxʷ.	page 54
footnote 96 (iii) line 2	Okanagan	gloss	three (DET) 1SG.POSS-PERF-marry DET LOC man	page 54
footnote 96 (iii) line 3	John Lyon	translation	I married a (certain) man three times.	page 54
footnote 96 (iii) line 4	John Lyon	speaker comment	Consultant: It’s the same man, I married the man three times.	page 54, under the part
§3.5.6	Okanagan	cited form	scəcəmáləʔ	page 54, in italics
§3.5.6	John Lyon	note	Forcing a (non-lexically) singular nominal DP to occur under the scope of a distributive operator may sometimes result in that DP denoting instantiations of a kind, or a contextually unrestricted non-maximal plurality. In (118b) below, the consultant makes it clear that the DP iʔ sámaʔ “the white person” refers to members of the race of white people, not to an individual white person. The plu- ral predicate requires an iʔ DP object that denotes a plural individual, and one way which a (non-lexically) singular DP can satisfy this requirement is if it de- notes a contextually unrestricted non-maximal plurality.97	page 54
footnote 97	John Lyon	note	My prediction is that lexically singular nouns cannot occur with this interpretation, since they do not have plural individuals in their extensions.	page 55, footnote 97
§3.5.6	Okanagan	cited form	iʔ sámaʔ	page 55, in italics
(118a) line 1	Okanagan	segmentation	yaʕyáʕt iʔ sqilxʷ ƛ̓əxʷnt-ísəlx iʔ	page 55
(118a) line 2	Okanagan	gloss	all DET indian.people kill.pl-DIR-3PL.ERG DET	page 55
(118a) line 3	Okanagan	segmentation	sm-sámaʔ.	page 55
(118a) line 4	Okanagan	gloss	IRED-white.person	page 55
(118a) line 5	John Lyon	translation	Every Indian killed a white person.	page 55
(118a) line 6	John Lyon	note	(target)	page 55, at the right of the translation
(118a) line 7	John Lyon	speaker comment	Volunteered: All the Indians killed the white people.	page 55, under the part
(118b) line 1	Okanagan	segmentation	yaʕyáʕt iʔ sqilxʷ ƛ̓əxʷ-nt-ísəlx iʔ sámaʔ.	page 55
(118b) line 2	Okanagan	gloss	all DET indian.people kill.pl-DIR-3PL.ERG DET white.person	page 55
(118b) line 3	John Lyon	translation	Every Indian killed a white person.	page 55
(118b) line 4	John Lyon	note	(target)	page 55, at the right of the translation
(118b) line 5	John Lyon	speaker comment	Volunteered: You’re not just talking about an individual, you’re talking about a race.	page 55, under the part
§3.5.6	John Lyon	note	The absence of distributive readings for iʔ DPs in object position may be taken as evidence that Okanagan DPs are not generalized quantifiers. The data in (116-117) also cannot be explained by arguing that lexically singular nominals like tkɬmilxʷ “woman” have uniqueness entailments, since these nouns allow non-specific readings, as shown by (36) in section 3.2.2. Additionally, lexically singular nouns allow distributive-like readings when they are nominal predicates prefixed by kɬ- “have”, as in contexts of ownership (119):	page 55
§3.5.6	Okanagan	cited form	tkɬmilxʷ	page 55, in italics
(119a) line 1	Okanagan	segmentation	yaʕyáʕt iʔ sqəlqəltmíxʷ kɬ-tkɬmilxʷ.	page 55
(119a) line 2	Okanagan	gloss	all DET men HAVE-woman	page 55
(119a) line 3	John Lyon	translation	Every man has a woman.	page 55
(119a) line 4	John Lyon	note	(target)	page 55, at the right of the translation
(119b) line 1	Okanagan	segmentation	yaʕyáʕt iʔ scəcmáləʔ kɬ-kəkwáp.	page 55
(119b) line 2	Okanagan	gloss	all DET children HAVE-dog	page 55
(119b) line 3	John Lyon	translation	Every child owns a dog.	page 55
(119b) line 4	John Lyon	note	(target)	page 55, at the right of the translation
§3.5.6	John Lyon	note	Because the possessed nominals are predicates in these cases, these sentences do not exemplify distributivity over an object. (119a), for example, means that each atomic individual in the denotation of the quantified DP yaʕyáʕt iʔ sqəlqəltmíxʷ “all the men” has the property of having a woman, but this is slightly different than asserting that there is a different woman for each man. Since the possessed nominal predicate kɬ-tkɬmilxʷ “have a woman” does not entail that every atomic member of its plural argument possess the same woman, the absence of distribu- tivity in (116-117) cannot be attributed to the noun itself. It must be the deter- miner that is blocking the distributive readings.	page 55
§3.5.6	Okanagan	cited form	yaʕyáʕt iʔ sqəlqəltmíxʷ	page 55, in italics
§3.5.6	Okanagan	cited form	kɬ-tkɬmilxʷ	page 55, in italics
§3.5.6	John Lyon	note	When a speaker wishes to convey something approximating a distribu- tive reading, a morphologically intransitive predicate with an oblique marked object may also be used (120a, 121a, 122a), since this will predictably yield a non-specific reading of the nominal. Using an iʔ DP object in this context does not favor a non-specific reading (120b, 121b, 122b) because of the maximality implicature associated with iʔ.	page 56
(120a) line 1	Okanagan	segmentation	tkʔsasíləm iʔ smaʔmʔím c-ʔiq̓-əm t síp̓iʔ.	page 56
(120a) line 2	Okanagan	gloss	two DET women CUST-scrape-MID OBL hide	page 56
(120a) line 3	John Lyon	translation	Both of the women are scraping a hide (can be different hide).	page 56
(120b) line 1	Okanagan	segmentation	tkʔsasíləm iʔ smaʔmʔím ʔiq̓-s iʔ síp̓iʔ.	page 56
(120b) line 2	Okanagan	gloss	two DET women scrape-(DIR)-3SG.ERG DET hide	page 56
(120b) line 3	John Lyon	translation	Both of the women are scraping (the same) hide.	page 56
(121a) line 1	Okanagan	segmentation	yaʕyáʕt iʔ səxʷpíx̌əm t̓ʕap-ám t sƛ̓aʔcínəm.	page 56
(121a) line 2	Okanagan	gloss	all DET hunter shoot-MID OBL deer	page 56
(121a) line 3	John Lyon	translation	Every Indian killed a deer.	page 56
(121a) line 4	John Lyon	note	(target)	page 56, at the right of the translation
(121a) line 5	John Lyon	speaker comment	Volunteered: Each one of them shot a deer.	page 56, under the part
(121b) line 1	Okanagan	segmentation	*yaʕyáʕt iʔ səxʷpíx̌əm t̓ʕap-nt-ísəlx iʔ sƛ̓aʔcínəm.	page 56
(121b) line 2	Okanagan	gloss	all DET hunter shoot-DIR-3PL.ERG DET deer	page 56
(121b) line 3	John Lyon	translation	Every hunter shot a deer.	page 56
(121b) line 4	John Lyon	note	(target)	page 56, at the right of the translation
(121b) line 5	John Lyon	translation	All the hunters shot the (same) deer.	page 56, a second translation
(121b) line 6	John Lyon	note	(actual)	page 56, at the right of the translation
(122a) line 1	Okanagan	segmentation	yaʕyáʕt iʔ s-qəl-qəltmíxʷ n-ʔíys-əm-əlx t qʷacqn.	page 56
(122a) line 2	Okanagan	gloss	all DET IRED-man like-(DIR)-3SG.ERG DET hat	page 56
(122a) line 3	John Lyon	translation	Every man bought a hat.	page 56
(122a) line 4	John Lyon	note	(target)	page 56, at the right of the translation
(122b) line 1	Okanagan	segmentation	#yaʕyáʕt iʔ s-qəl-qəltmíxʷ n-ʔíys-əlx iʔ qʷacqn.	page 56
(122b) line 2	Okanagan	gloss	all DET IRED-man buy-(DIR)-3SG.ERG DET hat	page 56
(122b) line 3	John Lyon	translation	Every man bought a hat.	page 56
(122b) line 4	John Lyon	note	(target)	page 56, at the right of the translation
(122b) line 5	John Lyon	translation	All the men bought the (same) hat.	page 56, a second translation
(122b) line 6	John Lyon	note	(actual)	page 56, at the right of the translation
§3.5.6	John Lyon	note	Under an analysis where t KPs are semantically incorporated, these examples do not actually show object-distributivity, since the quantified subjects are actually ranging over events of hide-scraping (120), deer killing (121), and hat buying (122).98	page 56
footnote 98	John Lyon	note	cf similar data involving incorporated objects in Turkish (Aygen-Tosun, 1999).	page 56, footnote 98
§3.6	John Lyon	heading	3.6 Summary	page 56
§3.6	John Lyon	note	I have presented a range of data in this section showing that the Okana- gan determiner iʔ is not deictic, and neither presupposes nor asserts the unique- ness or maximality of its referent. I have also shown that Okanagan iʔ cannot be analyzed as an English-style indefinite, since it easily allows co-referential read- ings, nor a St’át’imcets style widest-scope indefinite, since it may take narrow scope with respect to negation and other operators.	page 56
§3.6	John Lyon	note	I have claimed that Okanagan iʔ is best analyzed as a contextually sen- sitive domain restrictor, and based my claim primarily on data showing that iʔ implies uniqueness and maximality of a referent, but that this implicature, like all pragmatic implicatures, is cancellable. This means that vacuous applications of domain restriction can, and do arise. The pragmatic force of iʔ is achieved through scalar implicature, i.e. through the opposition of the determiner iʔ and the prefix (ʔa)kɬ- “have” in existential sentences, and elsewhere through the op- position of iʔ and the oblique marker t. Evidence that Okananan iʔ selects one singular or plural individual from a contextually salient domain, rather than cre- ates a generalized quantifier, comes from the syntactic distribution of iʔ versus other DP-adjoined quantifiers, and the absence of distributive readings for lexi- cally singular DPs.	page 57
§3.6	John Lyon	note	The oblique marker is semantically vacuous, but in K position it indi- cates semantic incorporation of a nominal. This analysis is consistent with the interpretation of these nominals as non-specific, non-salient, non-referential, and non-identifiable (Carlson, 2006).	page 57
§4	John Lyon	heading	4 Analysis	page 57
§4.1	John Lyon	heading	4.1 Analysis of the determiner iʔ	page 57
§4.1	John Lyon	note	The semantic analysis I assume for the Okanagan determiner iʔ is tech- nically the same as that argued for by Gillon (2006) for Sḵwx̱ú7mesh (123) deic- tic determiners:99	page 57
footnote 99	John Lyon	note	Gillon’s (2006) choice-function analysis has a similar predecessor in Matthewson’s (1999, 2001) analysis of St’át’imcets. For Matthewson (2001), there is no existential closure. Instead, the choice function variable is bound by the context, which derives the widest scope effects.	page 57, footnote 99
(123) line 1	John Lyon	note	⟦iʔ⟧ = λP[f(λx[P(x) ∧ C(x)])]	page 57, a formula
§4.1	John Lyon	note	A variable over choice functions, f, selects one singular or plural individual from the intersection of the context C and the nominal property P. Existential clo- sure of the choice function variable may occur at any level. Under this analy- sis, Okanagan iʔ creates an expression of type e. A semantic derivation of the oblique, agentive DP iʔ t sqəltmixʷ “the man” is shown in the figure 3:	page 57
§4.1	Okanagan	cited form	iʔ t sqəltmixʷ	page 57, in italics
Figure 3	John Lyon	note	DP	page 58, a line of the tree as the glyph rows read it
Figure 3	John Lyon	note	f(λx[man(x) ∧ C(x)])	page 58, a line of the tree as the glyph rows read it
Figure 3	John Lyon	note	D KP	page 58, a line of the tree as the glyph rows read it
Figure 3	John Lyon	note	λP[f(λx[P(x) ∧ C(x)])] λx.man(x)	page 58, a line of the tree as the glyph rows read it
Figure 3	John Lyon	note	iʔ K NP	page 58, a line of the tree as the glyph rows read it
Figure 3	John Lyon	note	λx.man(x)	page 58, a line of the tree as the glyph rows read it
Figure 3	John Lyon	note	t	page 58, a line of the tree as the glyph rows read it
Figure 3	John Lyon	note	N	page 58, a line of the tree as the glyph rows read it
Figure 3	John Lyon	note	sqəltmixʷ	page 58, a line of the tree as the glyph rows read it
Figure 3	John Lyon	note	Figure 3. Semantic Composition of an Okanagan DP	page 58, the figure's caption
§4.1	John Lyon	note	There are two important factors which give rise to the range of readings seen with Okanagan iʔ DPs. These are:	page 58
§4.1	John Lyon	note	(i) The level at which existential closure of the choice function variable oc- curs.	page 58, an item of the list
§4.1	John Lyon	note	(ii) The amount of intersection between P and C and whether a maximal or non-maximal individual is selected from this intersection.	page 58, an item of the list
§4.1	John Lyon	note	There is a correlation between (i) and (ii), such that existential closure at the highest level corresponds to a high amount of domain restriction (P∩C < 1) and a maximal interpretation. Existential closure at a local level usually corresponds to an absence of domain restriction (P ∩ C = 1, or P ⊆ C) and a non-specific reading, but not always, since non-specific readings of iʔ DPs are also available in restricted contexts (e.g. 36). Maximal interpretations are available under both highest-level (e.g. iʔ DPs in definite contexts) and local-level (e.g. generic in- terpretations of iʔ DPs) existential closures. I discuss points (i) and (ii) each in turn.	page 58
§4.1.1	John Lyon	heading	4.1.1 Existential closure of the choice function	page 58
§4.1.1	John Lyon	note	Recall that for examples involving negation, such as (46a), repeated here as (124), an iʔ DP may have either a specific or non-specific reading, de- pending on the level at which the free choice function variable is existentially bound and closed. The specific reading is represented in (125a), and the non- specific reading in (125b).	page 58
(124) line 1	Okanagan	segmentation	lut t̓ə wík-n iʔ c̓wanáytmx.	page 58
(124) line 2	Okanagan	gloss	NEG EMPH see-(DIR)-1SG.ERG DET sasquatch	page 58
(124) line 3	John Lyon	translation	I’ve never seen a/the sasquatch.	page 58
(125a) line 1	John Lyon	note	λw∃f.CH(f) ∧ ¬ the speaker has seen f(λx[sasquatch(x)(w) ∧ C(x)])	page 59, a formula
(125b) line 1	John Lyon	note	λw¬∃f.CH(f) ∧ the speaker has seen f(λx[sasquatch(x)(w) ∧ C(x)])	page 59, a formula
§4.1.1	John Lyon	note	For (125a), the choice function is closed at the highest level, which is consistent with a specific or definite interpretation of the DP. For (125b), the choice func- tion is closed locally, and the DP will have a non-specific interpretation.100	page 59
footnote 100	John Lyon	note	There is no true scope interaction between the DP and negation in this example. True DP scope interactions require a DP to undergo quantifier-raising (Heim, 1982), which is itself dependent on that DP being a generalized quantifier. Okanagan iʔ DPs are not generalized quantifiers.	page 59, footnote 100
§4.1.1	John Lyon	note	For examples involving modals and if-clauses, an iʔ DP’s choice func- tion may also be closed either locally, or at the highest level. Consider (60b) again, repeated below as (126). The choice function associated with the DP iʔ sqʷsiʔs “his son” must be locally closed, since the DP denotes an individual in just those counterfactual worlds in which Spike has a son. (127) is a rough se- mantic representation of (126).	page 59
§4.1.1	Okanagan	cited form	iʔ sqʷsiʔs	page 59, in italics
(126) line 1	Okanagan	segmentation	cakʷ Spike ɬaʔ k(ɬ)-sqʷsiʔ, cmay ixíʔ iʔ sqʷsiʔ-s	page 59
(126) line 2	Okanagan	gloss	DEON Spike COMP HAVE-son EPIS DEM DET son-3SG.POSS	page 59
(126) line 3	Okanagan	segmentation	iʔ kɬ-ylmíxʷəm.	page 59
(126) line 4	Okanagan	gloss	DET FUT-chief	page 59
(126) line 5	John Lyon	translation	If Spike had a son, I guess his son would be the chief.	page 59
(127) line 1	John Lyon	note	λw[[∃w′.R(w, w′) ∧ ∃x.Spike′s son(x)(w′)] ⟶ ∃f.CH(f) ∧ f(λx[Spike′s son(x)(w′) ∧ C(x)]) ∧ x is the chief in w’]	page 59, a formula
§4.1.1	John Lyon	note	Consider another example of a non-specific, narrow scope reading of an iʔ DP. (50) is repeated here as (128), and is interesting since there are two DPs in this example, both are associated with choice functions, and both must be closed at a less-than-highest level.	page 59
(128) line 1	Okanagan	segmentation	cmay iʔ ylmíxʷəm laʔkín iʔ tkɬmílxʷ.	page 59
(128) line 2	Okanagan	gloss	EPIS DET chief when DET woman	page 59
(128) line 3	John Lyon	translation	Maybe the chief will someday be a woman.	page 59
(129) line 1	John Lyon	note	λw∀w′.R(w, w′) [[∃f.CH(f) ∧ f(λx[chief(x)(w′) ∧ C(x)])] ⟶ ∃w′′.R(w′, w′′) ∧ ∃g.CH(g) ∧ g(λy[woman(y)(w′′) ∧ C(y)]) ∧ y(w′′) = x(w′′)]	page 59, a formula
§4.1.1	John Lyon	note	The DP iʔ ylmíxʷəm refers to whichever individual satisfies the description “chief” at any given time, in any given world.101 For all worlds w’ which are accessible to the actual world, if there is a certain chief in that world, then there is a world w” accessible to w’ in which there is a certain woman, and the woman and the chief(’s counterpart) are identical in w”.102	page 59
footnote 101	John Lyon	note	I abstract away from the time variables in (129), and simplify the modal semantics to just a relation between worlds.	page 59, footnote 101
footnote 102	John Lyon	note	Note that the DP iʔ tkɬmílxʷ “a woman” is not interpreted as a nominal predicate, which the English translation would otherwise suggest, but as an individual. See section 6 for further discussion of copular cases like this.	page 60, footnote 102
footnote 102	Okanagan	cited form	iʔ tkɬmílxʷ	page 60, in italics
§4.1.1	John Lyon	note	Sentences containing modals may also contain DPs whose choice func- tions have been closed at the highest-level. Consider (101), repeated here as (130), under its felicitous reading.	page 60
(130) line 1	Okanagan	segmentation	cmay aláʔ iʔ qáqxʷəlx.	page 60
(130) line 2	Okanagan	gloss	EPIS DEM DET fish	page 60
(130) line 3	John Lyon	translation	The fish might be here.	page 60
(131) line 1	John Lyon	note	λw∃f.CH(f) ∧ f(λx[fish(x)(w) ∧ C(x)]) ∧ ∃w′.R(w, w′) ∧ x is here in w′.	page 60, a formula
§4.1.1	John Lyon	note	In a context where we are in a boat, actively looking for fish, and are wondering whether there might be any fish in our current location, localized existential clo- sure of the DPs choice function will result in infelicity, because of the restricted context and a stronger maximality implicature.	page 60
§4.1.1	John Lyon	note	Since the choice function associated with the determiner in Okanagan is interpretable relative to different world assignments, the nominal domain must include individuals across multiple worlds. The contextually salient set of indi- viduals can be restricted by quantifying over worlds using modals or condition- als, for example, and the choice function selects individuals from within these worlds.	page 60
§4.1.2	John Lyon	heading	4.1.2 Set intersection and maximality	page 60
§4.1.2	John Lyon	note	The amount of contextual domain restriction, and the size of the indi- vidual selected by the choice function, is just as important as the level at which existential closure of the choice function occurs. This was informally discussed during my presentation of the data in section 3, but I review it here, for the sake of clarity, in a more explicit fashion. The following diagrams represent discourse states: C stands for the set of contextually salient individuals, and P stands for a nominal property. It is important to note that contextual domain restriction of a nominal property may come about either through the use of an iʔ determiner, or it may be already present as an implicit or explicit fact about the context.	page 60
§4.1.2	John Lyon	note	In definite contexts, where a discourse referent has already been estab- lished, the intersection of P and C includes only one singular or plural individual. The choice function associated with the determiner must select that maximal in- dividual, as represented in the following diagram:	page 60
Figure 4	John Lyon	note	Figure 4. Domain Restriction in Definite Contexts (cf sections 3.3, 3.5.4)	page 61, the caption under a figure the text layer does not hold
§4.1.2	John Lyon	note	For restricted contexts involving multiple possible referents, if the de- terminer does not select the entire set as a maximal plural individual, as in the previous diagram, then it must select one individual from the context set:103	page 61
footnote 103	John Lyon	note	For specific interpretations this is presumably achieved either by a speaker pointing, or using some other demonstrative gesture, to a particular referent in context. In non-specific contexts, the choice is left up to the hearer.	page 61, footnote 103
Figure 5	John Lyon	note	Figure 5. Domain Restriction in Non-Unique Contexts (cf section 3.2.2)	page 61, the caption under a figure the text layer does not hold
§4.1.2	John Lyon	note	In some indefinite contexts, such as at the beginning of a text, there is no contextual restriction: the intersection of P and C is total.104 Since there is no contextual restriction, the choice function may potentially select any individual in the domain of P.	page 61
footnote 104	John Lyon	note	In other words, as part of the interlocutors shared beliefs about individuals which inhabit the actual and possible worlds, all individuals belong to C until they are removed by a non-vacuous application of domain restriction.	page 61, footnote 104
Figure 6	John Lyon	note	Figure 6. Domain Restriction in Indefinite and Existential Contexts (cf sections 3.2 and 3.5.2)	page 61, the caption under a figure the text layer does not hold
§4.1.2	John Lyon	note	Just as with out-of-the-blue indefinite uses of iʔ in implicitly restricted contexts (Figure 5), the referent of a DP in a contextually unrestricted indefinite context (Figure 6) may be either specific or non-specific. Uses of iʔ in existential sentences are essentially the same as other out-of-the-blue indefinite uses, but with the added stipulation that they must be non-specific. We have seen in sec- tion 3.5.2 that an existential sentence containing an iʔ DP will lose its existential interpretation under non-vacuous domain restriction. Because the intersection of P and C is smaller, the DP will be interpreted as maximal via implicature. In terms of the diagrams above, we see that Figures 5 and 6 are equivalent except that there is no domain restriction in Figure 6. Figure 6 is a pre-requisite dis- course state for interpreting an iʔ DP as denoting a non-specific “instantiation of a kind”.105	page 62
footnote 105	John Lyon	note	Theoretically, a speaker can incorrectly presuppose that the context already involves a certain amount of domain restriction, and thus intend a definite or specific indefinite reading of an iʔ DP (Figures 4-5), while the hearer interprets the iʔ DP as a non-restricted existential, i.e. a non-specific instantiation of a kind (Figure 6). The inverse case is also theoretically possible: A speaker can incor- rectly presuppose an unrestricted context set, and thus intend a non-restricted existential (or generic) reading of an iʔ DP, while the hearer interprets the iʔ DP as a specific indefinite. By using kɬ- “have” rather than iʔ in these contexts, the speaker effectively removes Figure 5 as a possible discourse state.	page 62, footnote 105
§4.1.2	John Lyon	note	Generic interpretations differ from other indefinite uses of iʔ only in the sense that the maximal plural individual must be chosen from a contextually unrestricted domain:	page 62
Figure 7	John Lyon	note	Figure 7. Generic interpretations of Okanagan DPs (cf sections 3.5.3)	page 62, the caption under a figure the text layer does not hold
§4.1.2	John Lyon	note	We have seen that generic interpretations of sentences containing Okana- gan DPs also have episodic or existential intepretations, and so their interpreta- tions are dependent on the context. Any less-than-total intersection between P and C will result in the loss of the generic reading, since the DP can then at best only denote a maximal subset of P (cf Figure 4).	page 62
§4.1.2	John Lyon	note	Data like (132) below indicate that it is possible within a discourse to move directly from a normal out-of-the-blue indefinite, atomic-individual- denoting reading of a DP, to an unrestricted maximal-plural reading of that same DP:	page 62
(132) line 1	Okanagan	segmentation	wík-n iʔ skəmxist t spíʔsc̓íɬt, uc	page 63
(132) line 2	Okanagan	gloss	see-(DIR)-1SG.ERG DET bear OBL yesterday YNQ	page 63
(132) line 3	Okanagan	segmentation	ac-my-st-íxʷ ac-ʔiɬ-t-s iʔ	page 63
(132) line 4	Okanagan	gloss	CUST-know-CAUS-2SG.ERG CUST-eat-CAUS-3SG.ERG DET	page 63
(132) line 5	Okanagan	segmentation	skəmxíst iʔ síyaʔ?	page 63
(132) line 6	Okanagan	gloss	bear DET saskatoons	page 63
(132) line 7	John Lyon	translation	I saw a bear yesterday, and did you know that bears eat berries?	page 63
§4.1.2	John Lyon	note	The input context to (132) is represented by figure 6, since the DP iʔ skəmxist is uttered in a contextually unrestricted indefinite context, and denotes an atomic individual. The default output context to (132) is represented by figure 4, since a discourse referent for iʔ skəmxist is now established. The second mention of the DP does not refer to the unique individual in the context, however, since the speaker intends to refer to a contextually unrestricted maximal plural individual. The entire set P is thus re-introduced into the context and the maximal plural individual is selected by the choice function, as in figure 7. This simply helps to confirm that domain restriction can be pragmatically overruled.106	page 63
footnote 106	John Lyon	note	(132) is actually a variation of the conceptually simpler, non-co-referential reading exhibited by the DPs in (54). It is not reasonable for the speaker to expect the hearer to know that the particular bear he saw yesterday likes to eat berries, the hearer knows this, and thus interprets the second DP as non-co-referential with the first.	page 63, footnote 106
§4.1.2	Okanagan	cited form	iʔ skəmxist	page 63, in italics
§4.1.2	John Lyon	note	I conclude that the wide range of readings associated with iʔ DPs may be reduced to two factors: (i) the level at which existential closure of a choice function occurs; and (ii) the amount of set intersection between the context and the nominal property and whether a maximal or non-maximal individual is se- lected by the choice function.	page 63
§4.2	John Lyon	heading	4.2 Analysis of the oblique marker t	page 63
§4.2	John Lyon	note	The oblique marker t is not a domain restrictor. Following Gillon (2009), I assume that domain restriction is associated with the D position (Gillon, 2009), rather than K. Note that the oblique marker in Figure 3 is semantically vacu- ous, and thus preserves the predicative type of the NP. In the absence of a co- occurring determiner, I have claimed that the oblique marker in K position indi- cates that the oblique-marked nominal is undergoing semantic incorporation as an object of a formally intransitive predicate (i.e. those predicates with intran- sitive suffixes -əm or -(míx)aʔx), or as a theme of a transitive applicative (i.e. predicates which have been transitivized by -x(i)t-).	page 63
§4.2	Okanagan	cited form	-əm	page 63, in italics
§4.2	Okanagan	cited form	-(míx)aʔx	page 63, in italics
§4.2	Okanagan	cited form	-x(i)t-	page 63, in italics
§4.2	John Lyon	note	The semantics of incorporation can be written directly into the deno- tation of the (in)transitivizer. For example, the intransitivizer suffix -əm may be represented as follows:	page 63
(133) line 1	John Lyon	note	⟦-əm⟧ = λPλQλx∃y[P(y)(x) ∧ Q(y)]	page 63, a formula
§4.2	John Lyon	note	For (133), the instransitivizer -əm takes an unaccusative root P as its first argu- ment,107 and an oblique KP Q as its second argument, and then asserts that there is some individual y that satisfies the property Q, and that this individual y cor- responds to the thematic object of the predicate P. The property Q is thus a re- strictive modifier of the predicate P (Chung and Ladusaw, 2004). The identity of the individual y is crucially not dependent on the context, and for cases where a quantified subject DP is ranging over events, as for example (120b) in section 3.5.6, the result will be a distributive reading for the oblique nominal. A seman- tic derivation of the sentence kn k̓ʷúl̓əm t pwmín “I made a drum” is shown as figure 8:108	page 64
footnote 107	John Lyon	note	See Davis and Matthewson (2009) for arguments that all Salish verb roots are unaccusative.	page 64, footnote 107
footnote 108	John Lyon	note	The oblique KP in figure 8 is in adjunct position. My compositional analysis predicts that if an oblique object is not overt, as with certain middle predicates that denote activities, the Q variable will be saturated by the context set C.	page 64, footnote 108
§4.2	Okanagan	cited form	kn k̓ʷúl̓əm t pwmín	page 64, in italics
Figure 8	John Lyon	note	S	page 64, a line of the tree as the glyph rows read it
Figure 8	John Lyon	note	∃y[made(y)(e) ∧ drum(y)]	page 64, a line of the tree as the glyph rows read it
Figure 8	John Lyon	note	DP VP	page 64, a line of the tree as the glyph rows read it
Figure 8	John Lyon	note	e λx∃y[made(y)(x) ∧ drum(y)]	page 64, a line of the tree as the glyph rows read it
Figure 8	John Lyon	note	kn	page 64, a line of the tree as the glyph rows read it
Figure 8	John Lyon	note	VP KP	page 64, a line of the tree as the glyph rows read it
Figure 8	John Lyon	note	λQλx∃y[made(y)(x) ∧ Q(y)] λx[drum(x)]	page 64, a line of the tree as the glyph rows read it
Figure 8	John Lyon	note	K NP	page 64, a line of the tree as the glyph rows read it
Figure 8	John Lyon	note	√ INTR λx[drum(x)]	page 64, a line of the tree as the glyph rows read it
Figure 8	John Lyon	note	t	page 64, a line of the tree as the glyph rows read it
Figure 8	John Lyon	note	λx[made(x)] λPλQλx∃y[P(y)(x) ∧ Q(y)]	page 64, a line of the tree as the glyph rows read it
Figure 8	John Lyon	note	pwmín	page 64, a line of the tree as the glyph rows read it
Figure 8	John Lyon	note	k̓ʷúl̓ -əm	page 64, a line of the tree as the glyph rows read it
Figure 8	John Lyon	note	Figure 8. Semantic Incorporation of Oblique Objects	page 64, the figure's caption
§4.2	John Lyon	note	This incorporation analysis may be extended to cases involving themes of transi- tive applicative -xt- (cf 114), as well.	page 64
§4.2	John Lyon	note	There is no direct link between noun incorporation and case marker t. When it co-occurs with iʔ, as when marking and instrument or a passive agent, the resulting DP denotes an individual, and will saturate the predicate as an e- type argument. Since t is nevertheless obligatory in oblique environments, it can also be viewed as a necessary component for an NP to undergo incorporation. In a sense, it prepares the NP for incorporation.	page 64
§4.2	John Lyon	note	For cases where t functions as a marker of attributive modification rather than a case marker (cf 9), it simply indicates that predicate modification is occurring (Heim and Kratzer, 1998; Koch, 2006).109	page 64
footnote 109	John Lyon	note	Evidence for right-adjunction of t comes data involving stacked modifiers, see Lyon (in prep).	page 64, footnote 109
Figure 9	John Lyon	note	NP	page 65, a line of the tree as the glyph rows read it
Figure 9	John Lyon	note	λx.[big(x) ∧ man(x)]	page 65, a line of the tree as the glyph rows read it
Figure 9	John Lyon	note	AP NP	page 65, a line of the tree as the glyph rows read it
Figure 9	John Lyon	note	λx.big(x) λx.man(x)	page 65, a line of the tree as the glyph rows read it
Figure 9	John Lyon	note	A t N	page 65, a line of the tree as the glyph rows read it
Figure 9	John Lyon	note	sílxʷaʔ sqəltmíxʷ	page 65, a line of the tree as the glyph rows read it
Figure 9	John Lyon	note	Figure 9. Complex Nominal Predicate	page 65, the figure's caption
§5	John Lyon	heading	5 Conclusions	page 65
§5	John Lyon	note	In this paper, I have investigated the semantic distribution of the de- terminer iʔ and the oblique marker t in Okanagan, and conclude that iʔ is best analyzed as a non-deictic contextually-sensitive domain restrictor. Because an iʔ DP can have widest scope interpretations in some contexts, the Okanagan data poses a challenge for Gillon (2009), who claims that deictic features force the widest scope readings characteristic of deictic DPs in other Salish languages. Okanagan iʔ shares many similarities with deictic determiners in Sḵwx̱ú7- mesh (Gillon, 2006) and assertion-of-existence determiners (Matthewson, 1998) in St’át’imcets, but allows for a wider range of readings, including narrow scope readings usually associated with non-deictic and non-assertion-of-existence determiners. The determiner iʔ does not presuppose or assert uniqueness or maximality, specificity, and is not an English-style or St’át’imcets-style indefi- nite, This survey has shown that iʔ is contextually sensitive, and that unlike the oblique marker t, which I have claimed is semantically vacuous, it permits co- referential readings. Furthermore, iʔ implies uniqueness/maximality of a refer- ent. This effect is partially achieved directly by domain restriction, but also via the scalar opposition between iʔ and the prefix kɬ- “have” in existential contexts, and between iʔ and the oblique marker t elsewhere. Both kɬ- and t are insensitive to the context, and are always non-specific.	page 65
§5	John Lyon	note	Gillon (2009) claims that domain restriction might apply vacuously in some cases, and Okanagan iʔ, provides evidence that this is correct, since iʔ is compatible with unrestricted existential and generic interpretations. This does not weaken the theory, since the semantics of iʔ allow vacuous domain restric- tion as a distinct possibility. On the contrary, the availability of both vacuous and non-vacuous domain restriction is correlated with two facts: (i) the semantic features of uniqueness and maximality associated with iʔ are only implied, not entailed; and (ii) there is no other contrastive determiner in Okanagan, and the availability of vacuous domain restriction essentially takes the place of an overt contrast in the system. In other words, vacuous domain restriction fills the space left by the absence of a contrastive, non-referential determiner.	page 65
§5	John Lyon	note	Despite a predictable syntactic distribution, the exclusive co-occurrence of Okanagan iʔ with the strong quantifier yaʕyáʕt “all”, and its sensitivity to context, suggests that it is semantically active, rather than simply an agreement or case marker.	page 65
§5	John Lyon	note	My analysis of t as semantically vacuous, but as an overt indicator of various covert operations involving two predicative-type constituents, builds on arguments made by Koch (2006). This approach allows a somewhat abstract, unified analysis of t across categories and uses.	page 66
§6	John Lyon	heading	6 Appendix: further questions	page 66
§6	John Lyon	note	There remain many unanswered questions, but I will briefly touch on just two of the most important ones:	page 66
§6.1	John Lyon	heading	6.1 Predicative readings of iʔ DPs	page 66
§6.1	John Lyon	note	Copular sentences in Okanagan present a problem for my analysis of iʔ DPs. Consider the examples in (134):110	page 66
footnote 110	John Lyon	note	See Mattina (2001, 226) for further data and discussion on copular constructions.	page 66, footnote 110
(134a) line 1	Okanagan	segmentation	Nancy iʔ səxʷm̓aʔm̓áyaʔm.	page 66
(134a) line 2	Okanagan	gloss	Nancy DET teacher	page 66
(134a) line 3	John Lyon	translation	Nancy is the/a teacher.	page 66
(134b) line 1	Okanagan	segmentation	ixíʔ iʔ ylmíxʷum uɬ iʔ lʕiw.	page 66
(134b) line 2	Okanagan	gloss	DEM DET chief CONJ DET father	page 66
(134b) line 3	John Lyon	translation	He is a chief and a father.	page 66
§6.1	John Lyon	note	Under most accounts, proper names (134a) and demonstratives (134b) denote entities. Assuming that it is always the case that iʔ DPs denote entities as well, we are faced with a problem in compositionality. If both the proper name, and the iʔ DP denote entities, then we are forced to admit the existence of a null cop- ula in Okanagan. The null copula might simply link two type e arguments, as in the following denotation:	page 66
(135) line 1	John Lyon	note	λxλy[x = y]	page 66, a formula
§6.1	John Lyon	note	Since we have seen that an iʔ DP does not require a maximal interpretation, then a proper noun entity like Nancy in (134a) may be equated to one, out of possibly many, entities which belong to the set səxʷm̓aʔm̓áyaʔm “teacher”, hence the availability of both definite and indefinite English translations for (134a).111	page 66
footnote 111	John Lyon	note	The identity of the individual selected by the determiner’s choice function in (134a) is not im- portant, as long as it just so happens that the individual selected is equivalent to Nancy. The identity relation is enforced by the copula, and the sentence could be false in one of two ways: (i) if an indi- vidual non-identical to Nancy were selected by the determiner’s choice function; and (ii) if Nancy were not a member of the set səxʷm̓aʔm̓áyaʔm “teacher”.	page 66, footnote 111
§6.1	Okanagan	cited form	səxʷm̓aʔm̓áyaʔm	page 66, in italics
§6.1	John Lyon	note	What (135) does not derive is the reading of (134a) where being a teacher is one of possibly many properties which Nancy has. Likewise with (134b), the copula in (135) does not derive the reading where the referent of the demonstra- tive has the properties of being a chief and a father, which is the most salient reading of this sentence. In order to derive these predicative readings, it is pos- sible to write a Pred type-shift (Partee, 1987) directly into the semantics of the copula, as in (136):	page 66
(136) line 1	John Lyon	note	λxλy[∪x(y)]	page 67, a formula
§6.1	John Lyon	note	This version of the copula transforms one of the entity-denoting arguments, pre- sumably the iʔ DP, into a property type.112	page 67
footnote 112	John Lyon	note	Partee (1987, 363) states that “Nom and Pred are more “substantive” in that they depend on the inclusion of properties or property-correlates among the entities”.	page 67, footnote 112
§6.2	John Lyon	heading	6.2 Restrictions on bound-variable readings	page 67
§6.2	John Lyon	note	Recall from section 3.1 that iʔ DPs permit e-type readings. I suggested that this is possible because, unlike St’át’imcets assertion-of-existence determin- ers (Matthewson, 2008), iʔ is not deictic, and so there is nothing to prevent a DP from being bound or varying across situations. Despite allowing e-type readings, bound-variable readings of iʔ DPs are absent in syntactic contexts resembling English donkey sentences. A bound variable reading of an iʔ DP in these con- texts is only licensed if there is overt possessor morphology on the noun:113	page 67
footnote 113	John Lyon	note	pro allows a bound variable readings:	page 67, footnote 113
footnote 113 (i) line 1	Okanagan	segmentation	iʔ tkɬmílxʷ ʔakɬ-automobil nyʕ̓ip ac-xʷk̓ʷ-st-ís pro.	page 67
footnote 113 (i) line 2	Okanagan	gloss	DET woman HAVE-automobile always CUST-clean-CAUS-3SG.ERG pro	page 67
footnote 113 (i) line 3	John Lyon	translation	A woman with a car always cleans it.	page 67
footnote 113	John Lyon	note	See also Matthewson (1999, 114-119) for data in St’át’imcets showing that possessor morphology is necessary for bound variable readings of assertion-of-existence DPs.	page 67, footnote 113
(137a) line 1	Okanagan	segmentation	iʔ tkɬmílxʷ ʔakɬ-automobil nyʕ̓ip c-xʷk̓ʷ-st-ís	page 67
(137a) line 2	Okanagan	gloss	DET woman HAVE-automobile always CUST-clean-CAUS-3SG.ERG	page 67
(137a) line 3	Okanagan	segmentation	iʔ automobile*(-s).	page 67
(137a) line 4	Okanagan	gloss	DET automobile*(-3SG.POSS)	page 67
(137a) line 5	John Lyon	translation	A woman with a car always cleans her car/the car.	page 67
(137b) line 1	Okanagan	segmentation	yaʕyáʕt iʔ sqəltmíxʷ ac-kʔámtiw̓s nyʕ̓ip	page 67
(137b) line 2	Okanagan	gloss	all DET man CUST-ride always	page 67
(137b) line 3	Okanagan	segmentation	ks-p̓íc̓aʔ-s iʔ kəwáp-s /	page 67
(137b) line 4	Okanagan	gloss	FUT-beat-(DIR)-3SG.ERG DET horse-3SG.POSS /	page 67
(137b) line 5	Okanagan	segmentation	*iʔ snkɬc̓aʔqáx̌aʔ.	page 67
(137b) line 6	Okanagan	gloss	*DET horse	page 67
(137b) line 7	John Lyon	translation	Every man who rides a horse beats his horse/the horse.	page 67
§6.2	John Lyon	note	The generalization seems to be that an individual denoted by an iʔ DP may vary across worlds and times, but that given a world or time, an iʔ DP may only denote a singular or plural individual. Following a line of argumentation similar to that put forth by Matthewson (2008) for St’át’imcets assertion-of- existence determiners, I claim that unlike in St’át’imcets, the absence of deictic presuppositions for Okanagan iʔ allows the situation argument of iʔ to be bound across worlds and times. For example, in modal contexts an iʔ DP may denote a non-specific individual from within a context set which is relativized to some non-actual world or set of worlds, and for propositions under the scope of a tem- poral adverbial, an iʔ DP may denote a non-specific individual from within a context set relativized to particular intervals or points of time.114	page 67
footnote 114	John Lyon	note	For example, (22), which exemplified an e-type reading of an iʔ DP might be understood as asserting that in all those worlds where Norman actually kills a deer, he wants someone to skin the deer that he kills in that world. Similarly, the bridging case in (23) asserts that for every time t that I visit some non-specific reserve y, I talk to the individual who is the chief of y at t. We have also seen more general cases of non-specific readings of iʔ DPs, as when they take narrow scope with respect to a temporal operator. For example, (49a) asserts that for every afternoon t, there is a letter x, such that x arrives at t.	page 68, footnote 114
§6.2	John Lyon	note	I speculate that if there are no temporal or modal operators present to bind the situation argument of the determiner, the situation argument will be closed, and an iʔ DP may then only denote one singular or plural individual in the world at which the main clause is evaluated. It is possible that quantified DPs can only distribute over events, and not entities, and that this property somehow stems from the fact that they are not generalized quantifiers. This may explain why distributive readings of t KPs in object position are possible, since these are incorporated objects of eventive predictes, and why distributivity over entities is blocked, since their reference is not dependent on an event variable. Even if distributivity over events is the crucial factor here, it still remains to be seen why possessor morphology within an iʔ DP licenses the bound-variable reading. It is possible that possessive pronouns link the situation argument of a determiner to an event, thereby making distributive and bound variable readings possible for just these cases. It may be necessary to revise the semantics of iʔ in order to more accurately reflect its sensitivity to variable binding, but I leave this for future work.	page 68
paradigms	John Lyon	heading	Pronominal paradigms: adapted from Mattina (1993a)	page 68
paradigms	John Lyon	note	INTRANSITIVE PARADIGMS	page 68, the table's caption
paradigms	John Lyon	note	ABSOLUTIVE POSSESSIVE	page 68, the table's column heads
paradigms	John Lyon	note	1SG	page 68, the row's head
paradigms	Okanagan	cited form	kn	page 68, 1SG, ABSOLUTIVE
paradigms	Okanagan	cited form	in-	page 68, 1SG, POSSESSIVE
paradigms	John Lyon	note	2SG	page 68, the row's head
paradigms	Okanagan	cited form	kʷ	page 68, 2SG, ABSOLUTIVE
paradigms	Okanagan	cited form	an-	page 68, 2SG, POSSESSIVE
paradigms	John Lyon	note	3SG	page 68, the row's head
paradigms	Okanagan	cited form	⊘	page 68, 3SG, ABSOLUTIVE
paradigms	Okanagan	cited form	-s	page 68, 3SG, POSSESSIVE
paradigms	John Lyon	note	1PL	page 68, the row's head
paradigms	Okanagan	cited form	kʷu	page 68, 1PL, ABSOLUTIVE
paradigms	Okanagan	cited form	-tt	page 68, 1PL, POSSESSIVE
paradigms	John Lyon	note	2PL	page 68, the row's head
paradigms	Okanagan	cited form	p	page 68, 2PL, ABSOLUTIVE
paradigms	Okanagan	cited form	-mp	page 68, 2PL, POSSESSIVE
paradigms	John Lyon	note	3PL	page 68, the row's head
paradigms	Okanagan	cited form	-lx	page 68, 3PL, ABSOLUTIVE
paradigms	Okanagan	cited form	-s-lx	page 68, 3PL, POSSESSIVE
paradigms	John Lyon	note	TRANSITIVE PARADIGMS	page 69, the table's caption
paradigms	John Lyon	note	GENITIVE OBJECT/ POSSESSOR SUBJECT ERGATIVE SUBJECT/ ABSOLUTIVE OR SUFFIXAL OBJECT	page 69, the table's column heads
paradigms	John Lyon	note	1SG	page 69, the row's head
paradigms	Okanagan	cited form	kʷu / in-	page 69, 1SG, GENITIVE OBJECT/ POSSESSOR SUBJECT
paradigms	Okanagan	cited form	-(i)n / kʷu	page 69, 1SG, ERGATIVE SUBJECT/ ABSOLUTIVE OR SUFFIXAL OBJECT
paradigms	John Lyon	note	2SG	page 69, the row's head
paradigms	Okanagan	cited form	kʷ / an-	page 69, 2SG, GENITIVE OBJECT/ POSSESSOR SUBJECT
paradigms	Okanagan	cited form	-(i)xʷ / -s,-m	page 69, 2SG, ERGATIVE SUBJECT/ ABSOLUTIVE OR SUFFIXAL OBJECT
paradigms	John Lyon	note	3SG	page 69, the row's head
paradigms	Okanagan	cited form	⊘ / -s	page 69, 3SG, GENITIVE OBJECT/ POSSESSOR SUBJECT
paradigms	Okanagan	cited form	-(i)s / -⊘	page 69, 3SG, ERGATIVE SUBJECT/ ABSOLUTIVE OR SUFFIXAL OBJECT
paradigms	John Lyon	note	1PL	page 69, the row's head
paradigms	Okanagan	cited form	kʷu +	page 69, 1PL, GENITIVE OBJECT/ POSSESSOR SUBJECT
paradigms	Okanagan	cited form	-(i)m,-t / kʷu ... m	page 69, 1PL, ERGATIVE SUBJECT/ ABSOLUTIVE OR SUFFIXAL OBJECT
paradigms	John Lyon	note	2PL	page 69, the row's head
paradigms	Okanagan	cited form	p / -mp	page 69, 2PL, GENITIVE OBJECT/ POSSESSOR SUBJECT
paradigms	Okanagan	cited form	-(i)p / -ɬ(ul)m	page 69, 2PL, ERGATIVE SUBJECT/ ABSOLUTIVE OR SUFFIXAL OBJECT
paradigms	John Lyon	note	3PL	page 69, the row's head
paradigms	Okanagan	cited form	⊘ / -s-lx	page 69, 3PL, GENITIVE OBJECT/ POSSESSOR SUBJECT
paradigms	Okanagan	cited form	-(i)s-lx / -lx	page 69, 3PL, ERGATIVE SUBJECT/ ABSOLUTIVE OR SUFFIXAL OBJECT
abbreviations	John Lyon	heading	Abbreviations	page 69
abbreviations	John Lyon	note	ABS	page 69, a glossing abbreviation, on the left
abbreviations	John Lyon	note	absolutive	page 69, the meaning of ABS
abbreviations	John Lyon	note	GEN	page 69, a glossing abbreviation, on the right
abbreviations	John Lyon	note	genitive object	page 69, the meaning of GEN
abbreviations	John Lyon	note	APPL	page 69, a glossing abbreviation, on the left
abbreviations	John Lyon	note	transitive applicative	page 69, the meaning of APPL
abbreviations	John Lyon	note	IMPF	page 69, a glossing abbreviation, on the right
abbreviations	John Lyon	note	imperfective	page 69, the meaning of IMPF
abbreviations	John Lyon	note	CAUS	page 69, a glossing abbreviation, on the left
abbreviations	John Lyon	note	causative transitivizer	page 69, the meaning of CAUS
abbreviations	John Lyon	note	INDEP	page 69, a glossing abbreviation, on the right
abbreviations	John Lyon	note	independent pronoun	page 69, the meaning of INDEP
abbreviations	John Lyon	note	CISL	page 69, a glossing abbreviation, on the left
abbreviations	John Lyon	note	cislocative	page 69, the meaning of CISL
abbreviations	John Lyon	note	INSTR	page 69, a glossing abbreviation, on the right
abbreviations	John Lyon	note	instrumental	page 69, the meaning of INSTR
abbreviations	John Lyon	note	COMP	page 69, a glossing abbreviation, on the left
abbreviations	John Lyon	note	complementizer	page 69, the meaning of COMP
abbreviations	John Lyon	note	INTR	page 69, a glossing abbreviation, on the right
abbreviations	John Lyon	note	intransitivizer	page 69, the meaning of INTR
abbreviations	John Lyon	note	CONJ	page 69, a glossing abbreviation, on the left
abbreviations	John Lyon	note	conjunction	page 69, the meaning of CONJ
abbreviations	John Lyon	note	IRED	page 69, a glossing abbreviation, on the right
abbreviations	John Lyon	note	initial reduplication	page 69, the meaning of IRED
abbreviations	John Lyon	note	CUST	page 69, a glossing abbreviation, on the left
abbreviations	John Lyon	note	customary/habitual	page 69, the meaning of CUST
abbreviations	John Lyon	note	LOC	page 69, a glossing abbreviation, on the right
abbreviations	John Lyon	note	locative	page 69, the meaning of LOC
abbreviations	John Lyon	note	DEM	page 69, a glossing abbreviation, on the left
abbreviations	John Lyon	note	demonstrative	page 69, the meaning of DEM
abbreviations	John Lyon	note	MID	page 69, a glossing abbreviation, on the right
abbreviations	John Lyon	note	middle marker	page 69, the meaning of MID
abbreviations	John Lyon	note	DEON	page 69, a glossing abbreviation, on the left
abbreviations	John Lyon	note	deontic modal	page 69, the meaning of DEON
abbreviations	John Lyon	note	NEG	page 69, a glossing abbreviation, on the right
abbreviations	John Lyon	note	negative	page 69, the meaning of NEG
abbreviations	John Lyon	note	DET	page 69, a glossing abbreviation, on the left
abbreviations	John Lyon	note	determiner	page 69, the meaning of DET
abbreviations	John Lyon	note	NOM	page 69, a glossing abbreviation, on the right
abbreviations	John Lyon	note	nominalizer	page 69, the meaning of NOM
abbreviations	John Lyon	note	DIR	page 69, a glossing abbreviation, on the left
abbreviations	John Lyon	note	directive transitivizer	page 69, the meaning of DIR
abbreviations	John Lyon	note	OBJ	page 69, a glossing abbreviation, on the right
abbreviations	John Lyon	note	object marker	page 69, the meaning of OBJ
abbreviations	John Lyon	note	DITR	page 69, a glossing abbreviation, on the left
abbreviations	John Lyon	note	ditransitive applicative	page 69, the meaning of DITR
abbreviations	John Lyon	note	OBL	page 69, a glossing abbreviation, on the right
abbreviations	John Lyon	note	oblique marker	page 69, the meaning of OBL
abbreviations	John Lyon	note	EMPH	page 69, a glossing abbreviation, on the left
abbreviations	John Lyon	note	emphatic	page 69, the meaning of EMPH
abbreviations	John Lyon	note	PASS	page 69, a glossing abbreviation, on the right
abbreviations	John Lyon	note	passive	page 69, the meaning of PASS
abbreviations	John Lyon	note	EPIS	page 69, a glossing abbreviation, on the left
abbreviations	John Lyon	note	epistemic modal	page 69, the meaning of EPIS
abbreviations	John Lyon	note	PERF	page 69, a glossing abbreviation, on the right
abbreviations	John Lyon	note	perfective	page 69, the meaning of PERF
abbreviations	John Lyon	note	ERG	page 69, a glossing abbreviation, on the left
abbreviations	John Lyon	note	ergative case	page 69, the meaning of ERG
abbreviations	John Lyon	note	PL	page 69, a glossing abbreviation, on the right
abbreviations	John Lyon	note	plural	page 69, the meaning of PL
abbreviations	John Lyon	note	EXIS	page 69, a glossing abbreviation, on the left
abbreviations	John Lyon	note	assertion-of-existence	page 69, the meaning of EXIS
abbreviations	John Lyon	note	POSS	page 69, a glossing abbreviation, on the right
abbreviations	John Lyon	note	possessive	page 69, the meaning of POSS
abbreviations	John Lyon	note	EVID	page 69, a glossing abbreviation, on the left
abbreviations	John Lyon	note	evidential	page 69, the meaning of EVID
abbreviations	John Lyon	note	SG	page 69, a glossing abbreviation, on the right
abbreviations	John Lyon	note	singular	page 69, the meaning of SG
abbreviations	John Lyon	note	FRED	page 69, a glossing abbreviation, on the left
abbreviations	John Lyon	note	final reduplication	page 69, the meaning of FRED
abbreviations	John Lyon	note	U.POSS	page 69, a glossing abbreviation, on the right
abbreviations	John Lyon	note	unrealized possessor	page 69, the meaning of U.POSS
abbreviations	John Lyon	note	FOC	page 69, a glossing abbreviation, on the left
abbreviations	John Lyon	note	focus marker	page 69, the meaning of FOC
abbreviations	John Lyon	note	YNQ	page 69, a glossing abbreviation, on the right
abbreviations	John Lyon	note	yes/no question	page 69, the meaning of YNQ
abbreviations	John Lyon	note	FUT	page 69, a glossing abbreviation, on the left
abbreviations	John Lyon	note	future	page 69, the meaning of FUT
references	John Lyon	heading	References	page 69
references	John Lyon	reference	Aygen-Tosun, G. (1999). Specificity and subject-object positions/scope interac- tions in Turkish. In Papers for the First Manchester Conference on Turkish Languages.	page 69
references	John Lyon	reference	Barthmaier, P. (2002). Transitivity and lexical suffixes in Okanagan. In Papers for the 37th Annual International Conference on Salish and Neighboring Lan- guages, Volume 9, pp. 1–17. UBCWPL.	page 69
references	John Lyon	reference	Barwise, J. and R. Cooper (1981). Generalized quantifiers and natural language. Linguistics and Philosophy 4, 159–219.	page 69
references	John Lyon	reference	Bittner, M. and K. Hale (1996). The structural determination of case and agree- ment. Linguistic Inquiry 27, 1–68.	page 69
references	John Lyon	reference	Carlson, G. (1977). Reference to Kinds in English. Ph. D. thesis, University of Massachusetts, Amherst.	page 70
references	John Lyon	reference	Carlson, G. (2006). The meaningful bounds of incorporation. In S. Vogeleer and L. Tasmowski (Eds.), Non-definiteness and plurality, pp. 35–50. John Ben- jamins.	page 70
references	John Lyon	reference	Chung, S. and W. Ladusaw (2004). Restriction and saturation. Cambridge, MA: MIT Press.	page 70
references	John Lyon	reference	Davis, H. (1994). Tali-ho! In Papers for the 29th Annual International Confer- ence on Salish and Neighboring Languages, pp. 117–144.	page 70
references	John Lyon	reference	Davis, H. (2010). Salish Languages lack generalized quantifiers after all! In Proceeding of Semantics and Linguistic Theory (SALT) 20.	page 70
references	John Lyon	reference	Davis, H. and L. Matthewson (2009). Issues in Salish Syntax and Semantics. Language and Linguistic Compass 3.	page 70
references	John Lyon	reference	Demirdache, H. (1996). The chief of the United States sentences in St’át’imcets (Lillooet Salish): A cross-linguistic asymmetry in the temporal interpretation of noun phrases and its implications. In Papers for the 31st Annual Interna- tional Conference on Salish and Neighboring Languages, pp. 79–100.	page 70
references	John Lyon	reference	Diesing, M. (1992). Indefinites. Cambridge, MA: MIT Press.	page 70
references	John Lyon	reference	Enç, M. (1991). The semantics of specificity. Linguistic Inquiry 22, 1–25.	page 70
references	John Lyon	reference	Frege, G. (1997 [1892]). On Sense and Reference. In P. Ludlow (Ed.), Readings in the Philosophy of Language, pp. 563–583. MIT Press.	page 70
references	John Lyon	reference	Gardiner, D. (1993). Structural Asymmetries and Preverbal Positions in Shuswap. Ph. D. thesis, Simon Fraser University, Burnaby, BC.	page 70
references	John Lyon	reference	Gardiner, D. (1996). Determiner Phrases in Secwepmectsin (Shuswap). In Pa- pers for the 31st Annual International Conference on Salish and Neighboring Languages, pp. 175–184.	page 70
references	John Lyon	reference	Gerdts, D. B. and T. E. Hukari (2003). The expression of NPs in Halkomelem texts. In Papers for the 38th Annual International Conference on Salish and Neighboring Languages, Volume 11 of University of British Columbia Work- ing Papers in Linguistics, pp. 91–126. UBCWPL.	page 70
references	John Lyon	reference	Gillon, C. (2006). The semantics of determiners: domain restrictions in Sḵwx̱ú7mesh. Ph. D. thesis, University of British Columbia, Vancouver, BC.	page 70
references	John Lyon	reference	Gillon, C. (2009). The semantic core of determiners: Evidence from Sḵwx̱ú7mesh. In J. Ghomeshi, I. Paul, and M. Wiltschko (Eds.), Determin- ers: Universals and variation, pp. 177–214. John Benjamins.	page 70
references	John Lyon	reference	Heim, I. (1982). The semantics of definite and indefinite noun phrases. Ph. D. thesis, University of Massachusetts, Amherst.	page 70
references	John Lyon	reference	Heim, I. (2011). Definiteness and Indefiniteness, Volume 1 of An International Handbook of Natural Language Meaning. De Gruyter.	page 70
references	John Lyon	reference	Heim, I. and A. Kratzer (1998). Semantics in Generative Grammar. Malden, Massachusetts: Blackwell Publishing.	page 70
references	John Lyon	reference	Koch, K. (2006). Nominal Modification in Nɬeʔkepmxcín. In Papers for the 41st Annual International Conference on Salish and Neighboring Languages, Volume 18 of University of British Columbia Working Papers in Linguistics, Vancouver, BC. UBCWPL.	page 70
references	John Lyon	reference	Kroeber, P. (1999). The Salish Language Family: Reconstructing Syntax. Lin- coln, Nebraska: University of Nebraska Press.	page 71
references	John Lyon	reference	Lewis, D. (1979). Scorekeeping in a language game. Journal of Philosophic Logic 8, 339–359.	page 71
references	John Lyon	reference	Longobardi, G. (1994). Proper names and the theory of n-movement in syntax and logical form. Linguistic Inquiry 25, 609–655.	page 71
references	John Lyon	reference	Ludlow, P. and S. Neale (1991). Indefinite descriptions: In defence of Russell. Linguistics and Philosophy 14, 171–202.	page 71
references	John Lyon	reference	Lyon, J. (2010). Nominal Modification in Upper Nicola Okanagan: A Working Paper. In Papers for the 45th Annual International Conference on Salish and Neighboring Languages, pp. 199–233.	page 71
references	John Lyon	reference	Lyon, J. (2011). The syntax of Okanagan determiner phrases. in preparation.	page 71
references	John Lyon	reference	Matthewson, L. (1998). Determiner Systems and Quantificational Strategies: Evidence from Salish. The Hague: Holland Academic Graphics.	page 71
references	John Lyon	reference	Matthewson, L. (1999). On the interpretation of wide scope indefinites. Natural Language Semantics 7, 79–134.	page 71
references	John Lyon	reference	Matthewson, L. (2001). Quantification and the Nature of Cross-Linguistic Varia- tion. Natural Language Semantics 9, 145–189.	page 71
references	John Lyon	reference	Matthewson, L. (2008). Pronouns, presuppositions, and semantic variation. In T. Friedman and S. Ito (Eds.), Proceedings of SALT XVIII, Ithaca, NY.	page 71
references	John Lyon	reference	Mattina, A. (1973). Colville Grammatical Structures. Ph. D. thesis, University of Hawaii.	page 71
references	John Lyon	reference	Mattina, A. (1982). The Colville-Okanagan Transitive System. International Journal of American Linguistics 48, 421–435.	page 71
references	John Lyon	reference	Mattina, A. (1987). Colville-Okanagan Dictionary. University of Montana Occasional Papers in Linguistics 7.	page 71
references	John Lyon	reference	Mattina, A. (1993a). Okanagan Aspect: A Working Paper. In Papers for the 28th Annual International Conference on Salish and Neighboring Languages, pp. 233–263.	page 71
references	John Lyon	reference	Mattina, A. (2001). Okanagan sentence types: A preliminary working paper. In L. Bar-el, L. T. Watt, and I. Wilson (Eds.), Papers for the 36th Annual In- ternational Conference on Salish and Neighboring Languages, Volume 6, pp. 215–236. UBCWPL.	page 71
references	John Lyon	reference	Mattina, A. and M. DeSautel (2002). Dora Noyes DeSautel ɬaʔ kɬcaptíkʷɬ, Vol- ume 15 of University of Montana Occasional Papers in Linguistics. Missoula, MT: University of Montana Occasional Papers in Linguistics.	page 71
references	John Lyon	reference	Mattina, A. and N. Mattina (1995). Okanagan ks- and kɬ-. In Papers for the 31st Annual International Conference on Salish and Neighboring Languages.	page 71
references	John Lyon	reference	Mattina, N. (1993b). Some Lexical Properties of Colville-Okanagan Ditransi- tives. In Papers for the 28th Annual International Conference on Salish and Neighboring Languages, pp. 265–284.	page 71
references	John Lyon	reference	Mattina, N. (2002). Notes on determiner phrases in Moses-Columbia Salish. In Papers for the 37th Annual International Conference on Salish and Neighbor- ing Languages, Volume 9 of University of British Columbia Working Papers in Linguistics, pp. 261–286. UBCWPL.	page 71
references	John Lyon	reference	Mattina, N. (2006). Determiner Phrases in Moses-Columbian Salish. Interna- tional Journal of American Linguistics 72(1), 97–134.	page 72
references	John Lyon	reference	Milsark, G. (1977). Toward an explanation of certain peculiarities of the existen- tial construction in English. Linguistic Analysis 3, 1–29.	page 72
references	John Lyon	reference	Partee, B. (1987). Noun Phrase Interpretation and Type-shifting Principles. In Formal Semantics: The Essential Readings. Blackwell Publishing.	page 72
references	John Lyon	reference	Reinhart, T. (1997). Quantifier scope: How labor is divided between qr and choice functions. Linguistics and Philosophy 20, 335–397.	page 72
references	John Lyon	reference	Russell, B. (1998 [1905]). On denoting. In G. Ostertag (Ed.), Definite Descrip- tions: A Reader, Cambridge, MA, pp. 35–49. MIT Press.	page 72
references	John Lyon	reference	Sharvy, R. (1980). A more general theory of definite descriptions. The Philo- sophical Review 89, 607–624. van Eijk, J. P. (1997). The Lillooet Language: Phonology, Morphology, Syntax. Vancouver: UBC Press. von Fintel, K. (2004). A minimal theory of adverbial quantification. In B. Partee and H. Kamp (Eds.), Context-Dependence in the Analysis of Linguistic Mean- ing, pp. 137–175. Elsevier.	page 72
references	John Lyon	reference	Zamparelli, R. (1995). Layers in the Determiner Phrase. Ph. D. thesis, Univer- sity of Rochester, New York. John Lyon johnlyon@interchange.ubc.ca metalinguist@gmail.com	page 72
