where	who	kind	form	gloss
front	Nile R. Thompson, C. Dale Sloat	title	Twana and the difficult language belief	page 1, carries footnote *
front	Nile R. Thompson, C. Dale Sloat	name	Nile R. Thompson	author
front	Nile R. Thompson, C. Dale Sloat	name	C. Dale Sloat	author
front	Nile R. Thompson, C. Dale Sloat	note	Dushuyay Research/	page 1, under Nile R. Thompson
front	Nile R. Thompson, C. Dale Sloat	note	North Seattle Community College	page 1, under C. Dale Sloat
front	Nile R. Thompson, C. Dale Sloat	note	Certain Southern Puget Sound Salish speakers believed that the neighboring Twana language was difficult to learn as a second language. This belief was said to have been why few of them or other outsiders learned Twana and why the Twana were more bilingual than others in a region noted for bilingualism. A reappraisal of data shows Twana was not anomalous and that a degree of mutual intelligibility, rather than bilingualism, accounted for much of the interlanguage communication in the area. Furthermore, the precontact belief about a difficult language actually concerned not Twana but the unrelated language of a neighboring tribe. The belief was applied to Twana only after many Southern Puget Sound Salish speakers moved onto the Skokomish Reservation and the language previously labeled as difficult all but died. Following the subsequent virtual death of the Twana language, new language beliefs are emerging in the region.	page 1, the abstract
front	Nile R. Thompson, C. Dale Sloat	language	Twana	the language of the paper
footnote *	Nile R. Thompson, C. Dale Sloat	note	First, we thank those whose culture we are dealing with and who graciously provided information regarding their language, namely the following late members of the Skokomish Indian Tribe: Louisa Jones Pulsifer, Joseph Andrews, Sr., and Shirley Allen Weidman. Laurel Sercombe, archivist of the Ethnomusicology Program at the University of Washington, kindly provided encouragement and suggestions. David Buerge provided useful suggestions and intellectual observations. Next, we thank those individuals who provided archival recordings, transcriptions and article reprints: the late M. Dale Kinkade, the late Delmar Nordquist, Gaberell Drachman and the late Bill Elmendorf. Then, we thank Thompson’s fieldwork funding source, the Endangered Language Fund in 1998; those who assisted during field work recording on the Skokomish Reservation, including Bonnie Graft, and Marlene Andrews; and others who made the hours during lunch and after field work a pleasant, stimulating time, including: Roslynne and David Reed, the late Anne Pavel, Emmett Oliver, the late Ken Graft and the late G. Bruce Miller.	page 1, footnote *, on the title
footnote *	Nile R. Thompson, C. Dale Sloat	name	Elmendorf	William W. Elmendorf (1951, 1960, 1993), the Twana ethnographer
footnote *	Nile R. Thompson, C. Dale Sloat	name	Drachman	Gaberell Drachman (1969), the Twana phonology
footnote *	Nile R. Thompson, C. Dale Sloat	name	Miller	Jay Miller, who explained Twana as word taboo
footnote *	Nile R. Thompson, C. Dale Sloat	name	Weidman	Shirley Allen Weidman, a Skokomish speaker
§1	Nile R. Thompson, C. Dale Sloat	heading	1 Introduction	page 1
§1	Nile R. Thompson, C. Dale Sloat	note	The Twana are a Coast Salish people of western Washington State.1 Their traditional territory was one of two salt-water basins between the Olympic and Cascade mountain ranges. The region surrounding their aboriginal home was rich in tribal and linguistic diversity. Most of the traditional languages of the region are members of the Salishan family.	page 1
footnote 1	Nile R. Thompson, C. Dale Sloat	note	For a brief history of the Twana, see N. Thompson (1994). A treatment of precontact Twana culture and society is found in Elmendorf (1960), while those topics for the early reservation-period are covered in Eells (1985).	page 1, footnote 1
§1	Nile R. Thompson, C. Dale Sloat	language	Coast Salish	the branch Twana belongs to
§1	Nile R. Thompson, C. Dale Sloat	note	In the late nineteenth century, several decades after contact and with the establishment of the reservation system, the notion was first recorded that the language of the Twana was believed by their neighbors to be difficult to learn as a second language. Versions of this belief were then recorded over the next one hundred years. Explanations were also given as to why Twana was hard to learn. The conclusion reached by researchers was that in precontact times the Difficult Language Belief (hereafter DLB) caused the Twana to compensate for their neighbors having trouble with the Twana language by becoming almost universally bilingual. This compensation, it is said, meant that almost none of the surrounding people bothered to learn the Twana language.	page 2
§1	Nile R. Thompson, C. Dale Sloat	note	Following a presentation of the DLB, supporting observations and the consensus on the precontact situation, we examine the validity of the supporting observations. Based on a century of firsthand language use observations, we then offer a reappraisal of how and when the DLB came to be applied to the Twana. We conclude that Twana was never really a difficult language to learn.	page 2
§2	Nile R. Thompson, C. Dale Sloat	heading	2 Background	page 2
§2	Nile R. Thompson, C. Dale Sloat	note	The Twana (also spelled Twanoh or, more accurately, Tuanook) were the original occupants of the Hood Canal watershed below the eastern slope of the Olympic Mountains and spoke a language distinct from those of their neighbors. Their territory occupied approximately 750 square miles (Drachman 1969:3). The largest of about ten Twana tribes, the Skokomish (‘big-river people’) lived in six settlements along the Skokomish River. Other Twana tribes included the Hoodsport, Quilcene and Duhlelap (in the area of modern-day Belfair). Larger communities were stratified into a number of social classes while smaller ones, like Vance Creek, were egalitarian. Members of the upper class filled a number of professional positions, serving as politicians, doctors (or shaman), canoe makers, basket weavers, hunters, warriors and herbalists. For the upper class, exogamous marriages were the norm and partners were often of distant lands, the goal being to establish and maintain economics-based unions between families.	page 2
§2	Nile R. Thompson, C. Dale Sloat	note	The Twana were never very numerous, their numbers being far smaller than those of their immediate Salishan neighbors. Their population at the time of first contact in 1792, already diminished by a smallpox epidemic, is estimated at 774 – far below the estimated 11,835 Puget Sound Salish, 3,208 Klallam, and 2,880 Upper Chehalis. Of the tribes of the region only the non-Salishan Chimakum2 to the north are estimated to have had a smaller population at but 260 (Boyd 1999:264-65).	page 2
footnote 2	Nile R. Thompson, C. Dale Sloat	note	In addition to the spelling Chimakum, the name for these people and their language also has the spellings Chimacum, Chemakum and Tsemakum.	page 2, footnote 2
§2	Nile R. Thompson, C. Dale Sloat	language	Puget Sound Salish	the neighboring language, Lushootseed
§2	Nile R. Thompson, C. Dale Sloat	language	Klallam	a Straits Salish language
§2	Nile R. Thompson, C. Dale Sloat	language	Chimakum	the unrelated language the belief first concerned
§2	Nile R. Thompson, C. Dale Sloat	language	Upper Chehalis	Tsamosan
§2	Nile R. Thompson, C. Dale Sloat	note	The Puget Sound Salish language, of the Puget Sound basin east of Hood Canal, was the dominant language of the region simply by virtue of its large number of speakers. Its dialects, each spoken by a tribal group in a distinct watershed, fell into two major groups: the northern comprised Snohomish, Skagit and Sauk-Suiattle while the southern included Skykomish, Snoqualmie, Suquamish, Duwamish, Puyallup, Steilacoom, Nisqually and Sahewamish (see Bates et al. 1994:vii-ix). The dividing line between the dialect groups was approximately today’s Snohomish-King county line (Hess 1976:xii).	page 2
§2	Nile R. Thompson, C. Dale Sloat	note	Initially Puget Sound Salish was called Nisqually (or Niskwalli). At times the southern dialects have been termed Nisqually or Puyallup and the northern, Skagit. Later the language became known as Puget Sound Salish, which was then shortened to Puget Salish (with the disadvantage of seeming to be named after a British explorer rather than the geography). Northern Puget Sound Salish is today also called Lushootseed while Southern Puget Sound Salish is also referred to as Whulshootseed.	page 3
§2	Nile R. Thompson, C. Dale Sloat	language	Lushootseed	Puget Sound Salish
§2	Nile R. Thompson, C. Dale Sloat	note	The Twana, Klallam and Chimakum signed a treaty with the United States government in 18553 and, following its ratification in 1859, a reservation was established for them all at the mouth of the Skokomish River. While most of the Twana moved onto the reservation, very few Klallam and Chimakum did. In time, all of the Indians of the early reservation became known as the Skokomish Tribe, regardless of their origin. Today, the reservation is home to more than 500 of the 807 enrolled members of the Skokomish Indian Tribe (Skokomish Culture and Art Committee 2002:77)	page 3
footnote 3	Nile R. Thompson, C. Dale Sloat	note	Western Washington treaty dates are often confused by latter-day researchers. While Drachman (1969:3) correctly identifies 1855 as the year the Treaty of Point No Point was signed, Elmendorf (1958:4) incorrectly gives the date as 1858, and Nordquist and Nordquist (1983:vii) list 1856.	page 3, footnote 3
§3	Nile R. Thompson, C. Dale Sloat	heading	3 DLB and Twana	page 3
§3	Nile R. Thompson, C. Dale Sloat	note	The first written characterization of the Twana language as hard to learn appears in the work of a Congregationalist missionary. The Reverend Myron Eells arrived on the Skokomish Reservation in 1874 and there heard the DLB.4	page 3
footnote 4	Nile R. Thompson, C. Dale Sloat	note	Even though his “specific purpose at Skokomish was … the religious salvation of the Indian” (Castile 1985:xix), Eells was interested in more than religion and conversion. He authored no fewer than 85 publications, many on the ethnography of the region, including valuable articles in the American Antiquarian and Oriental Journal and the American Anthropologist.	page 3, footnote 4
§3	Nile R. Thompson, C. Dale Sloat	name	Eells	Myron Eells (1985), the missionary
§3	Nile R. Thompson, C. Dale Sloat	note	EELLS:5 [Twana] is generally considered a difficult language to learn . . . (Eells n.d.:61)	page 3
footnote 5	Nile R. Thompson, C. Dale Sloat	note	Because it is important to know whose voice is represented in a given statement concerning the DLB, we identify the source of the claim or observation at the start of the quote.	page 3, footnote 5
§3	Nile R. Thompson, C. Dale Sloat	note	The Twana language . . . is said to be [a] difficult [one] to learn . . . (Eells 1886:34)	page 3
§3	Nile R. Thompson, C. Dale Sloat	note	One of those attending Eells’ Sunday school classes was Henry Allen (Elmendorf 1960:6). Allen (ca. 1865-1956) was a Skokomish Twana who moved onto the reservation when he was three years old (US Census 1880). He too heard the DLB expressed.	page 3
§3	Nile R. Thompson, C. Dale Sloat	name	Henry Allen	a Twana speaker, Elmendorf's consultant
§3	Nile R. Thompson, C. Dale Sloat	note	H. ALLEN: “I [have heard] Puget Sound people say to Twana people, ‘Oh, your language is hard to learn.” (Elmendorf 1960:282)	page 4
§3	Nile R. Thompson, C. Dale Sloat	note	Anthropologist William Elmendorf conducted field work with three elderly males on and near the Skokomish Reservation periodically from 1934 to 1940. His principal native consultants were Henry Allen and his brother Frank (ca. 1858-1945). Although neither of the Allens was born before the treaty, Elmendorf’s goal was to produce an ethnography of the precontact Twana (Elmendorf 1958:17).	page 4
§3	Nile R. Thompson, C. Dale Sloat	note	ELMENDORF: Twana was regarded by speakers of neighboring languages as a difficult idiom to master, as Eells also attests (1886) for the early reservation period. … [It was] a linguistic situation, somewhat peculiar in the general area, where one language was signaled out as too difficult to learn. … [The Twana were] a group whose own language was reputed too hard to learn. (Elmendorf 1960:281, 283)	page 4
§3	Nile R. Thompson, C. Dale Sloat	note	The first linguist to mention the Twana DLB was Gaberell Drachman, a University of Chicago student, who conducted fieldwork on the Skokomish Reservation during the summers of 1963-65.	page 4
§3	Nile R. Thompson, C. Dale Sloat	note	DRACHMAN: ‘Everyone [from outside] said it was too hard’ [to learn Twana] (informant comment). (Drachman 1969:12)	page 4
§3.1	Nile R. Thompson, C. Dale Sloat	heading	3.1 Corollary belief	page 4
§3.1	Nile R. Thompson, C. Dale Sloat	note	Saying that Twana was a difficult language to learn presupposes that other languages were simpler. Both Eells and Henry Allen heard that the southern dialects of the neighboring Puget Sound Salish language were easier to learn than Twana.	page 4
§3.1	Nile R. Thompson, C. Dale Sloat	note	EELLS: The Nisqually [language] is said to be much easier … to learn … (Eells 1886:34)	page 4
§3.1	Nile R. Thompson, C. Dale Sloat	note	H. ALLEN: The Puget Sound language … is said to be “easy to learn, for … an Indian." … And it is not hard for us to learn another [Coast Salish] language, but it is hard for those people to learn our language. (Elmendorf 1960:278, 281)	page 4
§3.1	Nile R. Thompson, C. Dale Sloat	note	Allen’s daughter, Shirley Allen Weidman (1923-99), added that white residents of the area unfavorably compared learning Twana to learning the southern Puget Sound Salish dialects.	page 4
§3.1	Nile R. Thompson, C. Dale Sloat	note	WEIDMAN: They [the whites] say the Skokomish language is so hard . . . [compared to the] Puyallup [dialect] … (Lund n.d.)	page 5
§3.2	Nile R. Thompson, C. Dale Sloat	heading	3.2 Limitation on claim	page 5
§3.2	Nile R. Thompson, C. Dale Sloat	note	The DLB did not apply to every language learner. There has been no suggestion that the claimed difficulty in learning ever applied to first language learners. First language and second language learners were distinguished within the ethnolinguistics of the area, which explained why children were able to learn a language so much more quickly and effortlessly than older learners.	page 5
§3.2	Nile R. Thompson, C. Dale Sloat	note	In the Twana world view, which was similar to those of other Coast Salish peoples of the region, a soul is reborn as a baby in the same community in which it had previously lived. This belief in a patterned reincarnation holds that an infant is not saddled with the task of learning a language for the first time but rather has an innate knowledge of that language gained from past life – it has only to remember the language of its village to (again) become a fluent speaker (see N. Thompson 1985:91-106). Thus, regarding first-language acquisition, the Southern Coast Salish6 had no reason to think one language was any more difficult than another. Because first language learners, no matter what their language, were thought by the Twana to be relearning their former first language, the Twana would have agreed with linguists today who claim that for infants all languages present equal challenges. In this region, rife with distant marriages, opinions on comparative complexity in language learning were restricted to the acquisition of a second language.	page 5
footnote 6	Nile R. Thompson, C. Dale Sloat	note	We use Southern Coast Salish in the manner of Suttles (1977) and Suttles and Lane (1990) to encompass the Twana of Hood Canal and the Puget Sound Salish of Puget Sound.	page 5, footnote 6
footnote 6	Nile R. Thompson, C. Dale Sloat	name	Suttles	Wayne Suttles (1977)
§3.3	Nile R. Thompson, C. Dale Sloat	heading	3.3 Supporting observations	page 5
§3.3	Nile R. Thompson, C. Dale Sloat	note	In this section we will review that part of the literature and archival record that consists of observations provided as support for the DLB and the academic hypotheses that developed from them. These claims fall into five categories: Twana wasn’t learned by individuals from other tribes, Twana wasn’t learned by whites, Twana had longer word length than neighboring languages, Twana had a more difficult phonology and, while others didn’t learn the Twana language, Twana speakers did learn the neighboring languages.	page 5
§3.3.1	Nile R. Thompson, C. Dale Sloat	heading	3.3.1 Limited learning	page 5
§3.3.1	Nile R. Thompson, C. Dale Sloat	note	The observation that few individuals from other tribes learned Twana as a second language was first expressed in print by Eells.	page 5
§3.3.1	Nile R. Thompson, C. Dale Sloat	note	EELLS: [Twana] is spoken very little by Indians of any other tribe … (Eells n.d.:61)	page 5
§3.3.1	Nile R. Thompson, C. Dale Sloat	note	This claim was later echoed by a Puget Sound Salish individual who viewed it as a reason why the Twana were more bilingual than others in the region.	page 6
§3.3.1	Nile R. Thompson, C. Dale Sloat	note	Jerry Meeker (1862-1955) was born to a woman from Minter on Glen Cove and a Skykomish man from Gold Bar. His mother spoke a southern dialect of Puget Sound Salish while his father spoke a northern dialect. Meeker’s mother had “remained at her place among the Stilkum” (Steilacoom) after the death of her first husband (Meeker n.d.). Meeker had a number of Southern Puget Sound Salish relatives that he visited on the Skokomish Reservation. One of them was John Hawk. One of Meeker’s visits with Hawk was documented when they sang a gambling song for an ethnomusicologist (Rhodes 1950). Hawk’s grandmother had married into the Duhlelap Twana and lived on the Skokomish Reservation, and his sister was married to Henry Allen.	page 6
§3.3.1	Nile R. Thompson, C. Dale Sloat	note	Meeker [was] kαsé [‘uncle’] to Hawks [sic] because Hawks’ [sic] grandmother was ska [‘older sibling or cousin’] to Meeker’s mother. But neither of them knows whether the two women were first, second or third cousins. They do know they were “close”. (Smith 1940:178)	page 6
§3.3.1	Twana	cited form	kαsé	page 6, in the prose, ‘uncle’
§3.3.1	Nile R. Thompson, C. Dale Sloat	note	Thus, Meeker had firsthand knowledge that his relations and other Southern Puget Sound Salish on the Skokomish Reservation didn’t learn Twana.	page 6
§3.3.1	Nile R. Thompson, C. Dale Sloat	note	MEEKER: The Sound People did not speak the language of the Hood Canal people [even though] a lot of them married and moved into the lower Canal of Skokomish, etc. (Meeker n.d.)	page 6
§3.3.1	Nile R. Thompson, C. Dale Sloat	note	Based on his work with the Allen brothers, Elmendorf stated that individuals who were not born Twana did not attempt to learn the Twana language.	page 6
§3.3.1	Nile R. Thompson, C. Dale Sloat	note	ELMENDORF: Few non-Twana cared to learn the Twana language. … [There was a] virtual avoidance of the language by neighboring peoples … [an] unwillingness of these outsiders to [learn it]. (Elmendorf 1960:281-83)	page 6
§3.3.1	Nile R. Thompson, C. Dale Sloat	note	Drachman reports that much the same view was held by his linguistic consultants on the Skokomish Reservation as was expressed by Meeker and Elmendorf. He concurs that the Twana were forced by circumstances to learn the language of their neighbors.	page 6
§3.3.1	Nile R. Thompson, C. Dale Sloat	note	DRACHMAN: It is interesting to note that ‘No one from outside ever learned Twana.’ (Drachman 1969:12)	page 6
§3.3.1	Nile R. Thompson, C. Dale Sloat	note	Barbara Lane is a legal anthropologist who, in her work on traditional Skokomish fisheries, drew heavily on the work of Elmendorf, accepting his appraisal of a limited distribution of Twana.	page 6
§3.3.1	Nile R. Thompson, C. Dale Sloat	name	Lane	Barbara Lane (1973)
§3.3.1	Nile R. Thompson, C. Dale Sloat	note	LANE: The Twana-speaking people [lived on] Hood Canal [and the] Twana [language] . . . was not spoken elsewhere … (Lane 1973:1-2)	page 7
§3.3.2	Nile R. Thompson, C. Dale Sloat	heading	3.3.2 White people can’t learn	page 7
§3.3.2	Nile R. Thompson, C. Dale Sloat	note	Claims used to affirm the validity of the DLB included observations about white people either not being able to learn the Twana language or being able to learn Puget Sound Salish more easily.	page 7
§3.3.2	Nile R. Thompson, C. Dale Sloat	note	EELLS: Nor do I know of any white persons who have learned [Twana]. (Eells n.d.:61)	page 7
§3.3.2	Nile R. Thompson, C. Dale Sloat	note	“Like all ethnographers Eells was part of what he sought to describe” (Elmendorf 1985:451). Eells was indeed not an impartial observer of the DLB, for he very much wanted to learn the language of the Twana in order to convert them more easily to Christianity. But when he brought up his desire to learn the language with reservation residents, he was cautioned against it and advised to learn Puget Sound Salish instead.	page 7
§3.3.2	Nile R. Thompson, C. Dale Sloat	note	EELLS: The Twana language . . . is said to be so difficult to learn that no intelligent Indian advised me to learn it. The Nisqually [language] is said to be much easier, and one educated Indian advised me to learn it … (Eells 1886:34)	page 7
§3.3.2	Nile R. Thompson, C. Dale Sloat	note	H. ALLEN: The [Puget Sound Salish] language is said to be “easy to learn, for … a white man …” (Elmendorf 1960:278)	page 7
§3.3.2	Nile R. Thompson, C. Dale Sloat	note	Shirley Allen Weidman was a monolingual speaker of English but she too had heard that Twana was a difficult language for English speakers and that they had an easier time with Puget Sound Salish.	page 7
§3.3.2	Nile R. Thompson, C. Dale Sloat	note	WEIDMAN: They [white people] say the Skokomish language is so hard . . . (Lund n.d.)	page 7
§3.3.2	Nile R. Thompson, C. Dale Sloat	heading	3.3.2 A more difficult phonology	page 7
§3.3.2	Nile R. Thompson, C. Dale Sloat	note	Reasons were given for Twana being more difficult to learn than neighboring Puget Sound Salish. In the late twentieth century, Allen’s daughter Shirley Weidman reported earlier opinions concerning Twana being difficult and offered her own explanation of why – mirroring statements about the Twana language set down over a century earlier.	page 7
§3.3.2	Nile R. Thompson, C. Dale Sloat	note	WEIDMAN: They say the Skokomish language is so hard because they talk from way down. Some words is a lot different than . . . the Puyallup [dialect group which] is more like [English], everything is just easy to say, easy to grasp with your ears. (Lund n.d.)	page 7
§3.3.2	Nile R. Thompson, C. Dale Sloat	note	Her comment about Twana being spoken “way down” may indicate that she thought that postvelars were more prevalent in Twana. This contrast is seen in the words for ‘inner cedar bark’, Twana q̇ʷélo and Puget Sound Salish ságʷac (Louisa Pulsifer in N. Thompson n.d. a). Postvelars, particularly those which are glottalized, are often brought up as being particularly difficult for English speakers. She then claims that Southern Puget Sound Salish is simpler than Twana. However, what she may be referring to is that there are more complex consonant clusters in Twana than in Puget Sound Salish. Or it might relate to something her father said about Twana word length being greater and sentential flow being slower (see 3.4.2).	page 8
§3.3.2	Twana	cited form	q̇ʷélo	page 8, in the prose
§3.3.2	Puget Sound Salish	cited form	ságʷac	page 8, in the prose
§3.3.4	Nile R. Thompson, C. Dale Sloat	heading	3.3.4 Disproportionate bilingualism	page 8
§3.3.4	Nile R. Thompson, C. Dale Sloat	note	The final observation in support of the DLB was that while individuals from other tribes were not learning Twana, the Twana were, for the most part, learning the other languages.	page 8
§3.3.4	Nile R. Thompson, C. Dale Sloat	note	Skokomish reservation visitor Jerry Meeker observed that, between the Twana and Puget Sound Salish, the Twana were much more bilingual.	page 8
§3.3.4	Nile R. Thompson, C. Dale Sloat	note	MEEKER: The Skokomish were very much bi-lingual – speaking the language of the Sound Indians and their own language but the Sound People did not speak the language of the Hood Canal people. (Meeker n.d.)	page 8
§3.3.4	Nile R. Thompson, C. Dale Sloat	note	Both Drachman and Henry Allen comment on the knowledge of Puget Sound Salish by the Twana.	page 8
§3.3.4	Nile R. Thompson, C. Dale Sloat	note	DRACHMAN: It is clear from present-day informants that [in the 1880’s] “everyone knew the Nisqually language” … (Drachman 1969:12)	page 8
§3.3.4	Nile R. Thompson, C. Dale Sloat	note	H. ALLEN: Nearly every one of the Twana understood Puget Sound language … (Elmendorf n.d. a)	page 8
§3.3.4	Nile R. Thompson, C. Dale Sloat	note	Elmendorf said this precontact bilingualism included not only Puget Sound Salish but also two other Salish languages, the Satsop dialect and Klallam.	page 8
§3.3.4	Nile R. Thompson, C. Dale Sloat	note	ELMENDORF: Almost all of the Twana, at least of the Skokomish, were aboriginally bilingual, speaking or understanding in addition to their own tongue the Puget Sound language in the form current with minor variations from the Sahewamish of the southwest sound north to the Suquamish. … The Twana [had a] polyglot command of a number of languages … A number of Skokomish spoke the dialect of the Satsop, with whom trade contacts were frequent and intermarriage not uncommon. A greater number spoke Klallam, and relations with this people were certainly more intense than with the Satsop, at least by the middle of the nineteenth century. The almost universal prevalence of the Puget Sound language has been pointed out. …	page 8
§3.3.4	Nile R. Thompson, C. Dale Sloat	note	Upper-class marriage involved bringing in wives from other, often distant, communities . . . Upper-class Skokomish [Twana] were thus frequently raised by mothers native to Satsop, Chehalis, or Klallam communities. Under these conditions linguistic acculturation took the form of polyglot Twana command of several languages . . . (Elmendorf 1960:282-3, 304)	page 9
§3.3.4	Nile R. Thompson, C. Dale Sloat	note	After Elmendorf states that Twana bilingualism was a feature of precontact society, he goes on to say it was present during the postcontact period up to and including the time of the treaty and initial reservation settlement.	page 9
§3.3.4	Nile R. Thompson, C. Dale Sloat	note	Even before the middle 1800's most Twana were familiar with the southern form of Puget Sound speech. … Ability to speak or understand more than one native language was … general in the period (mid-nineteenth century) before my informants' generation. (Elmendorf 1960:278-79)	page 9
§3.3.4	Nile R. Thompson, C. Dale Sloat	note	Drachman said that this learning of neighboring languages meant that it was usual for the Twana to be multilingual, knowing up to three languages in addition to Twana.	page 9
§3.3.4	Nile R. Thompson, C. Dale Sloat	note	DRACHMAN: There were probably few Twana who remained mono-lingual. … Twana speakers [learned] at least one, perhaps two or even three ‘foreign’ languages . . . Multi-lingualism [was] thus the norm . . . (Drachman 1969:12)	page 9
§3.4	Nile R. Thompson, C. Dale Sloat	heading	3.4 Argument for cause of bi- and multi-lingualism	page 9
§3.4	Nile R. Thompson, C. Dale Sloat	note	The Skokomish Tribe today takes the view that Twana knowledge of other languages was the result of widespread cultural practices in the region.	page 9
§3.4	Nile R. Thompson, C. Dale Sloat	note	Many Twana spoke more than one language … because of alliances with other tribes based on marriage, friendship and trade. (Skokomish Culture and Art Committee 2002:65)	page 9
§3.4	Nile R. Thompson, C. Dale Sloat	note	However, why would these conditions make the Twana more bilingual and multilingual than their neighbors who also engaged in exogamy and were in the same trade networks?	page 10
§3.4.1	Nile R. Thompson, C. Dale Sloat	heading	3.4.1 Large Puget Sound Salish presence	page 10
§3.4.1	Nile R. Thompson, C. Dale Sloat	note	Jerry Meeker added to his statement on bilingualism (see 3.3.5) the suggestion that the bilingualism among the Twana was the result of the large movement of Puget Sound Salish to Hood Canal.	page 10
§3.4.1	Nile R. Thompson, C. Dale Sloat	note	MEEKER: A lot of them [the Sound People] married and moved into the lower Canal of Skokomish, etc. (Meeker n.d.)	page 10
§3.4.2	Nile R. Thompson, C. Dale Sloat	heading	3.4.2 Twana closer to or actually the proto-language	page 10
§3.4.2	Nile R. Thompson, C. Dale Sloat	note	Learning Twana was said to have been more difficult than learning other languages of the area because it had longer words. Henry Allen maintained that Twana is the most conservative of the Coast Salish languages and equates to the proto-language of the area. In his view, the related languages derived from Twana through word-shortening processes. The result is that Twana has greater word length and a slower conversational tempo than the derived languages. Henry Allen reasoned that, because the other Coast Salish languages had “whittled down” their words, their speakers had a hard time learning Twana while it was easier for the Twana to learn the other languages.	page 10
§3.4.2	Nile R. Thompson, C. Dale Sloat	note	H. ALLEN: The languages around here are like Twana [i.e. Salish]. Those languages have words that sound as if they came from our language, so I think that Twana is the real language and the others have changed away from it. The pənálxαċ are a Cowichan people on the islands off Cowichan Bay. They call a painted bluff xá•los, and in Twana xα´l’os means painted face. Nooksack is duxʷsa’α´q; in Twana that means a place to gather ferns, sa’α´q is fern root. And Twana has longer words than the other languages. Look at words like Twana p’uwáy for halibut, Klallam p’áwi; Twana hʷáqa for no, Puyallup hʷɛ́’. Those words sound like whittled-down Twana. The Twana is a slower language than Puget Sound [Salish] talk; I think it has kept its words better. And it is not hard for us to learn another language, but it is hard for those people to learn our language. So I think maybe their languages all came from Twana. (Elmendorf 1960:281)7	page 10
§3.4.2	Twana	cited form	pənálxαċ	page 10, in the prose
§3.4.2	Halkomelem	cited form	xá•los	page 10, in the prose
§3.4.2	Twana	cited form	xα´l’os	page 10, in the prose
§3.4.2	Nooksack	cited form	duxʷsa’α´q	page 10, in the prose
§3.4.2	Twana	cited form	sa’α´q	page 10, in the prose
§3.4.2	Twana	cited form	p’uwáy	page 10, in the prose
§3.4.2	Klallam	cited form	p’áwi	page 10, in the prose
§3.4.2	Twana	cited form	hʷáqa	page 10, in the prose
§3.4.2	Puget Sound Salish	cited form	hʷɛ́’	page 10, in the prose
footnote 7	Nile R. Thompson, C. Dale Sloat	note	Elmendorf (1960:281) attaches a note to Allen’s “notion of [Coast Salish] development [from Twana]” saying that it “is probably not aboriginal.”	page 10, footnote 7
§3.4.2	Nile R. Thompson, C. Dale Sloat	language	Nooksack	a Coast Salish language
§3.4.3	Nile R. Thompson, C. Dale Sloat	heading	3.4.3 Direct result of the DLB	page 11
§3.4.3	Nile R. Thompson, C. Dale Sloat	note	Elmendorf reasons that the DLB motivated the neighbors of the Twana to shy away from learning the Twana language even though it was common for the inhabitants of the area to learn other languages. Elmendorf further reasons that knowledge of the DLB dictated a responsive behavior on the part of the Twana. Because they knew their neighbors believed their language to be harder to learn and therefore did not want to attempt to learn it, the Twana are said to have compensated by becoming more bilingual and multilingual than others in the region. Elmendorf claims that the DLB along with the preferred marriage pattern for the region (exogamy with patrilocal residence) caused an imbalance, with the Twana being more bilingual than their neighbors and the neighbors not learning Twana because they didn’t have to.	page 11
§3.4.3	Nile R. Thompson, C. Dale Sloat	note	In an area where individuals speaking three or four languages were numerous, and where bilinguality was very common, few non-Twana cared to learn the Twana language. … This virtual avoidance of the [Twana] language by neighboring peoples in no way interfered with friendly and intimate contacts between them and the Twana. The reaction on the Twana side was an enhanced inclination to learn the languages of other peoples. … The bilinguality of most Twana and the polylinguality of many not only made it more or less unnecessary for outsiders to learn their language, but was probably caused or enhanced by the unwillingness of these outsiders to do so. Twana polylinguality evidently represents a satisfactory adjustment to a linguistic situation … Thorough-going relations with speakers of other languages, involving marriage, social and religious ceremonies, and trade, were not peculiar to the Twana among peoples of this area. But such contacts had the obvious effect of bringing about polyglot command of a number of languages within a group whose own language was reputed too hard to learn. (Elmendorf 1960:282-83)	page 11
§3.4.3	Nile R. Thompson, C. Dale Sloat	note	Drachman concurred with Elmendorf that linguistic circumstances forced the Twana to learn other languages.	page 11
§3.4.3	Nile R. Thompson, C. Dale Sloat	note	It is not difficult to see that cultural and linguistic factors conspired to force Twana speakers to learn at least one, perhaps two or even three ‘foreign’ languages . . . (Drachman 1969:12)	page 11
§3.4.3	Nile R. Thompson, C. Dale Sloat	note	One cause of the imbalance in bilingualism had to do with children. Elmendorf argues that, while the children of Twana women who married into other speech communities did not learn Twana, all children living in the Hood Canal drainage learned two languages.	page 11
§3.4.3	Nile R. Thompson, C. Dale Sloat	note	Twana bilinguality was certainly most marked among upper-class persons, and it was precisely these who enjoyed the widest and most intimate contacts with non-Twana communities. Wives of upper-class Twana men were very often native to communities outside the Twana speech community, and in such cases children always grew up speaking their mothers’ as well as their fathers’ tongue. (Elmendorf 1960:282; emphasis added)	page 12
§4	Nile R. Thompson, C. Dale Sloat	heading	4 Was Twana linguistically harder to learn?	page 12
§4	Nile R. Thompson, C. Dale Sloat	note	In this section and the one that follows, we will examine the validity of the preceding claims and observations, particularly in areas where there is quantifiable data.	page 12
§4	Nile R. Thompson, C. Dale Sloat	note	CLAIM #1 – PUGET SOUND SALISH WAS EASIER TO LEARN (3.1):	page 12
§4	Nile R. Thompson, C. Dale Sloat	note	● Twana has longer, fuller cognates (3.4.2); Twana was spoken more slowly (3.4.2).	page 12
§4	Nile R. Thompson, C. Dale Sloat	note	● Twana is more difficult to articulate and comprehend (3.3.3).	page 12
§4.1	Nile R. Thompson, C. Dale Sloat	heading	4.1 Are Twana cognate words longer?	page 12
§4.1	Nile R. Thompson, C. Dale Sloat	note	Henry Allen stated that word length of cognates was a factor in why Twana was more difficult to learn for speakers of other Coast Salish languages than their languages were for the Twana to learn. While we acknowledge that the sheer length of words impacts the flow of sentences, the observation he is making about cognate length is that it was easier for the Twana to drop out segments (some of which are predictable) from Twana words to realize a target language word than for their counterparts to remember word by word which segments have to be inserted into their forms to produce the Twana words.	page 12
§4.1	Nile R. Thompson, C. Dale Sloat	note	By and large, most Twana forms are more or less equal in length to their cognates in Puget Sound Salish. But there are a number of cognates, such as those in Table 1,8 that do support Allen’s claim that words in Puget Sound Salish are missing segments found in Twana. The example of ‘scrape a canoe’ is probably of the type that Allen had in mind. The initial bə- syllable is only found in Twana while the root *sax̌ is widespread. Similarly, Twana is the only Coast Salish language to have a second syllable vowel in CS *kʷutx̌ ‘halibut’ (Kuipers 2002:141). Another example of this apparent vowel retention is seen in the PS form for *s-pəlq 'penis' (Kuipers 2002:73). Kuipers states that the suffix isn't -q but rather –aq ‘sexual organ’. Twana, with spələq, appears to be the only surviving language with the full suffix. This suggests that Allen might have been onto something; certain Twana words are closer to the original forms.	page 12
§4.1	Twana	cited affix	bə-	page 12, in the prose
§4.1	Proto-Salish	cited form	*sax̌	page 12, in the prose
§4.1	Proto-Coast Salish	cited form	*kʷutx̌	page 12, in the prose, ‘halibut’
§4.1	Proto-Salish	cited form	*s-pəlq	page 12, in the prose
§4.1	Proto-Salish	cited affix	-q	page 12, in the prose
§4.1	Proto-Salish	cited affix	–aq	page 12, in the prose, ‘sexual organ’
§4.1	Twana	cited form	spələq	page 12, in the prose
footnote 8	Nile R. Thompson, C. Dale Sloat	note	The comparative examples used in Tables 1 and 2 are based on Curtis (1913:182-95), with fine tuning from N. Thompson (1979).	page 12, footnote 8
§4.1	Nile R. Thompson, C. Dale Sloat	name	Kuipers	Aert H. Kuipers (2002), the Salish etymological dictionary
§4.1	Nile R. Thompson, C. Dale Sloat	note	English Twana Puget Sound Salish	page 13, the heads of Table 1
§4.1	Nile R. Thompson, C. Dale Sloat	note	two əsáli sáli	page 13, a row of Table 1
Table 1, two	Twana	cited form	əsáli	page 13, Table 1, ‘two’
Table 1, two	Puget Sound Salish	cited form	sáli	page 13, Table 1, ‘two’
§4.1	Nile R. Thompson, C. Dale Sloat	note	four búsas bus	page 13, a row of Table 1
Table 1, four	Twana	cited form	búsas	page 13, Table 1, ‘four’
Table 1, four	Puget Sound Salish	cited form	bus	page 13, Table 1, ‘four’
§4.1	Nile R. Thompson, C. Dale Sloat	note	hair seal ásaxʷ ásaxʷ (So.); ášxʷ (Skagit)	page 13, a row of Table 1
Table 1, hair seal	Twana	cited form	ásaxʷ	page 13, Table 1, ‘hair seal’
Table 1, hair seal	Puget Sound Salish	cited form	ásaxʷ	page 13, Table 1, ‘hair seal’, the Southern dialect
Table 1, hair seal	Puget Sound Salish	cited form	ášxʷ	page 13, Table 1, ‘hair seal’, the Skagit dialect
§4.1	Nile R. Thompson, C. Dale Sloat	note	ten upədačs padac	page 13, a row of Table 1
Table 1, ten	Twana	cited form	upədačs	page 13, Table 1, ‘ten’
Table 1, ten	Puget Sound Salish	cited form	padac	page 13, Table 1, ‘ten’
§4.1	Nile R. Thompson, C. Dale Sloat	note	lake qʷələʔat qʷəlut (Suquamish)	page 13, a row of Table 1
Table 1, lake	Twana	cited form	qʷələʔat	page 13, Table 1, ‘lake’
Table 1, lake	Puget Sound Salish	cited form	qʷəlut	page 13, Table 1, ‘lake’, the Suquamish dialect
§4.1	Nile R. Thompson, C. Dale Sloat	note	scrape a canoe bəsax̌atəb sax̌ad	page 13, a row of Table 1
Table 1, scrape a canoe	Twana	cited form	bəsax̌atəb	page 13, Table 1, ‘scrape a canoe’
Table 1, scrape a canoe	Puget Sound Salish	cited form	sax̌ad	page 13, Table 1, ‘scrape a canoe’
§4.1	Nile R. Thompson, C. Dale Sloat	note	halibut sču’tax̌ sčutx̌	page 13, a row of Table 1
Table 1, halibut	Twana	cited form	sču’tax̌	page 13, Table 1, ‘halibut’
Table 1, halibut	Puget Sound Salish	cited form	sčutx̌	page 13, Table 1, ‘halibut’
§4.1	Nile R. Thompson, C. Dale Sloat	note	strong/man stubιš stubš	page 13, a row of Table 1
Table 1, strong/man	Twana	cited form	stubιš	page 13, Table 1, ‘strong/man’
Table 1, strong/man	Puget Sound Salish	cited form	stubš	page 13, Table 1, ‘strong/man’
§4.1	Nile R. Thompson, C. Dale Sloat	note	Table 1: Longer cognates in Twana than Puget Sound Salish	page 13, the caption
§4.1	Nile R. Thompson, C. Dale Sloat	note	But there are also examples of words, such as those in Table 2, where the Twana form is shorter than the equivalent Puget Sound Salish form.	page 13
§4.1	Nile R. Thompson, C. Dale Sloat	note	English Twana Puget Sound Salish	page 13, the heads of Table 2
§4.1	Nile R. Thompson, C. Dale Sloat	note	ax qəbəd qəbətəd (So.)	page 13, a row of Table 2
Table 2, ax	Twana	cited form	qəbəd	page 13, Table 2, ‘ax’
Table 2, ax	Puget Sound Salish	cited form	qəbətəd	page 13, Table 2, ‘ax’, the Southern dialect
§4.1	Nile R. Thompson, C. Dale Sloat	note	snail, slug sq’áƛ̓ad q’iyáƛ̓3d	page 13, a row of Table 2
Table 2, snail, slug	Twana	cited form	sq’áƛ̓ad	page 13, Table 2, ‘snail, slug’
Table 2, snail, slug	Puget Sound Salish	cited form	q’iyáƛ̓3d	page 13, Table 2, ‘snail, slug’
§4.1	Nile R. Thompson, C. Dale Sloat	note	osprey c'ix̌ʷ c'ix̌ʷc'ix̌ʷ	page 13, a row of Table 2
Table 2, osprey	Twana	cited form	c'ix̌ʷ	page 13, Table 2, ‘osprey’
Table 2, osprey	Puget Sound Salish	cited form	c'ix̌ʷc'ix̌ʷ	page 13, Table 2, ‘osprey’
§4.1	Nile R. Thompson, C. Dale Sloat	note	Table 2: Shorter cognates in Twana than Puget Sound Salish	page 13, the caption
§4.1	Nile R. Thompson, C. Dale Sloat	note	Twana is the only Salish language to have a cognate for ‘osprey’ without reduplication.	page 13
§4.1	Nile R. Thompson, C. Dale Sloat	note	Not unexpectedly, some Twana words are longer than the cognates in Puget Sound Salish, most are the same length and some are even shorter. Although no daughter language is ever the same as a proto-language, Allen’s observation about asymmetrical difficulty may have been accurate because it is often the case among more or less closely related languages, such as Portuguese and Spanish, that one language is harder for the speakers of the other to understand.	page 13
§4.2	Nile R. Thompson, C. Dale Sloat	heading	4.2 Was Twana harder to pronounce and process?	page 13
§4.2	Nile R. Thompson, C. Dale Sloat	note	A comparison of a number of cognates in Table 3 supports Weidman’s claim that words in Twana are harder to articulate than in Puget Sound Salish.9 There are, however, counterexamples where the corresponding Puget Sound Salish form has more consonant clusters, e.g. Twana č’ič’ic’ ‘mosquito’ but Puget Sound Salish č’ic’qs.	page 13
§4.2	Twana	cited form	č’ič’ic’	page 13, in the prose, ‘mosquito’
§4.2	Puget Sound Salish	cited form	č’ic’qs	page 13, in the prose
footnote 9	Nile R. Thompson, C. Dale Sloat	note	Comparative examples used here are based on Curtis (1913:182-195), N. Thompson (1979b) and Kuipers (2002).	page 13, footnote 9
§4.2	Nile R. Thompson, C. Dale Sloat	note	English Twana Puget Sound Salish	page 14, the heads of Table 3
§4.2	Nile R. Thompson, C. Dale Sloat	note	cat pišpš pιšpιš	page 14, a row of Table 3
Table 3, cat	Twana	cited form	pišpš	page 14, Table 3, ‘cat’
Table 3, cat	Puget Sound Salish	cited form	pιšpιš	page 14, Table 3, ‘cat’
§4.2	Nile R. Thompson, C. Dale Sloat	note	ten ópədɪčs pádəc	page 14, a row of Table 3
Table 3, ten	Twana	cited form	ópədɪčs	page 14, Table 3, ‘ten’
Table 3, ten	Puget Sound Salish	cited form	pádəc	page 14, Table 3, ‘ten’
§4.2	Nile R. Thompson, C. Dale Sloat	note	hemlock tree suskʷpi skʷupac	page 14, a row of Table 3
Table 3, hemlock tree	Twana	cited form	suskʷpi	page 14, Table 3, ‘hemlock tree’
Table 3, hemlock tree	Puget Sound Salish	cited form	skʷupac	page 14, Table 3, ‘hemlock tree’
§4.2	Nile R. Thompson, C. Dale Sloat	note	step-father ščłbadab čəłbadəb	page 14, a row of Table 3
Table 3, step-father	Twana	cited form	ščłbadab	page 14, Table 3, ‘step-father’
Table 3, step-father	Puget Sound Salish	cited form	čəłbadəb	page 14, Table 3, ‘step-father’
§4.2	Nile R. Thompson, C. Dale Sloat	note	Table 3: More consonant clusters in Twana than Puget Sound Salish	page 14, the caption
§4.2	Nile R. Thompson, C. Dale Sloat	note	One measure of difficulty suggests that the Twana should have found it harder to learn Puget Sound Salish than the converse because of the nature of its phonetic inventory. Puget Sound Salish developed from Proto-Coast Salish a voiced obstruent series which corresponds to glides in Twana, although y and w are still found in Puget Sound Salish. Just as the speakers of Spanish have trouble with some of the consonants in Portuguese that are not found in Spanish, one could imagine Twana speakers having trouble with the Puget Sound Salish j, ǰ, g and gʷ.	page 14
§5	Nile R. Thompson, C. Dale Sloat	heading	5 Was the learning of Twana as restricted as claimed?	page 14
§5	Nile R. Thompson, C. Dale Sloat	note	CLAIM #2 – RESTRICTED LEARNING (3.3.1):	page 14
§5	Nile R. Thompson, C. Dale Sloat	note	● No one from the outside ever learned Twana (3.3.1). Few non-Twana learned Twana (3.3.1-2). Exceptions included outsiders, usually women, married into or otherwise residing with a Twana group (5).	page 14
§5	Nile R. Thompson, C. Dale Sloat	note	● Twana was not spoken beyond the Hood Canal drainage (3.3.1); the children of Twana-speaking women living elsewhere seldom learned Twana (3.4.2).	page 14
§5	Nile R. Thompson, C. Dale Sloat	note	● No white persons learned it (3.3.2).	page 14
§5	Nile R. Thompson, C. Dale Sloat	note	One of the entailments of the DLB is that few non-Twana learned Twana. The most restrictive assessment of the learning of Twana by outsiders comes from Drachman (1969:12) and Lane (1973:1-2) who report that no one from outside of the Hood Canal area ever learned it. Eells’ assessment is somewhat less restrictive. He says that no white person had ever learned Twana. Elmendorf (1960:281) specifies that the exceptions to outsiders not learning it in pre-reservation times were typically individuals who had come to live among the Twana: “Those who did were for the most part outsiders, usually women, married into or for other reasons residing with some Twana group.”	page 14
§5	Nile R. Thompson, C. Dale Sloat	note	There are cases where a wife learned the language spoken by her husband if it sounded totally foreign to her. One family who lived briefly on the Skokomish Reservation provides such an example. Sickman (½ [Upper] Chehalis and ½ Wynoochie born ca. 1832), one of a number of Upper Chehalis Indians who moved onto the Skokomish Reservation in 1880, arrived with a large family: three wives, five children, a niece and a nephew (U.S. Census 1880). He and his family later moved to the Chehalis Reservation at Oakville.	page 14
§5	Nile R. Thompson, C. Dale Sloat	note	Syk'amen (“light,” sickman) had three wives … After Syk'amen died, the youngest wife (Satsop and Puyallup) married a sailor from Chile and learned Spanish. They lived and died in Oakville. (Peter Heck in Adamson 1999:32)	page 15
§5	Nile R. Thompson, C. Dale Sloat	note	On the census her name was listed as Na’-mĭt-hu or Katie (born ca. 1842). None of the family spoke English. After Sickman’s death, his youngest wife learned a language that would have been considered by Coast Salish speakers as harder to learn than other Coast Salish languages.	page 15
§5.1	Nile R. Thompson, C. Dale Sloat	heading	5.1 Learning by resident non-Twana women	page 15
§5.1	Nile R. Thompson, C. Dale Sloat	note	As Elmendorf asserts, at least some non-Twana women who married Twana men and moved to Hood Canal learned to speak Twana. An example of this type is Mary Adams, who was one-quarter Squaxin, one-quarter Twana and one-half Samish (1880 US Census); her mother was a Samish and her father a Squaxin with a Twana parent. Mary Adams (born ca. 1871) was married to a Hoodsport Twana man and lived on the Skokomish Reservation.	page 15
§5.1	Nile R. Thompson, C. Dale Sloat	name	Mary Adams	a Twana singer of Squaxin and Samish descent
§5.1	Nile R. Thompson, C. Dale Sloat	note	Evidence of her language use comes from song lyrics she used to accompany her storytelling. Elmendorf would predict that she would sing in Puget Sound Salish, the language of her father, and never in Twana. In reality however, she did sing in Twana. Her telling of Robin’s Story ends with a rendition of the song he sings each spring:	page 15
§5.1	Nile R. Thompson, C. Dale Sloat	note	Twana lyrics: tsɪs• tsɪs tsɪtcówac English translation: My wife. (Adamson 1934:369)	page 15
§5.1	Twana	cited form	tsɪs•	page 15, in the prose
§5.1	Twana	cited form	tsɪs	page 15, in the prose
§5.1	Twana	cited form	tsɪtcówac	page 15, in the prose
§5.1	Nile R. Thompson, C. Dale Sloat	note	The Hoodsport Twana word for wife, tcówac (čówaš, in more modern transcription), is clearly present and not the Puget Sound Salish form, čugʷaš.	page 15
§5.1	Twana	cited form	tcówac	page 15, in the prose
§5.1	Twana	cited form	čówaš	page 15, in the prose
§5.1	Puget Sound Salish	cited form	čugʷaš	page 15, in the prose
§5.1	Nile R. Thompson, C. Dale Sloat	note	Another example of a woman from the outside who learned Twana after moving to Hood Canal is a Dungeness Klallam woman who was married to a Skokomish Twana.	page 15
§5.1	Nile R. Thompson, C. Dale Sloat	note	Now those two families are qʷəl̓qʷélaxʷ (related by marriage) to each other now. … They’re all brothers and sisters now. And when they go, the boy’s family take[s] the girl with them. She’s a Skokomish woman now.	page 15
§5.1	Twana	cited form	qʷəl̓qʷélaxʷ	page 15, in the prose
§5.1	Nile R. Thompson, C. Dale Sloat	note	[The bride] stayed at Skokomish for years, till [her husband] died, then went back to her people. She talked Skokomish just as good as anyone. (Frank Allen in Elmendorf 1993:112-13)	page 15
§5.1	Nile R. Thompson, C. Dale Sloat	name	Frank Allen	a Twana speaker, his brother
§5.1	Nile R. Thompson, C. Dale Sloat	note	Interestingly, this woman was Frank and Henry Allen’s mother, Mary Allen. She was born c. 1840 (US Census 1880), so the wedding probably took place c. 1852-57 (although Elmendorf (1993) dates it as c. 1845-50).	page 15
§5.2	Nile R. Thompson, C. Dale Sloat	heading	5.2 Learning by resident non-Twana men	page 16
§5.2	Nile R. Thompson, C. Dale Sloat	note	By saying that resident outsiders who learned the language were “usually women”, Elmendorf (1960:281) allows that some of them were males.	page 16
§5.2	Nile R. Thompson, C. Dale Sloat	note	One such incomer was John Palmer who belonged to his father’s Chimakum tribe while his mother was Suquamish (a Puget Sound Salish tribe along northeast Twana territory). Palmer’s wife Mary (born ca. 1853) had (given the census takers’ habit of listing father’s blood degree first) a Suquamish father and a Twana mother (US Census 1880). Palmer moved to the Skokomish Reservation and learned Twana.	page 16
§5.2	Nile R. Thompson, C. Dale Sloat	note	John Palmer was born near Port Townsend, about 1847, and belonged to the now extinct tribe of the Chemakums. His father and many of his relations died when he was quite young . . . When about two years old he went to live with [a] family with whom he went to San Francisco, where he remained for a year or two. Most of the time until 1863 or 1864 he spent on a sailing vessel near the mouth of the Amour river, where he learned to speak Russian. The captain’s wife took quite an interest in him, and taught him to read in English.	page 16
§5.2	Nile R. Thompson, C. Dale Sloat	note	He returned to Puget Sound and served [in the employ of the] Government as interpreter at Neah Bay until about 1868, when he went to the Skokomish Reservation, where he was interpreter and sub-chief most of the time until his death February 2, 1881. He understood four Indian languages, besides English and Russian, namely Nisqually [language], Clallam, Twana, and Chinook Jargon. (Eells 1985:357-59)10	page 16
footnote 10	Nile R. Thompson, C. Dale Sloat	note	Clearly, Eells’ usage here of understood includes production as well as comprehension.	page 16, footnote 10
§5.2	Nile R. Thompson, C. Dale Sloat	note	Palmer learned the language of the Skokomish Reservation so well that he was Eells’ interpreter for the Twana language as he assembled his first publication which included listings of vocabulary (Eells 1877:58).	page 16
§5.2	Nile R. Thompson, C. Dale Sloat	note	At Skokomish, Palmer was looked upon as a Twana (Eells 1985:421). Unlike her husband, Mary Palmer did not speak English (US Census 1880). She moved onto the Skokomish Reservation when she was nine years old, with her younger sister (ibid.). Her maternal grandparents may have been on the reservation but, unfortunately, we can not be sure that Mary spoke Twana, the language of her mother, but it is likely.	page 16
§5.3	Nile R. Thompson, C. Dale Sloat	heading	5.3 Learning by non-resident descendant	page 16
§5.3	Nile R. Thompson, C. Dale Sloat	note	Drachman and Lane claim Twana was never learned by children outside of the Hood Canal drainage. Elmendorf allows that it rarely happened and then only under restricted circumstances.	page 16
§5.3	Nile R. Thompson, C. Dale Sloat	note	Children of Twana-speaking women resident with non-Twana tribes are said to have seldom spoken their mothers’ language. (Elmendorf 1960:281-2)	page 17
§5.3	Nile R. Thompson, C. Dale Sloat	note	While there is no data bearing on whether it was atypical, the following case study describes a child raised away from Hood Canal who did learn Twana.	page 17
§5.3	Nile R. Thompson, C. Dale Sloat	note	There were two southern Puget Sound Salish villages located on North Bay at the head of Case Inlet, a four mile walk over “a well defined path” (Smith 1940:14) from the head of Hood Canal. The people of these villages were referred to as the Squaxin. The Squaxin were part of the Sahewamish, who occupied the southern Sound from Budd Inlet to Shelton Inlet. Because the reservation for all the Sahewamish is called Squaxin Island, the name Squaxin has often been misapplied to other early Sahewamish from Shelton and other locations on southern Puget Sound.	page 17
§5.3	Nile R. Thompson, C. Dale Sloat	note	One of the Squaxin villages was located at the mouth of the creek emptying Mason Lake, at the south end of what is now the town of Allyn (Smith 1940:14). In 1854 two Sherwood brothers from Vermont built a lumber mill there. In the nearby village there were three daughters in the family of a Squaxin woman (born c. 1833) and her Twana husband, Cush (kúš). The first daughter married one of the newcomers, Joseph Sherwood, and they had a son, Adam. Susie Cush (born ca. 1833) married the other brother, Sam Sherwood, and they had a son, Kimball, ca. 1868. Following the death of Adam’s mother, Joseph married the other sister, Mary (born ca. 1847), and ca. 1870 they had a son, Peter. Joseph Sherwood was killed in a logging accident in 1873. Susie and her three children and her mother moved to the Skokomish Reservation ca. 1875 and Mary and her two children followed a year later. Adam stayed behind with his grandfather at the mouth of Sherwood Creek.	page 17
§5.3	Twana	cited form	kúš	page 17, in the prose
§5.3	Nile R. Thompson, C. Dale Sloat	note	Adam Sherwood, who was part Twana, was living with the Squaxon Indians at North Bay (Case Inlet). … Adam had been raised and trained by his grandfather kúš, a great doctor, and he got doctor power . . . There were very few Squaxon left [in Allyn] at the time. (Henry Allen in Elmendorf 1993:191)	page 17
§5.3	Twana	cited form	kúš	page 17, in the prose
§5.3	Nile R. Thompson, C. Dale Sloat	note	Sometime between 1908 and 1918, according to Elmendorf, Kimball Sherwood (who would later be Henry Allen’s father-in-law) was living with his cousin Adam in Allyn. The two of them went to a gathering at Port Madison (the reservation for the Suquamish). There Adam was called upon to use his skills as a doctor.	page 17
§5.3	Nile R. Thompson, C. Dale Sloat	note	About twenty or thirty years ago Adam Sherwood … and Kimball Sherwood, his cousin, were both living [at Allyn]. Well, the Sherwood boys went up to Port Madison … and someone there said … that a young Suquamish woman there was sick … So Adam came and looked the woman over and diagnosed [her problem]. (ibid.)	page 17
§5.3	Nile R. Thompson, C. Dale Sloat	note	Adam Sherwood was “Squaxon, part Twana” (Elmendorf 1993:296). He did not live on the Skokomish Reservation where most of the rest of his family lived. Instead, he was raised at Allyn by his grandfather who was a Twana. Although this made Adam Sherwood a Squaxin, he spoke Twana. As he began his effort to cure the stricken woman, he explained to the audience that had gathered what he was going to do in Twana, not Puget Sound Salish.	page 18
§5.3	Nile R. Thompson, C. Dale Sloat	note	So Adam said in Twana, “łəsyəʔáẏčəd (I’m going to make an imitation, an image of it).” (Henry Allen in Elmendorf 1993:191)	page 18
§5.3	Twana	cited form	łəsyəʔáẏčəd	page 18, in the prose
§5.4	Nile R. Thompson, C. Dale Sloat	heading	5.4 Learning by child moving to Skokomish	page 18
§5.4	Nile R. Thompson, C. Dale Sloat	note	Louisa Jones Charley Pulsifer, both Drachman’s and N. Thompson’s principal informant, did not learn Twana as her first language. Although she was born on the Skokomish Reservation in December 1886, her first language was Klallam, from her father’s maternal side. When she was three and a half years old she started to pick up the Twana language. She began by learning the names for animals, such as the words for the kinds of clams and the word for ‘dog’. The Reverend Eells expressed his surprise at how quickly she learned Twana through interaction with reservation residents while he himself could not (N. Thompson n.d. a).	page 18
§5.5	Nile R. Thompson, C. Dale Sloat	heading	5.5 An areal mechanism to facilitate bilingualism	page 18
§5.5	Nile R. Thompson, C. Dale Sloat	note	Many cultures of the region had a practice which placed a young girl, prior to her first menstruation, in a mentorship program for marriage into another language group. One of the advantages of this was that it allowed a prepubescent girl to learn the foreign language at an age before the language learning ability wanes. Part of the regime was to place the girl in a position where she would learn through total emersion. The following account provided here shows the regional nature of this practice. Here the prospective husband, Charley Jones, was an Upper Skagit through his father, John Jones (sʔáliwas). His maternal grandparents were Klallam, Sahewamish and Skokomish Twana. Charley was living in a Klallam community at the time, probably Little Boston. The prospective bride was Lucy Bob, born ca. 1865. Her mother, q’ustáŋ’ə, was a Cowichan from Duncan, BC.	page 18
§5.5	Twana	cited form	sʔáliwas	page 18, in the prose
§5.5	Twana	cited form	q’ustáŋ’ə	page 18, in the prose
§5.5	Nile R. Thompson, C. Dale Sloat	note	My grandmother was skəwəčəd [Cowichan]. She’s [half] skəwəčəd [through her father] and then they say she’s half Seattle [(Suiattle) and Saanich through her mother]. … She sold my mom to my dad when she was a little girl, past her ten [year birthday], and my dad gave her the money she wanted.	page 18
§5.5	Twana	cited form	skəwəčəd	page 18, in the prose, [Cowichan]
§5.5	Twana	cited form	skəwəčəd	page 18, in the prose
§5.5	Nile R. Thompson, C. Dale Sloat	note	And then my dad told Aunt Jenny: “You take her and you raise her for me. When she gets old enough, then I’ll marry her.” Aunt Jones raised her until she was a woman.	page 18
§5.5	Nile R. Thompson, C. Dale Sloat	note	Jenny [c’iʔúx̌c’a] was first cousin to my dad. She was living with Dexter. He’s from c’ιc’əmus [Hadlock] … but he came to Little Boston and he lived with Aunt Jenny. She raised my mom [there] until she was a woman. (Louisa Pulsifer in N. Thompson n.d. a)	page 19
§5.5	Twana	cited form	c’iʔúx̌c’a	page 19, in the prose
§5.5	Twana	cited form	c’ιc’əmus	page 19, in the prose, [Hadlock]
§5.5	Nile R. Thompson, C. Dale Sloat	note	Charley and Lucy Jones were married in Port Gamble by Rev. J.B Boulet on May 28, 1883.	page 19
§5.5	Nile R. Thompson, C. Dale Sloat	note	An example of a girl who underwent this training on Hood Canal was Phoebe Watson Charley Moses (wadšəb). Phoebe began her life about 1847 in a Satsop village at what is now Elma. She came to Hood Canal as a young girl after marrying a Duhlelap Twana doctor named Tenas Charley, who had spotted her at a gathering. The following is part of her story as she related it in 1926.	page 19
§5.5	Twana	cited form	wadšəb	page 19, in the prose
§5.5	Nile R. Thompson, C. Dale Sloat	note	My mother’s father [Old Watson] belong[s] to Satsop. My father’s belongs to [Wynoochee]. …	page 19
§5.5	Nile R. Thompson, C. Dale Sloat	note	[When I was a] young woman [under 11 years old, he] want to buy me[, a] Skokomish old man[.] In the Indian way [of the] old timers[. Well] I was [sold when he] put up money, horses, everything [that] come to [$]1,000. Grandmother let me go. That was [the] Indian way. After that, I stay[ed at] Skokomish, never see [my] people [for] two year[s]. (Phoebe Moses in Adamson n.d.)	page 19
§5.5	Nile R. Thompson, C. Dale Sloat	note	Phoebe and Tenas Charley moved from the Duhlelap community (near modern Belfair) to the reservation in 1858 (U.S. Census 1880).	page 19
§5.5	Nile R. Thompson, C. Dale Sloat	note	With this mechanism, the DLB would have had no influence with respect to language learning for young females moving into the Hood Canal watershed. It was recognized that any second language learning before puberty was fairly easy and that fact was taken advantage of.	page 19
§5.5	Nile R. Thompson, C. Dale Sloat	note	After arriving in a Twana village, the girl would have either begun learning about Twana culture along with other children of the village or she would have been given private instruction along the same lines. This instruction would have been in the Twana language (see Elmendorf 1960:431).	page 19
§5.5	Nile R. Thompson, C. Dale Sloat	note	All children up to seven or eight, and in some families up to adolescence, were brought into the house every evening and required to listen to verbal instructions on deportment and ethical matters, interspersed with myth narration. … The instructional talks seem to have been set lectures … (Elmendorf 1960:430-31)	page 19
§5.6	Nile R. Thompson, C. Dale Sloat	heading	5.6 Learning through serial exogamous monogamy	page 19
§5.6	Nile R. Thompson, C. Dale Sloat	note	Among the Southern Puget Sound Salish and the Twana there was another marriage pattern in addition to the upper-class ideal. This traditional pattern fostered multilingualism and made it possible for certain individuals to serve as interpreters, translators, messengers and envoys.	page 19
§5.6	Nile R. Thompson, C. Dale Sloat	note	Men would sometimes leave their villages to live with several distant groups in succession. In each foreign village they took a wife and moved to another village at her death or left her in order that they might move on. . . . The men themselves almost invariably returned to their own village as they grew older. During residence in other language or dialect group s they had to learn to speak and understand these and when they returned they were looked up to because of their linguistic knowledge. It was not unusual for villages to number such an individual among their members. Through him trade, potlatch and other conversations could be conducted. He had a definite role but little social authority. (Smith 1940:170)	page 20
§5.6	Nile R. Thompson, C. Dale Sloat	note	Frank Allen fits this profile. He was sent away to a different language community as a youth in order to gain another language. He later married at and lived in a number of different language communities including the Jamestown Klallam.11	page 20
footnote 11	Nile R. Thompson, C. Dale Sloat	note	Frank Allen was married to Theresa Jack on the Lummi Reservation and then moved on by the middle of 1914; he is enumerated as an off-reservation Lummi on the Census June 1914, Lummi Reservation, Tulalip Agency Wash.	page 20, footnote 11
§5.6	Nile R. Thompson, C. Dale Sloat	note	Fluent in both the Twana and Klallam languages, [Frank] also had an adequate command of Puget Salish … and, in his earlier years, of Lower Chehalis. … He had lived as a boy for a few years with a Skokomish aunt among the Lower Chehalis in the Grays Harbor region. He also continued intimate contacts with his maternal Klallam relatives … He married and was for a time resident among the Suquamish and Lummi. He seems to have returned to the Skokomish Reservation and settled on his allotment there a short time after World War I. (Elmendorf 1993:xxxiii-iv)	page 20
§5.6	Nile R. Thompson, C. Dale Sloat	note	This training led Frank Allen, when he was over 20 years old, to be hired in 1878 as a potlatch envoy, traveling to the Washington Coast to extend invitations to wealthy individuals at Tahola, Oyhut and Copalis (Elmendorf 1993:29-30). Because the people of Tahola spoke Quinault, a language different from Lower Chehalis, Allen had to use an interpreter from Chinous Creek for conducting business there.	page 20
§5.6	Nile R. Thompson, C. Dale Sloat	note	Another serial monogamist is documented to have lived on the Skokomish Reservation, although just when he was there is not explicit.	page 20
§5.6	Nile R. Thompson, C. Dale Sloat	note	The history of one such wanderer records Snoqualmie, Muckleshoot, Cowlitz and Skokomish wives through whom his Puyallup relatives count relationships in those places. Other men went south and to the coastal groups. (Smith 1940:170)	page 20
§5.6	Nile R. Thompson, C. Dale Sloat	note	Like John Palmer, Smith’s Puyallup wanderer would have learned the Twana language during his residence at Skokomish.	page 21
§5.7	Nile R. Thompson, C. Dale Sloat	heading	5.7 Learning by whites living in proximity	page 21
§5.7	Nile R. Thompson, C. Dale Sloat	note	The first white individual to consider in relation to learning Twana is The Reverend Eells who claimed no white man had ever learned it. After giving up trying to learn to speak Twana, Eells contented himself, for the most part, with learning the regional trade language, Chinook Jargon, but he did manage to learn at least one song in Twana, according to Louisa Pulsifer.	page 21
§5.7	Nile R. Thompson, C. Dale Sloat	note	He talks Chinook [Jargon] to the Indians. He sings in Chinook [Jargon]. I remember just only one song, Myron Eells’ Skokomish song. He talks in Skokomish when he sings it. (Louisa Pulsifer in N. Thompson n.d. a)	page 21
§5.7	Nile R. Thompson, C. Dale Sloat	note	And Eells also managed to pick up some ability in listening comprehension. In commenting on his ability to record Twana, he summarized his learning of the local language by saying: “I … could understand the Twana language a very little, and this knowledge greatly helped me” (Eells 1886:250).	page 21
§5.7	Nile R. Thompson, C. Dale Sloat	note	Eells was not alone in failing to learn any Indian language fully and Twana, according to him, wasn’t learned any less by whites than other languages.	page 21
§5.7	Nile R. Thompson, C. Dale Sloat	note	Very few whites, even when married to Indian women, have learned to talk any Indian language except [Chinook Jargon]. (ibid., 33-34)	page 21
§5.7	Nile R. Thompson, C. Dale Sloat	note	Eells said that this was the reason he chose not to try to learn Puget Sound Salish, after having been warned off learning Twana.	page 21
§5.7	Nile R. Thompson, C. Dale Sloat	note	However, at least one non-Indian learned the Twana language. Edward Justus Dalby Sr. came to Hood Canal in the 1890s when he was six years old. Like Henry Allen, Dalby worked with Edward Curtis.	page 21
§5.7	Nile R. Thompson, C. Dale Sloat	name	Curtis	Edward S. Curtis (1913), the source of the cognates
§5.7	Nile R. Thompson, C. Dale Sloat	note	In 1904, Ed Dalby Sr., who had just graduated from the University of Washington, attracted the attention of Ed Curtis, the well-known photographer, who journeyed to Seattle and further west, to Hood Canal, as my grandfather’s guest. There he visited with the local tribesmen with Ed Dalby as his translator, using both the native language and Chinook [Jargon]. Curtis was impressed enough to invite young Dalby on an expedition with him, visiting various tribes along the way throughout the Pacific Northwest and all the way to North Dakota. (Johnson 2000:i)	page 21
§5.7	Nile R. Thompson, C. Dale Sloat	note	By talking with members of the Skokomish Tribe and recording their language, Dalby became a speaker of Twana.	page 22
§5.7	Nile R. Thompson, C. Dale Sloat	note	[H]e counted among his friends and acquaintances many of the local tribesmen. Through his association with those natives, he learned to speak the Skokomish language, as well as Chinook [Jargon]. (ibid.)	page 22
§5.7	Nile R. Thompson, C. Dale Sloat	note	Dalby’s family has a collection of Twana stories and vocabulary which Dalby recorded in the early 1900s from older Skokomish. Dalby may have had a hand in recording the Twana vocabulary that appears in Curtis (1913).	page 22
§5.7	Nile R. Thompson, C. Dale Sloat	note	In 1975, when few Skokomish were fluent in their traditional language, the non-Indian husband of a daughter of Henry Allen’s, Lucinda Kenyon, knew the Twana words for the various species of mammals, birds and fish (N. Thompson n.d. a). His knowledge at least partially duplicates the vocabulary Louisa Pulsifer gained in her first step in learning Twana.	page 22
§5.7	Nile R. Thompson, C. Dale Sloat	note	As Eells pointed out, Twana wasn’t the only language of the region that proved to be hard to learn for English speakers.	page 22
§5.7	Nile R. Thompson, C. Dale Sloat	note	The original name [of the tribe] was reduced to S'Klallam, meaning "strong people," at the signing of the Point No Point Treaty. The full name was too difficult for the nonnative settlers to pronounce. Tribal members' names were changed to Euro-American names for the same reason.	page 22
§5.7	Nile R. Thompson, C. Dale Sloat	note	The S'Klallam language is in common [i.e. related] with other coastal Salish language families as are some of their beliefs and practices. (North Central ESD 2005)	page 22
§6	Nile R. Thompson, C. Dale Sloat	heading	6 Bilingual compensation	page 22
§6	Nile R. Thompson, C. Dale Sloat	note	It was claimed that the Twana were almost all bilingual in precontact times (especially in regard to Puget Sound Salish). Their being bilingual was said to be compensation for their neighbors’ not wanting to learn Twana as a result of the DLB. The bilingualism claim was supported by four types of observations.	page 22
§6	Nile R. Thompson, C. Dale Sloat	note	CLAIM #3 – BILINGUAL COMPENSATION (3.4.3):	page 22
§6	Nile R. Thompson, C. Dale Sloat	note	● Bilingualism was inevitable; the children of women married into Hood Canal were always bilingual (3.4.2); mixed language marriages always led to bilingualism (3.3.4).	page 22
§6	Nile R. Thompson, C. Dale Sloat	note	● Most Twana were bilingual and many were polylingual (3.3); multilingualism was the norm (3.4); probably few Twana were monolingual (3.4).	page 23
§6	Nile R. Thompson, C. Dale Sloat	note	● Almost all of the Twana (or at least of the Skokomish) were bilingual, speaking or understanding Puget Sound Salish in addition to Twana (3.3); every Twana knew Puget Sound Salish (3.4); nearly every Twana understood Puget Sound Salish (3.2).	page 23
§6	Nile R. Thompson, C. Dale Sloat	note	● Near total bilingualism was a pre-reservation condition (3.3.4).	page 23
§6.1	Nile R. Thompson, C. Dale Sloat	heading	6.1 Did mixed language marriage always lead to bilingualism?	page 23
§6.1	Nile R. Thompson, C. Dale Sloat	note	Some wholly bilingual communities have been reported in the region. The general rule stated is for husbands to have learned the language of their incoming wives from eastern Washington. This came about through a “westward movement of the Klickitats from just east of the Cascade Mountains … accomplished by individuals, mostly women, and not by the tribe in general” (Ruby and Brown 1986:69).	page 23
§6.1	Nile R. Thompson, C. Dale Sloat	note	Movement of the Klickatat language (in the Sahaptin family) down the Cowlitz River began when the Taitnapam (the Salish speaking Upper Cowlitz) intermarried with the Klickatat and “assumed their language” (Ruby and Brown 1986:69). Next the Newaukum (a Salish language speaking Lower Cowlitz group) became bilingual owing to their intermarriage with the Taitnapam (Adamson 1999:10).	page 23
§6.1	Nile R. Thompson, C. Dale Sloat	note	In another reported case, it is doubtful the term bilingual should have been applied. To the north of the Cowlitz River in inland Salish language speaking Nisqually villages, marriage with Sahaptin speakers from east of the Cascades was also frequent. These communities were called “bilingual foothill villages” also. In these cases, however, it is made clear that it was not individuals who were bilingual but rather the community as a whole. Individuals did not usually learn the language of their spouses. Additionally, among the Nisqually, interlanguage family marriages usually didn’t lead to bilingual children.	page 23
§6.1	Nile R. Thompson, C. Dale Sloat	note	Most people did not speak both languages, they spoke one or the other; “bilingual” must be understood as referring to the village as a whole, not to individuals. There are many cases remembered in foothill villages in which husband and wife could barely converse on the most simple subjects; children of such unions spoke either language, but seldom both. (Smith 1940:22)	page 23
§6.1	Nile R. Thompson, C. Dale Sloat	note	Smith says Leschi was a possible exception to the rule.	page 23
§6.1	Nile R. Thompson, C. Dale Sloat	note	Leschi … was born and raised in [the Mashell Creek] village … If he spoke Sahaptin, it is also certain that he spoke Salish. … So far as actual language knowledge went he was probably unusual. Most people did not speak both languages … they spoke one or the other … (Smith 1940:22)	page 23
§6.1	Nile R. Thompson, C. Dale Sloat	note	These cases, where the Southern Puget Sound Salish did not achieve bilingualism, all involved marriages to non-Salish speakers. Other researchers have noted that Elmendorf restricts his claims of bilingualism to Salish languages.	page 24
§6.1	Nile R. Thompson, C. Dale Sloat	note	Elmendorf contends that by necessity, virtually all adult Twana were bilingual, speaking their own tongue as well as another Salish language (1960:282). (Bergland 1983)	page 24
§6.1	Nile R. Thompson, C. Dale Sloat	note	This leads us to question whether the children of unions between Twana men and non-Salish women, resident on Hood Canal, would have spoken anything other than Twana. If they had, surely Elmendorf (1960:282) would not have restricted his claim about aboriginal bilingualism to Southern Puget Sound Salish “in the form current with minor variations from the Sahewamish of the southwest sound north to the Suquamish.” (We will examine the reasons behind his restriction in Section 8.)	page 24
§6.2	Nile R. Thompson, C. Dale Sloat	heading	6.2 Would all or nearly all of the Twana have been bilingual?	page 24
§6.2	Nile R. Thompson, C. Dale Sloat	note	The claim that nearly all the Skokomish Twana spoke Southern Puget Sound Salish simply does not fit with the other aspects of Twana society that Elmendorf presents for the precontact period. First, the Skokomish Twana were a class-divided community. Elmendorf (1960:327, 346) points out that only the upper class were able to marry outside of the Twana speech area; slaves and the lower class lacked “good marriage connections.” Thus, commoners and the lower class had no opportunity or reason to learn a foreign language. We believe that claiming the narrowly focused materials gained from the Allen brothers is evidence about bilingualism and multilingualism among the precontact Twana is a very dubious proposition.	page 24
§6.2	Nile R. Thompson, C. Dale Sloat	note	Elmendorf contradicts himself anecdotally by presenting the case that there was a Skokomish Twana who did not know Puget Sound Salish.	page 24
§6.2	Nile R. Thompson, C. Dale Sloat	note	The last Skokomish monolingual … died twenty years ago. (Elmendorf 1958:17)	page 24
§6.2	Nile R. Thompson, C. Dale Sloat	note	Actually though, Robert Lewis (lax̌qedəb, ca. 1847-1943), the individual spoken of was actually still alive throughout Elmendorf’s period of extensive field work (the summers of 1939 and 1940) and capable of being interviewed. 12 His father was ½ Klallam and ½ Twana while his mother was ½ Twana and ½ Suquamish. The 1880 Census confirms Elmendorf’s statement that Lewis didn’t speak English. The Allen brothers suggested that Elmendorf talk with their “uncle” but he never did. One has to presume in precontact times when English was not around there would have been even more monolingual Twana.	page 24
§6.2	Twana	cited form	lax̌qedəb	page 24, in the prose
footnote 12	Nile R. Thompson, C. Dale Sloat	note	In May 1942, Robert Lewis was interviewed when “over 100 years of age” through an interpreter by Edward G. Swendell, Jr., of the U.S. Indian Service, for the purpose of recording “the names and locations” of the usual and accustomed fishing grounds” of the Twana (Lewis 1942).	page 24, footnote 12
§6.2	Nile R. Thompson, C. Dale Sloat	note	Known Twana genealogies also argue against Elmendorf’s claims with regard to upper class marriage patterns and concomitantly against his claims with regard to bilingualism. The provenance of pre-reservation marriage partners for two groups of resident Twana males is shown in Table 4. The Skokomish data (n= 18) is based on Elmendorf (n.d. b) while the Quilcene data (n = 10) is based on the 1880 Census augmented by information in Elmendorf (1993).	page 25
§6.2	Nile R. Thompson, C. Dale Sloat	note	Wife’s People Skokomish Twana Quilcene Twana	page 25, a printed line of Table 4
§6.2	Nile R. Thompson, C. Dale Sloat	note	Klallam/No. Straits 11% 40%	page 25, a printed line of Table 4
§6.2	Nile R. Thompson, C. Dale Sloat	note	Chimakum --- 10%	page 25, a printed line of Table 4
§6.2	Nile R. Thompson, C. Dale Sloat	note	Northern Puget Sound Salish 16.5% 10%	page 25, a printed line of Table 4
§6.2	Nile R. Thompson, C. Dale Sloat	note	Twana 33% 10%	page 25, a printed line of Table 4
§6.2	Nile R. Thompson, C. Dale Sloat	note	Southern Puget Sound Salish 22% 30%	page 25, a printed line of Table 4
§6.2	Nile R. Thompson, C. Dale Sloat	note	Lower Chehalis/Satsop 16.5% ---	page 25, a printed line of Table 4
§6.2	Nile R. Thompson, C. Dale Sloat	note	Table 4: Provenance of wives of Twana males prior to the reservation	page 25, the caption
§6.2	Nile R. Thompson, C. Dale Sloat	note	Logically, the children of two Twana parents would have had no reason and probably no chance to be bilingual. If the children didn’t hear the foreign language, they wouldn’t learn it. Thus, the data in Table 4 would predict that the children in 10% of the Quilcene families would not have been bilingual because their mothers were native speakers of Chimakum. Additionally, the children of 33% of the unions at Skokomish and 10% at Quilcene would not have been bilingual because their mothers were native speakers of Twana.	page 25
§6.3	Nile R. Thompson, C. Dale Sloat	heading	6.3 Was pre-reservation marriage to Southern Puget Sound Salish women at a high rate?	page 25
§6.3	Nile R. Thompson, C. Dale Sloat	note	If the data in Table 4 is indicative of general conditions at the time, Twana males showed no preference for Southern Puget Sound Salish marriage partners over Twana ones. Southern Puget Sound Salish speakers represent just 22% of these marriages for Skokomish Twana males. The proportion was somewhat higher at Quilcene, 30%. This data leads to the conclusion that most Twana did not become bilingual speakers of Southern Puget Sound Salish either in precontact or pre-reservation times.	page 25
§6.4	Nile R. Thompson, C. Dale Sloat	heading	6.4 Lack of motivation to be bilingual for many	page 25
§6.4	Nile R. Thompson, C. Dale Sloat	note	Because upper-class marriage was a “guarantee of high social position” (Elmendorf 1960:362), there was probably some prestige and value associated with being a bilingual offspring of such a union.13 There was no prestige factor attributed to Puget Sound Salish during this time period that led to the Twana learning it rather than their own language. Klallam was actually accorded a higher prestige value.	page 25
footnote 13	Nile R. Thompson, C. Dale Sloat	note	Being bilingual was an asset among the neighboring Upper Chehalis, for example. There a chief “had to be smart, know about all the families in the regions, and speak many languages” (Dan Secena in Adamson 1999:22).	page 26, footnote 13
§6.4	Nile R. Thompson, C. Dale Sloat	note	Clallam [was] one of four languages spoken on the Reservation … [I]t is important to note, from the point of view of possible linguistic borrowing, that the Clallam were the more prestigious. (Drachman 1969:9)	page 26
§6.4	Nile R. Thompson, C. Dale Sloat	note	However, in the case of a Twana whose parents did not speak Puget Sound Salish and who married someone from another tribe, for example, a Klallam or a Satsop, there was no incentive to be bilingual in Twana and Puget Sound Salish. Beyond there being no motivation, there was really no opportunity for Twana children of those unions to learn Puget Sound Salish.	page 26
§6.5	Nile R. Thompson, C. Dale Sloat	heading	6.5 Was there near total fluency in Puget Sound Salish?	page 26
§6.5	Nile R. Thompson, C. Dale Sloat	note	One and a half years after his arrival, Eells had this appraisal of the language situation on the Skokomish Reservation.	page 26
§6.5	Nile R. Thompson, C. Dale Sloat	note	They are the native Twana. Quite a number talk the Nisqually language entirely; a large number understand, and it is said that during the last few years more and more individuals are learning to speak it. The great majority, however, talk the Twana language in their conversation among themselves. All except the old persons talk also the Chinook in their intercourse with the whites and some other tribes of Indians, and quite a number understand English. (Eells 1877:98)	page 26
§6.5	Nile R. Thompson, C. Dale Sloat	note	What he didn’t learn until later was that there was a potpourri of people on the reservation – a great many of the new residents not being Twana but actually Squaxin and Steilacoom. Eells states specifically that the increase in speaking Puget Sound Salish came in “the last few years”, namely the mid-1870s. And at that time Twana was the primary language.	page 26
§6.5	Nile R. Thompson, C. Dale Sloat	note	Among those who settled on the Skokomish Reservation several years after the treaty were a considerable number of Puget Sound Salish from the Squaxin villages (see Eells 1985:16, 20); “about one sixth of the people on the reservation originally came from Squaxin, and spoke the Nisqually [language]” (Eells 1886:33). In the earlier historic period the Twana are said to have “been familiar” with or able to “speak or understand” Puget Sound Salish. In Elmendorf’s view, this familiarity developed into full bilingualism over the next eighty or so years due to the presence of the non-Twana on the reservation.	page 26
§6.5	Nile R. Thompson, C. Dale Sloat	note	In more recent times almost all native Twana speakers have acquired a command of the Puget Sound language from Sahewamish and Squaxon who have for many years been resident on the Skokomish reservation. (Elmendorf 1960:278)	page 27
§6.5	Nile R. Thompson, C. Dale Sloat	note	Puget Salish … had become widely spoken on the Skokomish Reservation by the 1870s and 1880s. (Elmendorf 1993:xxxv)	page 27
§6.5	Nile R. Thompson, C. Dale Sloat	note	The great influx of Southern Puget Sound Salish speakers to Hood Canal came after the establishment of the Skokomish Reservation. This movement reshaped the linguistic map and led to the large distribution of Puget Sound Salish that Eells and Henry Allen saw in the last part of the nineteenth century. There was no widespread speaking of Southern Puget Sound Salish on Hood Canal prior to reservation times.	page 27
§7	Nile R. Thompson, C. Dale Sloat	heading	7 Data supporting interlanguage communication	page 27
§7	Nile R. Thompson, C. Dale Sloat	note	There is reason to believe that individuals who spoke neighboring Coast Salish languages communicated to some degree without needing to learn each other’s languages. The Southern Coast Salish would have needed an elementary means of communication for distant travel, which would often have included talks with in-laws. A limited working proficiency would allow a woman who has married into a different speech community to interact at a basic level with other women in the village during economic activities. This interlanguage speech was not used in formal settings, such as invitations to gatherings and potlatches, where interpreters (or “speakers”) were used (see Elmendorf 1993:29-37).	page 27
§7	Nile R. Thompson, C. Dale Sloat	note	This argues against the need for Twana individuals to learn neighboring languages because of the DLB and against almost all Twana being bilingual or multilingual. In the subsections that follow, we will present direct observations from Coast Salish people of interlanguage communication and observations of how the cultures facilitated its use.	page 27
§7.1	Nile R. Thompson, C. Dale Sloat	heading	7. 1 Direct observations of interlanguage communication	page 27
§7.1	Nile R. Thompson, C. Dale Sloat	note	Apparently the differences between Twana and Puget Sound Salish were not so great as to prevent conversation between a person speaking one of them and another person speaking the other. Notwithstanding Drachman’s observation, it is clear from the reports of several sources that it was unnecessary for speakers of either Puget Sound Salish or Twana to learn the other language in order to communicate.	page 27
§7.1	Nile R. Thompson, C. Dale Sloat	note	While Gibbs’s statement is somewhat vague on how much each language group could understand of the other’s speech, Eells speaks firsthand of the Twana and the Squaxin Sahewamish being able to communicate with each other, each using their own language.	page 27
§7.1	Nile R. Thompson, C. Dale Sloat	note	Although the Squakson tribe, by treaty and language, belong to the Nisqually Indians, yet about thirty of that tribe, since the selection of the Skokomish reservation, have moved to it, and have become incorporated with the Twanas. They did so because their own people for a time were scattered, because of the nearness of the reservation to their old haunts and its advantages, and because of numerous intermarriages between them and the Twanas. For the most part, they use their own language, but they understand the Twanas, and the Twanas understand them. Twenty-five others for a time became connected with the Twanas, but because they did not obtain titles to the land on the reservation as soon as they expected, and as soon as they had a right to expect from Government promises, they became discouraged and left. (Eells 1887:5; emphasis added)14	page 28
footnote 14	Nile R. Thompson, C. Dale Sloat	note	The remarks of historians Ruby and Brown mirror the statements of Eells concerning mutual intelligibility. After the Skokomish Reservation was set aside … about thirty Squaxins went there and became assimilated into the Twana community. Although each spoke their own dialects, the Squaxins and the Twanas could understand each other. (Ruby and Brown 1986:221)	page 28, footnote 14
§7.1	Nile R. Thompson, C. Dale Sloat	note	Shirley Allen Weidman affirms, again from firsthand observation, that it was not necessary for the speakers of the Twana and Puget Sound Salish languages to be bilingual to make themselves understood. Henry Allen’s second wife, Lucy Kimball Allen, was a fluent speaker of Twana (L. Allen 1942). She could, according to her daughter Shirley, use her Twana language with speakers of neighboring languages and be understood and she, in turn, could understand their languages.	page 28
§7.1	Nile R. Thompson, C. Dale Sloat	note	I know my mother could go to Puyallup and she’d hear people talk and she’d talk to them. And wherever we went she used to be able to talk to whoever was talking to her. So I don’t know how different [the languages all were]. (Weidman in Lund n.d.)	page 28
§7.1	Nile R. Thompson, C. Dale Sloat	note	Elmendorf claims Henry Allen was multilingual with regard to Salishan languages, just as he claims many precontact Twana were. His wording, in fact, makes it sound as though Allen became a native speaker of three languages as a young child.	page 28
§7.1	Nile R. Thompson, C. Dale Sloat	note	Henry was … both literate and fluent in the English language, but throughout his life he retained native fluency in Twana, in his mother’s Klallam, and in Puget Salish. (Elmendorf 1993:xxxv)	page 28
§7.1	Nile R. Thompson, C. Dale Sloat	note	While we do not doubt that he was bilingual in his respective parents’ languages, Twana and Klallam, we have reason to believe that Allen was not fluent in Puget Sound Salish. His stepson, Joseph Andrews Sr., reported that Allen could not speak Puget Sound Salish (N. Thompson n.d. b). However, even so, he could understand Puget Sound Salish. He could also sing in Puget Sound Salish. But this did not require creating novel utterances, but rather reproducing a set, memorizable text	page 29
§7.1	Nile R. Thompson, C. Dale Sloat	note	Allen became familiar with Puget Sound Salish during his first marriage. Although he was not fluent, he was able to interact with his first wife and other Puget Sound Salish speakers, because of the closeness of their language to his Twana. This level communicative competence, along with his being able to perform songs, apparently was enough to lead Elmendorf to think Allen was fluent. Actually, Allen’s limited command is simply another example illustrating the situation that Eells and Weidman described with respect to the Twana understanding but not speaking Puget Sound Salish.	page 29
§7.1	Nile R. Thompson, C. Dale Sloat	note	The two languages clearly then were sufficiently similar that they are mutually intelligible to some degree, enough to make interlanguage communication possible in many instances. The speakers of the Twana and Puget Sound Salish dialects, although they could understand each other’s forms of speech well enough to interact, could not understand more distantly related Salishan languages or languages of other language families.	page 29
§7.1.1	Nile R. Thompson, C. Dale Sloat	heading	7.1.1 Too little too late.	page 29
§7.1.1	Nile R. Thompson, C. Dale Sloat	note	One researcher claimed that interlanguage communication with Twana was not possible. Drachman offers his “personal opinion, based on observation” that Klallam, Satsop and Puget Sound Salish would not “be intelligible to a monolingual Twana-speaker.” He provides the following example of his observations:	page 29
§7.1.1	Nile R. Thompson, C. Dale Sloat	note	My main [Skokomish] informant [Louisa Pulsifer] spoke Nisqually to a Nisqually once in my presence; the Nisqually, however, was unable to understand more than occasional single words of Twana. (Drachman 1969:9)	page 29
§7.1.1	Nile R. Thompson, C. Dale Sloat	note	However, Drachman made his observations at a time when English was the medium of communication and any accommodations for speakers of other Coast Salish language was a practice of the past. This brief lack of communication between a Twana speaker and a Nisqually dialect speaker in the late twentieth century is irrelevant with respect to what was going on precontact.	page 29
§7.1.2	Nile R. Thompson, C. Dale Sloat	heading	7.1.2 Self-reporting of interlanguage communication	page 29
§7.1.2	Nile R. Thompson, C. Dale Sloat	note	Our notions about speakers of one language in the area being able to communicate with those speaking another are bolstered by what the Klallam told Erna Gunther. They said that they could understand both Northern Puget Sound Salish and Twana but not speak them.	page 29
§7.1.2	Nile R. Thompson, C. Dale Sloat	note	The Klallam themselves recognize their linguistic affiliation with the Lummi and the people of southern Vancouver Island. They also claim that they can understand Swinomish and Skokomish, but are aware that these languages differ dialectically from their own. On account of intertribal marriage and frequent visiting many Klallam can understand and speak Makah and Chemakum, both languages of other stocks. (Gunther 1927:181-82)	page 30
§7.1.2	Nile R. Thompson, C. Dale Sloat	note	Elmendorf rejects the notion of mutual intelligibility involving the Twana. However in doing so he counters his own claim that neighboring tribes did not learn Twana because of the DLB.	page 30
§7.1.2	Nile R. Thompson, C. Dale Sloat	note	Gunther's statement that Klallam claim to 'understand Swinomish and Skokomish' must refer to trilingual individuals. (Elmendorf 1960:279)	page 30
§7.1.2	Nile R. Thompson, C. Dale Sloat	note	Here Elmendorf is clearly wrong. Gunther and her informants are quite explicit in distinguishing between merely understanding and being bilingual.	page 30
§7.1.2	Nile R. Thompson, C. Dale Sloat	note	How then do we account for Prosch’s statement, on the one hand, that the Twana could barely make themselves understood to speakers of other languages and the reports that there was not a real problem in being understood, the one by the other? Given the relative isolation of the Twana, Elmendorf’s notion of being “familiar with” (see 6) may hold at least part of the answer. The Twana tended to intermarry into the same outside communities generation after generation. Those Puget Sound Salish speakers who were "familiar with" Twana, perhaps because they had a Twana parent or grandparent, could figure out how to make sense of simple Twana sentences. Where they didn't intermarry, familiarity with the language would be nil and at hearing Twana such Puget Sound Salish would throw up their hands, as reported in the Prosch statement.	page 30
§7.2	Nile R. Thompson, C. Dale Sloat	heading	7.2 Clues that speech was altered for intelligibility	page 30
§7.2	Nile R. Thompson, C. Dale Sloat	note	Eells employed translators for his Sunday sermons on the Skokomish Reservation. These individuals translated Chinook Jargon into Puget Sound Salish or Twana. One interesting translator was likely a Twana who had learned Puget Sound Salish imperfectly as an adult.	page 30
§7.2	Nile R. Thompson, C. Dale Sloat	note	The first interpreter I had was good at heart, but he used the Nisqually language. While most of them understood it, yet this person had learned it after he was grown, and spoke it, the Indians said, much like a Dutchman does our language. (Eells 1886:34-35)	page 30
§7.2	Nile R. Thompson, C. Dale Sloat	note	Eells was probably witnessing a Twana attempting to make himself understood to a larger audience by fitting certain Puget Sound Salish vocabulary into Twana syntax. Because the differences between Southern Puget Sound Salish languages were “attributed to a difference in the ‘words’ (Smith 1940:20), it may have seemed logical to Twana speakers to replace their own words with Puget Sound Salish equivalents in an attempt to be understood.	page 31
§7.2	Nile R. Thompson, C. Dale Sloat	note	Interlanguage communication in general, including Eells’s translator’s endeavors, may have been facilitated by speakers substituting nouns from the addressee’s language into sentences of the speaker’s own language. According to Weidman (Lund n.d.), people knew the corresponding nouns in the other languages. Manipulation of nouns by a speaker based on the addressee’s language is confirmed by a separate source.	page 31
§7.2	Nile R. Thompson, C. Dale Sloat	note	Quilcene Twana Lee Cush noted that younger boys on the Skokomish Reservation were cautioned by elders before making trips to other reservations as to which nouns in Twana must not be used when speaking there because they were homophonous with words in the other language for genitalia or other restricted subjects. One example provided was the avoidance of using Twana pəq ‘white’ when visiting the Upper Chehalis because they worried it would sound too much like their word for ‘penis’, namely spəlq. (N. Thompson n.d. a).	page 31
§7.2	Twana	cited form	pəq	page 31, in the prose, ‘white’
§7.2	Upper Chehalis	cited form	spəlq	page 31, in the prose
§7.3	Nile R. Thompson, C. Dale Sloat	heading	7.3 Apples and oranges?	page 31
§7.3	Nile R. Thompson, C. Dale Sloat	note	Elmendorf uses “loose” rather than technical meanings of the terms bilingual and multilingual.	page 31
§7.3	Nile R. Thompson, C. Dale Sloat	note	Almost all of the Twana, at least of the Skokomish, were aboriginally bilingual, speaking or understanding in addition to their own tongue the Puget Sound language … (Elmendorf 1960:282; emphasis added)	page 31
§7.3	Nile R. Thompson, C. Dale Sloat	note	His definition of bilingual allows for fluency in one and only an ability to understand the other. Thus, in using bilingual, he is not necessarily speaking of someone with “an effective control of two native languages.” Further, when he uses multilingual, he is speaking “of someone who has some [level of command] command of more than two languages” (Matthews 1997:38, 235) but is not necessarily able to produce novel utterances in more than one.	page 31
§7.3	Nile R. Thompson, C. Dale Sloat	note	What Elmendorf is really saying is that, as a general rule, Twana speakers could understand Puget Sound Salish but not speak it. This meshes with Eells’ observations over a half century earlier.	page 31
§7.3	Nile R. Thompson, C. Dale Sloat	note	About one sixth of the people on the reservation had originally come from Squaxin, and spoke the Nisqually [language.] … While nearly all the Twana Indians understood it, as, in fact, nearly all the Indians on the upper sound do, yet it was spoken by very few on the reservation. (Eells 1886:33-35)	page 31
§7.3	Nile R. Thompson, C. Dale Sloat	note	What Eells and Elmendorf are both pointing to is that Twana speakers were not speakers of Puget Sound Salish but they had an easier time understanding Puget Sound Salish than Puget Sound Salish speakers had in understanding Twana. This was not bilingualism but rather interlanguage communication. And it was asymmetrical, as is apparently usually the case among more or less closely related tongues like, for example, Portuguese and Spanish.	page 32
§7.3	Nile R. Thompson, C. Dale Sloat	note	Apparently the reverse was also true at times, that Puget Sound Salish speakers were able to make some headway at speaking Twana but not truly understanding everything. George Gibbs was an early observer of the southern Coast Salish, from the period surrounding the treaty signings. He wrote the first dictionary of Puget Sound Salish. The following statement appears to stem from either Gibbs’s direct observation or from his discussions with speakers of Puget Sound Salish.	page 32
§7.3	Nile R. Thompson, C. Dale Sloat	note	[The Twana] language constitutes a distinctive one, differing so far from that of the Niskwalli as not to be generally understood. (Gibbs 1877:178)	page 32
§7.3	Nile R. Thompson, C. Dale Sloat	note	Historian Thomas Prosch grew up in the town of Steilacoom as the son of a newspaper publisher. He interprets Gibbs’s statement in the same way we do, that interlanguage communication, while not easy, was possible.	page 32
§7.3	Nile R. Thompson, C. Dale Sloat	note	Gibbs … makes it plain that the connection between these Indians was quite insignificant. The Hood's Canal Indians had a language so different that they could hardly make themselves understood by the Indians elsewhere ... (Prosch 1907:307)	page 32
§7.3	Nile R. Thompson, C. Dale Sloat	note	This statement also makes it clear that extensive bilingualism among Twana individuals in the late 1850s is a myth, for if they were bilingual they wouldn't have been speaking Twana to the Puget Sound Salish; they would have been speaking Puget Sound Salish.	page 32
§8	Nile R. Thompson, C. Dale Sloat	heading	8 Source of the Twana DLB	page 32
§8	Nile R. Thompson, C. Dale Sloat	note	Because Puget Sound Salish and Twana are closely related, it would not have taken long for speakers of either to learn the other. Thus, it is surprising that speakers of the former language singled out the latter as hard to learn. If the Twana language was not as difficult as the DLB states, why did the DLB develop concerning Twana? To determine the reason, we must first examine how the Southern Coast Salish classified languages.	page 32
§8.1	Nile R. Thompson, C. Dale Sloat	heading	8.1 Southern Coast Salish view of Coast Salishan	page 33
§8.1	Nile R. Thompson, C. Dale Sloat	note	The Twana and Puget Sound Salish had a rings-in-a-pool concept of language relationships. The innermost ring was an individual’s own language. The more closely related languages were in the next rows of rings while the outermost rings contained the most foreign languages. A story concerning when the world changed, when the ancestors of today’s Indians were placed in these lands, outlines some of the relationships between languages.	page 33
§8.1	Nile R. Thompson, C. Dale Sloat	note	There’s a legend about the Chimakum people. There was a well on one of the San Juan Islands. A monster, a bad animal got into the well. People would go to drink water and he’d snatch them. They got afraid. After a while dúkʷibał [the Changer] came and caught him, and it was octopus. He [the Changer] cut off his legs and threw one leg to [Lower] Chehalis, one to Nisqually, one to Puyallup (or maybe it was k̓ʷayɛ́q [Upper Chehalis]), one to Snohomish, one to Skagit, one to Lummi, one to Klallam, and one to Twana. He threw the body to čə́bqəb [Chimakum]. The eight legs speak more or less alike, realize their languages are similar. But nobody can understand Chimakum at all. (Elmendorf n.d. a; Elmendorf 1993:144-45)	page 33
§8.1	Twana	cited form	dúkʷibał	page 33, in the prose
§8.1	Twana	cited form	k̓ʷayɛ́q	page 33, in the prose, [Upper Chehalis]
§8.1	Twana	cited form	čə́bqəb	page 33, in the prose, [Chimakum]
§8.1.1	Nile R. Thompson, C. Dale Sloat	heading	8.1.1 The inner circles	page 33
§8.1.1	Nile R. Thompson, C. Dale Sloat	note	This story of languages being created from a monster distinguishes Lower Chehalis and Upper Chehalis as separate languages and does the same with Lummi and Klallam, both distinctions corresponding to views held by linguists. But the story holds Nisqually, Puyallup, Snohomish and Skagit to be four different languages as well, rather than dialects of Puget Sound Salish, as linguists categorize them.	page 33
§8.1.1	Nile R. Thompson, C. Dale Sloat	note	The following statements describe how the Southern Puget Sound Salish envisioned the middle and inner rings, with peoples again equated with languages:	page 33
§8.1.1	Nile R. Thompson, C. Dale Sloat	note	According to the local point of view, peoples of the entire Puget Sound drainage down to and including the Skagit River, plus the Skokomish, [Lower] Chehalis, Upper [Chehalis] and, possibly, Lower Cowlitz countries belonged to the same group. (Smith 1940:151)	page 33
§8.1.1	Nile R. Thompson, C. Dale Sloat	note	The peoples of the island and coastal region east of Vancouver Island and north to the international boundary, although practically unknown to the upper Sound before the stimulation of white commerce, were nevertheless included within the same group when they were thought of at all. The languages of this group were not intelligible one to the other … (ibid., 3)	page 33
§8.1.1	Nile R. Thompson, C. Dale Sloat	note	The Southern Puget Sound Salish view of the Coast Salishan languages seems to match the classification proposed by Kinkade (1976) as to the relationship between Twana and Puget Sound Salish. However, it does not agree with Kinkade’s view that Upper Chehalis is more distantly related to them than Klallam is.	page 34
§8.1.1	Nile R. Thompson, C. Dale Sloat	note	The inner rings represent a grouping by the Puget Sound Salish of their language with Twana but not with Klallam.	page 34
§8.1.1	Nile R. Thompson, C. Dale Sloat	note	All the Indians of the large section of land . . . between the Cascades and the Olympics from the headwaters of the Sound to Skagit Bay, including Hood Canal but not including Clallam, were held to be one people. (ibid.)	page 34
§8.1.1	Nile R. Thompson, C. Dale Sloat	note	This appraisal matches the hint elsewhere by the same author that Twana was regarded as a dialect of Puget Sound Salish by the Southern Puget Sound Salish.	page 34
§8.1.1	Nile R. Thompson, C. Dale Sloat	note	In the Puyallup-Nisqually dialect [group] the word [dxʷlélap] means butte or rump but informants thought it might mean something else in the dialects of either the Twana or Snohomish. (ibid., 17)	page 34
§8.1.1	Twana	cited form	dxʷlélap	page 34, in the prose
§8.1.1	Nile R. Thompson, C. Dale Sloat	note	Even so, Smith (ibid., 20) confirms that speakers of the Southern Puget Sound Salish dialects did not view Twana as mutually intelligible with their language.	page 34
§8.1.2	Nile R. Thompson, C. Dale Sloat	heading	8.1.2 Klallam	page 34
§8.1.2	Nile R. Thompson, C. Dale Sloat	note	The Twana and likely the Puget Sound Salish, as well, felt that Klallam was a difficult language to learn. Shirley Weidman, who learned some Klallam but more Twana while she was growing up on the Skokomish Reservation, Weidman complained in 1999 that “Klallam was so hard to learn” (N. Thompson n.d. b).15 The sound inventories of the three Salishan languages are quite similar, with Twana having the smallest number of consonants. Puget Sound Salish has certain voiced consonants absent from the other two while Klallam sounds quite different from Twana and Puget Sound Salish because it has nasals and glottalized nasals in normal speech forms which are found in the others only in special register vocabularies. Weidman’s half-brother Joe Andrews Sr. joked that it sounds to a Twana speaker as if the Klallam are talking through their noses (ibid.). The Puget Sound Salish viewed the Klallam as further removed from them than the Twana, both culturally and linguistically. The Twana were held to be the same people as they were, but the Klallam were specifically excluded (Smith 1940:3). Thus, Puget Sound Salish speakers too must have considered Klallam a more difficult language for them to learn than Twana. They also would have felt the same regarding Upper Chehalis and Lower Chehalis. But, even though both the Puget Sound Salish and Twana would have felt that it was a difficult language to learn, nothing we could call a DLB grew up around Klallam.	page 34
footnote 15	Nile R. Thompson, C. Dale Sloat	note	For Henry Allen, differences in languages were most often viewed in terms of unshared vocabulary (see 3.1). When his children spoke of Klallam being different from Twana, their emphasis was on the phonology.	page 34, footnote 15
§8.1.3	Nile R. Thompson, C. Dale Sloat	heading	8.1.3 Linguist estimations of Salish closeness	page 35
§8.1.3	Nile R. Thompson, C. Dale Sloat	note	Several linguists have weighed in over the years on the best way to classify the Coastal Salish languages. Swadesh (1950) has a Coast Division containing five branches. Klallam and Lummi are in one, Upper Chehalis, Quinault and Lower Chehalis are in another, and Puget Sound Salish and Twana are each the sole language in another two. L. Thompson (1970:73) elevates the branch with Upper Chehalis, Quinault and Lower Chehalis to equal status with the Coast Division. Meanwhile, he does away with the remaining subgroupings within the Coast Division because he regards those languages as “a long … continuum.” A continuum is an area of neighboring dialects that exhibit no clear-cut lines to differentiate one language from another. This contrasts with Drachman’s view that there was a bold line between Twana and Puget Sound Salish. Kinkade (1976:1990) preserves the higher level structure proposed by L. Thompson but recognizes subdivisions within the Coast Division. Significantly, he combines Puget Sound Salish and Twana in a single branch.16	page 35
footnote 16	Nile R. Thompson, C. Dale Sloat	note	Suttles (1977:22) holds that the ten Coast Salish languages of the Strait of Georgia and greater Puget Sound basin are “as diverse as English, German, and Swedish – clearly related but certainly not mutually intelligible.” However, this view is at odds with the notion of them forming a language continuum, as presented by L. Thompson (1970). And it would seem to be incorrect, at least with regard to the Puget Sound Salish dialects and Twana.	page 35, footnote 16
§8.1.3	Nile R. Thompson, C. Dale Sloat	note	The degree of difference between pairs of Coast Salishan languages has been compared to differences between pairs of Indo-European languages. These comparisons may suggest what degree of mutual intelligibility was possible among certain sets of Coast Salish languages.	page 35
§8.1.3	Nile R. Thompson, C. Dale Sloat	note	For a long time, Klallam and Northern Straits Salish (including the Lummi dialect) were thought by linguists to be the same language, Straits Salish. In Table 5 there are two estimations of how close the languages are, one has them as dialects and the other, matching current thought, as distinct languages. In the latter, Klallam is said to be about as different from Northern Straits Salish as Portuguese is from Spanish. There is said to be no mutual intelligibility between Klallam and Northern Straits.	page 35
§8.1.3	Nile R. Thompson, C. Dale Sloat	note	Mrs. Elsie Claxton [b. 1911 or 1912] … is reputed to be the most knowledgeable speaker of "old time Saanich." … Mrs. Claxton knows the Cowichan language and understands the other dialects of North Straits, Lummi, Songish, and Sooke. Lummi seems to her to be closer to Saanich than the other two. She is unable to understand Lushootseed or Klallam. …	page 35
§8.1.3	Nile R. Thompson, C. Dale Sloat	note	It has been suggested that Straits, including Klallam, is all one language. But, in fact, Klallam and Saanich are not mutually intelligible. Native speakers of Saanich were unable to understand clear tape recordings of Klallam discourse … (Montler 1986)	page 36
§8.1.3	Nile R. Thompson, C. Dale Sloat	note	Coast Salish Indo-European Source	page 36, a printed line of Table 5
§8.1.3	Nile R. Thompson, C. Dale Sloat	note	No. Puget Sd. Salish & So. British English &	page 36, a printed line of Table 5
§8.1.3	Nile R. Thompson, C. Dale Sloat	note	Puget Sd. Salish American English Suttles (1977:22)	page 36, a printed line of Table 5
§8.1.3	Nile R. Thompson, C. Dale Sloat	note	Twana & Puget Sound Salish French & Italian Elmendorf per Lane	page 36, a printed line of Table 5
§8.1.3	Nile R. Thompson, C. Dale Sloat	note	(1973:2)	page 36, a printed line of Table 5
§8.1.3	Nile R. Thompson, C. Dale Sloat	note	Klallam & No. Straits Salish Portuguese & Spanish Thom Hess (p. c.	page 36, a printed line of Table 5
§8.1.3	Nile R. Thompson, C. Dale Sloat	note	1973)	page 36, a printed line of Table 5
§8.1.3	Nile R. Thompson, C. Dale Sloat	note	English & Scots Suttles (1977:22)	page 36, a printed line of Table 5
§8.1.3	Nile R. Thompson, C. Dale Sloat	note	Table 5: Comparison of Coast Salish distances with Indo-European distances17	page 36, the caption
footnote 17	Nile R. Thompson, C. Dale Sloat	note	At their best, the comparisons are based on calculations of the number of shared cognates (i.e. lexicostatistics).	page 36, footnote 17
§8.1.3	Nile R. Thompson, C. Dale Sloat	note	The equation of the distance between Klallam and Northern Straits as being the same as between Portuguese and Spanish is the same as is given for a pair of Interior Salishan languages between which the mutual understanding is said to be only sporadic.	page 36
§8.1.3	Nile R. Thompson, C. Dale Sloat	note	[S]ometimes [a speaker of Kalispel] can and sometimes can't understand native speakers from the Coeur d'Alene Tribe. The Coeur d'Alenes have a separate Salish language, as distinct from Kalispel as Portuguese is from Spanish … (Raymond Brinkman in Craig 2004)	page 36
§8.1.3	Nile R. Thompson, C. Dale Sloat	note	In Table 2, the order of difference between the Twana and Puget Sound Salish is said to compare to that between Italian and French. By examining communication between speakers of the various Romance languages we can get a picture that includes the analogs of the Twana and Puget Sound Salish.	page 36
§8.1.3	Nile R. Thompson, C. Dale Sloat	note	Generally speaking, the relative difficulty to which second language learners refer is the perceived difference between the new language and their first language. Portuguese speakers, for example, seem to have no problems in understanding Spanish speakers. For them, Spanish is a simpler version of their own language. Spanish speakers, however, generally only understand about half of what Portuguese speakers say. An Italian, hearing a conversation between a Portuguese speaker and a Spanish speaker might be able to figure out what the conversation is about but not be able to understand most of the details. The Italian speaker would have even more trouble understanding what a speaker of French is saying. Catalan shares features of Spanish and French, but is not understood fully by speakers of either of those languages. The relative ease with which speakers of one Romance language understand those speaking another is based on a large though incomplete convergence in phonology (e.g. Portuguese has an inventory that includes sounds which Spanish speakers have some trouble with), syntax (e.g. Portuguese grammar also gives Spanish speakers a bit of trouble) and vocabulary (e.g. French shares less vocabulary with the other three languages than they do with each other).	page 36
§8.1.3	Nile R. Thompson, C. Dale Sloat	note	There are parallels between the Coast Salishan languages and the Romance languages with respect to mutual intelligibility. Lummi has a role like that of Spanish while Klallam corresponds to Portuguese. Puget Sound Salish fills the place of Catalan, while Twana is the analog of French. Speakers of any of these languages generally would have understood speakers of the others along a scale of somewhat to fairly well.	page 37
§8.1.3	Nile R. Thompson, C. Dale Sloat	note	There is anecdotal evidence from the Romance languages that knowing two of the related languages makes it easier to learn a third.	page 37
§8.1.3	Nile R. Thompson, C. Dale Sloat	note	The people living in Catalunya like me (barcelona and so [forth]), speak Catalan, and with [knowing] the mix of catalan and spanish, we are able to understand french, italian, portuguese and a little bit of romanian.18	page 37
footnote 18	Nile R. Thompson, C. Dale Sloat	note	This quote comes from the Girlz Gaming House website: www.girlzgaminghouse.com/index.php?option=com_content&task=view&id=783&Itemid=14.	page 37, footnote 18
§8.1.3	Nile R. Thompson, C. Dale Sloat	note	This same ‘triangulation’ used to understand a third language was no doubt also found among bilingual speakers of Coast Salish languages in western Washington.	page 37
§8.2	Nile R. Thompson, C. Dale Sloat	heading	8.2. The outer circle	page 37
§8.2	Nile R. Thompson, C. Dale Sloat	note	In the outermost ring were languages which truly seemed foreign. These were the non-Salishan languages, Chimakum to the north, Makah to the northwest, and Yakima to the east. In between were circles containing the other Salishan languages. Henry Allen expressed this three-way distinction, starting with the outer circles and working inward, when he said, “Chemakum, Makah, Yakima are different, but the other languages around here are like Twana” (Elmendorf 1960:281).	page 37
§8.2.1	Nile R. Thompson, C. Dale Sloat	heading	8.2.1 Chimakum as the earlier target of the DLB	page 37
§8.2.1	Nile R. Thompson, C. Dale Sloat	note	The speakers of the Southern Puget Sound Salish dialects regarded Twana as very similar to their own forms of speech. However, they also realized that their forms of speech were more similar to each other than any of them was to Twana. If there was no meaningful difference between the two languages in terms of word length (as we have shown in 4.1), then there must have been another factor which led Southern Puget Sound Salish speakers to claim Twana was harder to learn, for both Indians and white persons alike. It is therefore intriguing that prior to its virtual extinction there was a DLB concerning the Chimakum language.	page 37
§8.2.1	Nile R. Thompson, C. Dale Sloat	note	Chimakum was noted by linguists as unique (Swanton 1953:417). And the neighboring Coast Salish found it to be strange to them too. The story of the creation of peoples with different languages from a monster explicitly distinguishes Chimakum as not Salishan. Based on their classification of languages in the region, Puget Sound Salish and Twana speakers would have found Chimakum to be the hardest of the neighboring languages to learn.	page 38
§8.2.1	Nile R. Thompson, C. Dale Sloat	note	A comparison … shows that the Twana and Nisqually agree on many points, and the Klallam is similar to them in some, but the Chemakum, except in a few instances, is different from the others … (Eells 1889:646)	page 38
§8.2.1	Nile R. Thompson, C. Dale Sloat	note	For the Southern Coast Salish, listening to Chimakum was not like listening to another Salishan language where cognates could be recognized. “One of the most distinctive features cited for the Chemakum by their neighbors was the unintelligibility of their language” (Collins 1949:147). As the Coast Salish legend said, “nobody can understand Chemakum at all.”	page 38
§8.2.1	Nile R. Thompson, C. Dale Sloat	note	[The Chemakum] talked so funny . . . Not one word like Twana or Klallam or anything else. (Henry Allen in Elmendorf 1993:144)	page 38
§8.2.1	Nile R. Thompson, C. Dale Sloat	note	Nobody here spoke Chemakum. It was a funny language, different from the others. (Frank Allen in Elmendorf 1960:283)	page 38
§8.2.1	Nile R. Thompson, C. Dale Sloat	note	Puget Sound Salish speakers echoed the views of the Skokomish. One Southern Puget Sound Salish branded the Chimakum language “entirely different” (Smith 1940:20). Others Indians “say ‘they speak like birds,’ a phrase commonly used in regard to language absolutely foreign” (Gibbs 1877:177).	page 38
§8.2.1	Nile R. Thompson, C. Dale Sloat	note	Apparently Twana and Puget Sound Salish speakers on the Skokomish Reservation did not even attempt to learn Chimakum. Frank Allen said he knew only one Chimakum word, that for ‘man’, while his brother Henry knew the words for ‘come’ and ‘no’ (Elmendorf 1993:144).	page 38
§8.2.1	Nile R. Thompson, C. Dale Sloat	note	[T]he Tsemakum is literally an unknown tongue to the rest; not an individual, it is said, out of the tribe being acquainted with it, a circumstance very unusual among the Indians. (Gibbs 1877:177)	page 38
§8.2.1	Nile R. Thompson, C. Dale Sloat	note	[T]he Chimakum … language differs materially from either that of the Clallams or the Nisqually, and is not understood by any of their neighbors. In fact, they have maintained it a State secret. (Gibbs 1854:37)	page 38
§8.2.1	Nile R. Thompson, C. Dale Sloat	note	Thus, the statement that Twana was hard to learn was not a broad statement comparing it to all other languages in the world, for Chimakum was thought to be much harder to master.	page 39
§8.2.2	Nile R. Thompson, C. Dale Sloat	heading	8.2.2 Interlanguage families	page 39
§8.2.2	Nile R. Thompson, C. Dale Sloat	note	For an adult, knowing even one language may help in learning another that is closely related to it and we suspect the same is probably true when a child is learning two related first languages at the same time. When parents spoke languages that weren’t in the same family, however, the child had no such advantage. And, it appears, there was a low incidence of bilingualism among children of those families.	page 39
§8.2.2	Nile R. Thompson, C. Dale Sloat	note	As we noted earlier (6.2), Smith (1940:22) states that the children of a Puget Sound Salish and Sahaptin union in the upper Nisqually River drainage rarely learned both languages. The comparable marriage among the Twana would have been with a Chimakum. Elmendorf (1960) states that Twana children of two Coast Salish language unions always learned both languages. However, according to Frank Allen, when the incoming wife was Chimakum the children did not learn her language.	page 39
§8.2.2	Nile R. Thompson, C. Dale Sloat	note	Thus, whether the children in the region learned both languages or learned only one was usually determined by the distance between the parents’ languages. When the languages were both Coast Salish, the Twana children usually learned both. When the foreign language was from the outer circle, the child was generally monolingual.19	page 39
footnote 19	Nile R. Thompson, C. Dale Sloat	note	Carolyn Kessler is cited by Edith Moravcsik (1972; in Working Papers on Language Universals 8, Stanford University) as having developed a hypothesis about language learning and language distance. Kessler suggests that “the sequence and rate of acquisition of linguistic structures in two languages learned by the same person is in relation to the degree of their similarity …”	page 39, footnote 19
§8.2.3	Nile R. Thompson, C. Dale Sloat	heading	8.2.3 The demise of Chimakum	page 39
§8.2.3	Nile R. Thompson, C. Dale Sloat	note	Like the Twana, the Chimakum were not very numerous in precontact times. The high estimate, that of Mooney (1928), numbers them at but 400. But unlike the Twana language, the Chimakum language started undergoing language replacement as their numbers shrank following intertribal warfare and contact. The following quotes document the chronology of the death of the language.	page 39
§8.2.3	Nile R. Thompson, C. Dale Sloat	note	Gibbs (1877:177-178) confirms [a] lack of knowledge of the language by non-Chemakum for the period around 1850-1860. (Elmendorf 1960:283)	page 39
§8.2.3	Nile R. Thompson, C. Dale Sloat	note	The Chimakums … were not very numerous . . . Dr. Gibbs 1852 states their number to have been ninety … Dr. Gibbs says that they had been engaged in wars with the Makah, Clallam, Twana, Snohomish and Duwamish [actually Suquamish] Indians, by whom their power was broken. (Eells 1887:5-6)	page 39
§8.2.3	Nile R. Thompson, C. Dale Sloat	note	The Chemakum had effectively disappeared from the aboriginal scene as a people before 1860. (Elmendorf 1960:296)	page 40
§8.2.3	Nile R. Thompson, C. Dale Sloat	note	By the early twentieth century the Chemakum had disappeared as a separate people, their language was no longer spoken, and their descendants had become absorbed by the Clallam, the Twana, and the larger non-Indian society. … The Chemakum remnant seems, during the second half of the nineteenth century, to have largely married into other Indian communities [e.g. the Clallam and Twana] … These intermarriages were apparently accompanied by loss of language and of ethnic identity. (Elmendorf 1990:438-39)	page 40
§8.2.3	Nile R. Thompson, C. Dale Sloat	note	The following passage shows that circa 1877 the Twana no longer had much or any contact with the Chemikum.	page 40
§8.2.3	Nile R. Thompson, C. Dale Sloat	note	There are no civilized tribes of Indians with whom they [the Twana] have any contact. There are a number of tribes of half-civilized Indians, with whom they are in contact more or less, chiefly the Squaxons, Nisqually, Clallams, Snohomish, Lummi, and Chehalis tribes. (Eells 1877:62)	page 40
§8.2.3	Nile R. Thompson, C. Dale Sloat	note	Now [circa 1887] virtually extinct, there being only seven left, who are not legally married to white men or into other tribes. Of these there is only one complete family, and it has connected itself with the Clallam Indians at Port Gamble. With the exception of one or two very old ones they now commonly use the Clallam language. They say that their diminution was caused by the small-pox, but probably war had something also to do with it … (Eells 1887:6)	page 40
§8.2.3	Nile R. Thompson, C. Dale Sloat	note	In 1890, Boas was able to find only three individuals who could speak their language, and then but imperfectly. (Swanton 1953:417)	page 40
§8.2.3	Nile R. Thompson, C. Dale Sloat	note	Given that it is human nature for societies to have another language they can point to as being the hardest to learn, it is hardly surprising that Puget Sound Salish speakers transferred their DLB from Chimakum to Twana. Note that the preceding descriptions of the demise of the Chimakum people and their language show each was fairly well gone by the time the DLB began to be recorded for Twana.	page 40
§9	Nile R. Thompson, C. Dale Sloat	heading	9 The transfer of the DLB to Twana	page 41
§9	Nile R. Thompson, C. Dale Sloat	note	With Chimakum no longer a healthy language, the DLB probably sat dormant for a number of years. The reappraisal of Twana came only after a number of Southern Puget Sound Salish speakers relocated on the Skokomish Reservation.	page 41
§9	Nile R. Thompson, C. Dale Sloat	note	As we have seen with Adam Cush and Mary Adams, Squaxin Sahewamish did learn Twana. Frequent intermarriage meant that the Squaxin were familiar with the Twana language. So it seems unlikely that the Squaxin who moved to the Skokomish Reservation would suddenly decide that Twana was difficult to learn. There was a more likely group of Southern Puget Sound Salish speakers who moved to the reservation about the same time. They were Steilacoom, often confused with their larger neighbors, the Puyallup and Nisqually who received their own reservations.	page 41
§9	Nile R. Thompson, C. Dale Sloat	note	Since the establishment of reservations, it has become usual to label the [Southern Puget Sound Salish] language as either Puyallup or Nisqually according to the river drainage upon which the respective reservations were located. (Smith 1940:20)	page 41
§9	Nile R. Thompson, C. Dale Sloat	note	The following are a few examples of Steilacoom moving to the Skokomish Reservation. Mowitch Man came in 1858 and married two sisters in the Adams family. John Robinson, part Steilacoom and part Squaxin, came the same year and married a Skokomish woman. John’s Squaxin mother came the same year as well and his brother Hank came three years later. Still other Steilacoom came after 1880. It is not hard to imagine Henry Allen and Myron Eells hearing the DLB from just a few individuals with connections to Allen.	page 41
§9	Nile R. Thompson, C. Dale Sloat	note	The Steilacoom on the Skokomish Reservation would have recognized that it was harder for them to learn Twana than to learn Snohomish, for example. They would tell Twana speakers that their language was hard to learn, not comparing it with other more distant Salishan languages or unrelated languages but to other dialects spoken in the Puget Sound watershed. Such statements by the Steilacoom were later misunderstood to be pronouncements on the absolute difficulty of the Twana language. This misunderstanding in turn is one of the factors in the genesis of the Twana DLB.	page 41
§9	Nile R. Thompson, C. Dale Sloat	note	In their statements, these related outsiders were contrasting Twana with the languages now recognized as dialects of Puget Sound Salish. Clearly, Twana was not considered as hard to learn as more distantly related Coast Salishan languages such as Klallam. Rather than Twana, it was a language deemed to be very foreign to both the Puget Sound Salish and Twana that had previously been saddled with the DLB. The Chimakum, in fact, may have been proud their language carried that designation.	page 41
§9	Nile R. Thompson, C. Dale Sloat	note	The reassignment of the DLB to Twana from Chimakum did not take place during precontact times. Rather, the DLB was only applied to the Twana language by the Steilacoom on the Skokomish Reservation after the virtual extinction of the Chimakum language. That the corollary to the DLB involves only the Southern Puget Sound Salish language is further evidence of its origin.	page 41
§10	Nile R. Thompson, C. Dale Sloat	heading	10 New beliefs concerning Southern Coast Salish languages	page 42
§10	Nile R. Thompson, C. Dale Sloat	note	The fact that the Twana language was linguistically close to Puget Sound Salish but had far fewer speakers in a far smaller area continues to fuel speculation. One instance of this speculation has been to regard Puget Sound Salish as synonymous with Proto-Coast Salish.	page 42
§10	Nile R. Thompson, C. Dale Sloat	note	In the side by side comparison below, the altered version elevates the status of the Puget Sound Salish language. A newly coined “Coast Salish Nation” designation is applied to its speakers and their territory is expanded to include all of the Coast Salish territory, if not the entire Salishan territory.20	page 42
footnote 20	Nile R. Thompson, C. Dale Sloat	note	The original text comes from Thrush (n.d.). The revised text is found at Islandwood (n.d.).	page 42, footnote 20
§10	Nile R. Thompson, C. Dale Sloat	note	Original Altered	page 42, the heads of the comparison
§10	Nile R. Thompson, C. Dale Sloat	note	The Native Americans of Puget Sound have been known as Puget Salish and Southern Coast Salish … Lushootseed comes from two words, one meaning "salt water" and the other meaning "language," and refers to the common language, made up of many local dialects, that was spoken throughout the region.	page 42, the Original column
§10	Nile R. Thompson, C. Dale Sloat	note	Lushootseed territories covered a large part of what is now western Washington …	page 42, the Original column
§10	Nile R. Thompson, C. Dale Sloat	note	The Coast Salish Nation, or Lushootseed, which refers to refers to the common language made up of many local dialects that was spoken throughout the region, occupied the land and waterways of what is now southwestern British Columbia and the northwestern United States.	page 42, the Altered column
§10	Nile R. Thompson, C. Dale Sloat	note	Lushootseed comes from two words, one meaning "salt water" and the other meaning "language."	page 42, the Altered column
§10	Nile R. Thompson, C. Dale Sloat	note	This disturbing development among historians and other non-linguists sweeps away all distinctions among Puget Sound Salish, Twana, Klallam and the other languages of the area, claiming that the Coast Salish of western Washington spoke but one language, called Coast Salish or Lushootseed.	page 42
§10	Nile R. Thompson, C. Dale Sloat	note	The Coast Salish peoples who made their homes along the watershed of … Hood Canal called themselves Tuanook (also [spelled] Twana [or] Twanoh … and spoke the Central or Coast Salish or Salishan language common to Western Washington. … The indigenous people who resided along the shores of upper Puget Sound … spoke Lushootseed, of the Salishan language family. The Coast Salish peoples spoke a common language and traded together. (Wilma 2006)	page 42
§10	Nile R. Thompson, C. Dale Sloat	note	Recently, some tribes have reported suggestions by Puget Sound Salish individuals that, because their language is easier to learn, Puget Sound Salish should be taught to Samish and Skokomish children. One version of the proposal claims that because the Upper Skagit dialect of Puget Sound Salish is the same as Proto-Coast Salish it would be easy to learn it first and then to learn language specific innovations later. Oddly, this is the opposite of the claim by Henry Allen who was of the opinion that learning the proto-language would be harder.	page 42
§10	Nile R. Thompson, C. Dale Sloat	note	Thus, language myths concerning language simplicity and language-learning difficulty persist among the Southern Coast Salish. A generalization is suggested to us that language beliefs are just as likely to get new objects when their original objects are no longer available as to be abandoned.	page 43
§10	Nile R. Thompson, C. Dale Sloat	note	Another new claim is that Twana is actually a Puget Sound Salish dialect.	page 43
§10	Nile R. Thompson, C. Dale Sloat	note	Twana is also the name of the Puget Salish language dialect spoken by the Skokomish people. (Seattle Art Museum n.d) The Twana language, or tuwaduqutSid, is a southern Puget Sound dialect of the Salish language family. (Online Highways n.d.)	page 43
§10	Nile R. Thompson, C. Dale Sloat	note	The following description places Skokomish as a Puget Sound Salish dialect. It is unclear if it is claiming Puget Sound Salish was spoken in the entire Hood Canal watershed or just the eastern half.	page 43
§10	Nile R. Thompson, C. Dale Sloat	note	Before the settlers, Lushootseed was spoken from south Puget Sound near Olympia north to the Skagit River watershed, and from Hood Canal east to the Cascade Range. … Northern Lushootseed was used by the Skagit, Samish, Swinomish, Stillaguamish, Sauk-Suiattle and others. Southern Lushootseed was the language of the Muckleshoot, Puyallup, Nisqually, Skokomish, Suquamish, Snoqualmie and others. The Snohomish people spoke a mix of northern and southern dialects. (Fiege 2013)	page 43
§10	Nile R. Thompson, C. Dale Sloat	note	An older hypothesis about Twana holds that it diverged over a long period of time, perhaps because of isolation.	page 43
§10	Nile R. Thompson, C. Dale Sloat	note	Certainly the Twana had been in the Hood Canal area for some time, because their language was unintelligible even to other Salish-speaking people. (Bergland 1983)	page 43
§10	Nile R. Thompson, C. Dale Sloat	note	This hypothesis never found traction because no isolation from neighboring Salish languages was ever confirmed. A more recent hypothesis is that Twana only recently separated from Puget Sound Salish.	page 43
§10	Nile R. Thompson, C. Dale Sloat	note	The Twana language or Skokomish language belongs to the Salishan family of Native American languages. It is believed by some elders within the Skokomish community (such as Bruce Subiyay Miller) that the language branched off from Lushootseed (xʷəlšucid) because of the region-wide tradition of not speaking the name of someone who died for a year after their death. Substitute words were found in their place and often became normalizing in the community, generating differences from one community to the next. Subiyay speculated that this process increased the drift rate between languages and separated Twana firmly from xʷəlšucid (Lushootseed). (Wikipedia n.d.)	page 43
§10	Puget Sound Salish	cited form	xʷəlšucid	page 44, in the prose
§10	Puget Sound Salish	cited form	xʷəlšucid	page 44, in the prose
§10	Nile R. Thompson, C. Dale Sloat	note	What Miller was referring to are a number of forms in Twana which have been adopted as part of a word-taboo process. In such cases, an older form (one phonologically resembling the name of a recently deceased person who is being honored) is removed from the language and a neologism inserted in its place. The Twana forms in Table 6 represent neologisms rather than expected cognates of the corresponding Puget Sound Salish words.	page 44
§10	Nile R. Thompson, C. Dale Sloat	note	English Twana Puget Sound Salish	page 44, the heads of Table 6
§10	Nile R. Thompson, C. Dale Sloat	note	eye duxʷƛ̓aʔaysəbəd qalúb	page 44, a row of Table 6
Table 6, eye	Twana	cited form	duxʷƛ̓aʔaysəbəd	page 44, Table 6, ‘eye’
Table 6, eye	Puget Sound Salish	cited form	qalúb	page 44, Table 6, ‘eye’
§10	Nile R. Thompson, C. Dale Sloat	note	deer sx̌ʷiʔšəd sqégʷəc	page 44, a row of Table 6
Table 6, deer	Twana	cited form	sx̌ʷiʔšəd	page 44, Table 6, ‘deer’
Table 6, deer	Puget Sound Salish	cited form	sqégʷəc	page 44, Table 6, ‘deer’
§10	Nile R. Thompson, C. Dale Sloat	note	mallard duck hɔ́hɔbšəd x̌átx̌at	page 44, a row of Table 6
Table 6, mallard duck	Twana	cited form	hɔ́hɔbšəd	page 44, Table 6, ‘mallard duck’
Table 6, mallard duck	Puget Sound Salish	cited form	x̌átx̌at	page 44, Table 6, ‘mallard duck’
§10	Nile R. Thompson, C. Dale Sloat	note	rock k̓ʷəlʔílas čƛ̓aʔ	page 44, a row of Table 6
Table 6, rock	Twana	cited form	k̓ʷəlʔílas	page 44, Table 6, ‘rock’
Table 6, rock	Puget Sound Salish	cited form	čƛ̓aʔ	page 44, Table 6, ‘rock’
§10	Nile R. Thompson, C. Dale Sloat	note	Table 6. Twana word taboo example based on Elmendorf (1951)	page 44, the caption
§10	Nile R. Thompson, C. Dale Sloat	note	Miller’s claim has been accepted in a draft intended for educational purposes.	page 44
§10	Nile R. Thompson, C. Dale Sloat	note	The Skokomish are Twana speaking people who occupied the Hood Canal area. Twana is a branch of the Southern Coast Salish or Lushootseed language. (De Danaan n.d.)	page 44
§10	Nile R. Thompson, C. Dale Sloat	note	Now that Twana has virtually disappeared, Puget Sound Salish seems to be picking up the mantle of being a difficult language to learn. The following is a recent on-line posting by a linguist.	page 44
§10	Nile R. Thompson, C. Dale Sloat	note	Lushootseed is about as different from English as it is logically possible for a language to be. ([Tarpent] n.d.)	page 44
§10	Nile R. Thompson, C. Dale Sloat	note	This pronouncement comes from a reporter doing a story about Whulshootseed on the Muckleshoot Reservation.	page 44
§10	Nile R. Thompson, C. Dale Sloat	note	With its clicking and consonants with popping sounds, is so vastly different from English … Whulshootseed [is] not an easy language to learn. (Lacitis 2005)	page 44
§10	Nile R. Thompson, C. Dale Sloat	note	One educational source presents interlanguage communication as a fact, although, Chimakum obviously should not be in the list.	page 45
§10	Nile R. Thompson, C. Dale Sloat	note	The [greater] Puget Sound region is home to many distinct Native groups who speak variations of Salish languages, the Twana language, Chimakuan [sic], Nooksack and Klallam languages. These languages were not “mutually intelligible” (understood one to the other), but in some cases there were enough similarities to communicate effectively. (Seattle Art Museum. n.d)	page 45
§10	Nile R. Thompson, C. Dale Sloat	note	Another writer states that bi- and multi-lingualism was a regional feature of the neighboring Coast Salish tribes.	page 45
§10	Nile R. Thompson, C. Dale Sloat	note	The three tribes with Kitsap [Peninsula] roots [namely Twana, S’Klallam and Suquamish] spoke different languages but had close ties, understood and even spoke each other’s tongues. (McCormick 2006)	page 45
§10	Nile R. Thompson, C. Dale Sloat	note	What we are seeing in these recent statements is the polar opposite of the DLB. These claims, that Twana is nothing more than a dialect of Puget Sound Salish or just Puget Sound Salish with a number of new words substituted in, support a historically ironic belief that the Twana language would have been easy to learn for Puget Sound Salish speakers. It is interesting that such a notion, concentrating as it does on words, completely overlooks the significant grammatical difference between Twana, a VOS language, and Puget Sound Salish, a VSO language. And, in this conception, the Twana are not singled out as being any different from Klallam or Puget Sound Salish in terms of learning their neighbors’ languages.	page 45
§11	Nile R. Thompson, C. Dale Sloat	heading	11 Conclusions	page 45
§11	Nile R. Thompson, C. Dale Sloat	note	We do not feel that it was a mistake for researchers to record these sentiments by speakers of neighboring Coast Salishan languages about Twana being a difficult language to learn. However, it was a mistake not to ask the follow up question, “Compared to what?” Other mistakes were made in backdating the claim to make it seem to apply to precontact times and relate to a number of ongoing cultural factors. The attendant chain of related assertions (that the Twana, knowing their neighbors would have a hard time learning Twana, became more bilingual and multilingual, and the neighbors in turn knew they didn’t have to learn Twana) were also in error. Although the chain of reasoning was logical, it started from false premises. Further, it did not accurately describe the precontact period. The Twana do not appear to have been either more or less likely to speak other languages than their neighbors were either precontact or postcontact. It is also apparent that speakers of neighboring languages in general did not fail to learn Twana because it was difficult. They learned it when they needed to. One reason the Twana language was not learned more was that the population of the Twana was relatively small and therefore did not offer many opportunities for marrying in. However, in individual case studies, we find a consistent pattern of individuals who moved to Hood Canal from elsewhere acquiring the Twana language.	page 45
§11	Nile R. Thompson, C. Dale Sloat	note	The precontact Twana were no more multilingual than their neighbors. And in general the Twana did not have to be fluent in Puget Sound Salish (or vice versa) due to the degree of mutual intelligibility between the two languages which served for most cases of intertribal interaction. Interpreters were utilized for situations in which mutual intelligibility wasn’t sufficiently precise. Members of the Twana and the Puget Sound Salish speech communities had no incentive to learn the other’s language unless they found themselves resident in the other’s speech community.	page 46
§11	Nile R. Thompson, C. Dale Sloat	note	The DLB stems from an earlier folk belief among the Puget Sound Salish concerning the Chimakum. After the virtual death of the Chimakum language, Puget Sound Salish speakers on the Skokomish Reservation began to associate the belief with the Twana language although it was far less foreign than Chimakum. A question remaining to be answered is whether the DLB had a role in hurrying along the death of these two languages, Chimakum and Twana, which had considerably fewer speakers than their neighboring languages.	page 46
references	Nile R. Thompson, C. Dale Sloat	heading	References	page 46
references	Nile R. Thompson, C. Dale Sloat	reference	Adamson, Thelma. 1934. Folk-tales of the Coast Salish. Memoirs of the American Folklore Society 27. New York: American Folklore Society.	page 46
references	Nile R. Thompson, C. Dale Sloat	reference	______. 1999. Chehalis area traditions. Edited by Jay Miller. Northwest Anthropological Research Notes 33(1):1-72.	page 46
references	Nile R. Thompson, C. Dale Sloat	reference	Allen, Lucy. 1942. Affidavit of interpreter. Mason County, Wash. (May 12th).	page 46
references	Nile R. Thompson, C. Dale Sloat	reference	Bergland, Eric O. 1983. Prehistory and Ethnography: Olympic National Park. Seattle, WA: Pacific Northwest Region, National Park Service.	page 46
references	Nile R. Thompson, C. Dale Sloat	reference	Boyd, Robert T. 1999. The Coming of the Spirit of Pestilence. Vancouver: UBC Press.	page 46
references	Nile R. Thompson, C. Dale Sloat	reference	Castile, George Pierre. 1985. Introduction. In The Indians of Puget Sound: The Notebooks of Myron Eells, Castile (ed.), pp. ix-xix. Seattle: University of Washington Press.	page 46
references	Nile R. Thompson, C. Dale Sloat	reference	Collins, June M. 1949. Distribution of the Chemakum language. In Indians of the urban Northwest, Marian W. Smith (ed). Columbia University Contributions to Anthropology 36:147-60.	page 46
references	Nile R. Thompson, C. Dale Sloat	reference	Craig, John. 2004. What people call things around them: Salish languages reveal culture, close ties to natural surroundings. The Spokesman-Review (February 3).	page 46
references	Nile R. Thompson, C. Dale Sloat	reference	Curtis, Edward S. 1913. The North American Indian, Vol. 9: Salishan Tribes of the Coast, the Chimakum, the Quileute, and the Willapa. Norwood, Mass.: Plimpton Press.	page 46
references	Nile R. Thompson, C. Dale Sloat	reference	De Danaan, Llyn. n.d. The Point No Point Treaty: A Model Unit for Washington State History Courses & the Social Studies CBAs. Evergreen Center for Educational Improvement, Evergreen State College. Web-posted draft, 2005 http://www.k12.wa.us/SocialStudies/Assessments/MiddleSchool/Resources/DRAFT-ThePointNoPointTreatyLessons.doc.	page 47
references	Nile R. Thompson, C. Dale Sloat	reference	Drachman, Gaberell. 1969. Twana phonology. Working Papers in Linguistics No. 5, Department of Linguistics, Ohio State University.	page 47
references	Nile R. Thompson, C. Dale Sloat	reference	Eells, Myron. 1877. The Twana Indians of the Skokomish Reservation in Washington Territory. U.S. Geological Survey Bulletin 3(4):57-114.	page 47
references	Nile R. Thompson, C. Dale Sloat	reference	______. 1886. Ten Years of Missionary Work among the Indians at Skokomish, Washington Territory, 1874-1884. Boston: Congregational Sunday School and Publishing Society.	page 47
references	Nile R. Thompson, C. Dale Sloat	reference	______. 1887. The Indians of Puget Sound. American Antiquarian and Oriental Journal 9(2):1-9.	page 47
references	Nile R. Thompson, C. Dale Sloat	reference	______. 1889.The Twana, Chemakum and Klallam Indians of Washignton Territory. Smithsonian Institution, Annual Report for 1887, pp. 605-81.	page 47
references	Nile R. Thompson, C. Dale Sloat	reference	______. 1985. The Indians of Puget Sound: The Notebooks of Myron Eells, George Pierre Castille (ed.). Seattle: University of Washington Press.	page 47
references	Nile R. Thompson, C. Dale Sloat	reference	______. n.d. The Indians of Puget Sound, Vol. 4. Manuscript in Penrose Library, Whitman College, Walla Walla, Wash.	page 47
references	Nile R. Thompson, C. Dale Sloat	reference	Elmendorf, William W. 1951. Word taboo and lexical change in Coast Salish. International Journal of American Linguistics 17(4):205-208.	page 47
references	Nile R. Thompson, C. Dale Sloat	reference	______. 1958. An almost lost culture. Washington State Review 2(2):2-6.	page 47
references	Nile R. Thompson, C. Dale Sloat	reference	______. 1960. The structure of Twana culture. Research Studies, Washington State University, 28(3): Monographic Supplement 2.	page 47
references	Nile R. Thompson, C. Dale Sloat	reference	______. 1985. Myron Eells as ethnographer: An appraisal. Afterword to The Indians of Puget Sound: The Notebooks of Myron Eells, George Pierre Castile (ed.). Seattle: University of Washington Press.	page 47
references	Nile R. Thompson, C. Dale Sloat	reference	______. 1990. Chemakum. In Handbook of North American Indians, Vol. 7: Northwest Coast, Wayne Suttles (ed.), 438-40. Washington: Smithsonian Institution.	page 47
references	Nile R. Thompson, C. Dale Sloat	reference	______. 1993. Twana Narratives: Native Historical Accounts of a Coast Salish Culture. Seattle: University of Washington Press.	page 47
references	Nile R. Thompson, C. Dale Sloat	reference	______. n.d. a. Field notebooks (1934-40). University of California, Berkeley.	page 47
references	Nile R. Thompson, C. Dale Sloat	reference	______, n.d. b. Unpublished Twana genealogical charts and notes.	page 47
references	Nile R. Thompson, C. Dale Sloat	reference	Fiege, Gale. 2013. For students, Tulalip Tribes' native language a connection to the past. (Everett) Herald. http://www.heraldnet.com/article/20130331/NEWS01/703319930.	page 47
references	Nile R. Thompson, C. Dale Sloat	reference	Gibbs, George. 1854. Indian tribes of the Territory of Washington. Exe. Document No. 91, House of Representatives for the Second Session of the 33d Congress, Washington City.	page 47
references	Nile R. Thompson, C. Dale Sloat	reference	______. 1877. Dictionary of the Niskwalli. Contributions to North American Ethnology Vol. I.:285-361. Washington: Department of the Interior.	page 47
references	Nile R. Thompson, C. Dale Sloat	reference	Gunther, Erna. 1927. Klallam ethnography. University of Washington Publications in Anthropology 1(5).	page 47
references	Nile R. Thompson, C. Dale Sloat	reference	Hess, Thom. 1976. Dictionary of Puget Salish. Seattle: University of Washington Press.	page 48
references	Nile R. Thompson, C. Dale Sloat	reference	IslandWood. n.d. The Lushoodseed of Puget Sound. https://www.islandwood.org/studies/culturalHistory/lushootsheed.php.	page 48
references	Nile R. Thompson, C. Dale Sloat	reference	Johnson, Valerie Abrams. 2000. Editor’s note. In Tales of Hood Canal by Ethel M. Dalby, pp. i-iv. Long Beach, Calif.: [self-published; distributed by Mason County Historical Society, Shelton, Wash.].	page 48
references	Nile R. Thompson, C. Dale Sloat	reference	Kinkade, M. Dale. 1976. The Salishan languages. Paper presented at the Northwest Coast Studies Conference, Burnaby, BC.	page 48
references	Nile R. Thompson, C. Dale Sloat	reference	______. 1990. History of research in linguistics. In Handbook of North American Indians, Vol. 7: Northwest Coast, Wayne Suttles (ed.), 98-106. Washington: Smithsonian Institution.	page 48
references	Nile R. Thompson, C. Dale Sloat	reference	Kuipers, Aert H. 2002. Salish etymological dictionary. University of Montana Occasional Papers in Linguistics 16.	page 48
references	Nile R. Thompson, C. Dale Sloat	reference	Lacitis, Eric. 2005) Last few Whulshootseed speakers spread the word. Seattle Times, Feb 5. http://seattletimes.com/html/localnews/2002173798_muckleshoot08m.html.	page 48
references	Nile R. Thompson, C. Dale Sloat	reference	Lane, Barbara. 1973. Anthropological report on the identity, treaty status and fisheries of the Skokomish Tribe of Indians. Prepared for the U.S. Department of the Interior and the Skokomish Indian Tribe for use in U.S. v. State of Washington, 384 F. Supp. 312.	page 48
references	Nile R. Thompson, C. Dale Sloat	reference	Lewis, Robert. 1942. Affidavit of May 12, Mason County, Washington.	page 48
references	Nile R. Thompson, C. Dale Sloat	reference	Lund, Jens. n.d. Two interview tapes with Shirley Weidman (ca. 1998), Skokomish Reservation, Washington.	page 48
references	Nile R. Thompson, C. Dale Sloat	reference	Matthews, Peter. 1997. The Concise Oxford Dictionary of Linguistics. Oxford: Oxford University Press.	page 48
references	Nile R. Thompson, C. Dale Sloat	reference	McCormick, Julie. 2006. How Kitsap got its names. A discussion forum about the origins of local place names. Kitsap Sun. http://blogs.kitsapsun.com/names/archive/2006/12/how_kitsap_got_its_names_disco.html.	page 48
references	Nile R. Thompson, C. Dale Sloat	reference	Meeker, Jerry. n.d. Meeker family notebooks. Special Collections, University of Washington Libraries, manuscript #362 A-C.	page 48
references	Nile R. Thompson, C. Dale Sloat	reference	Montler, Timothy R. 1986. An outline of the phonology and mrphology of Saanich, North Straits Salish. University of Montana Working Papers in Linguistics 4.	page 48
references	Nile R. Thompson, C. Dale Sloat	reference	Mooney, James. 1928. The aboriginal population of America north of Mexico. Smithsonian Miscellaneous Collections 80(7).	page 48
references	Nile R. Thompson, C. Dale Sloat	reference	Nordquist, D.L. and G.E. Nordquist. 1983. Twana Twined Basketry. Ramona, CA: Acoma Books.	page 48
references	Nile R. Thompson, C. Dale Sloat	reference	North Central ESD. 2005. Chapter 1, Native American Profile: S'Klallam. http://www.pacificnorthwestjourneys.org/year2/supplements/na_profiles.cfm?chid=11.	page 48
references	Nile R. Thompson, C. Dale Sloat	reference	Online Highways. n.d. Skokomish Indian Tribe Washington. http://www.ohwy.com/wa/s/skokintb.htm.	page 48
references	Nile R. Thompson, C. Dale Sloat	reference	Prosch, Thomas W. 1907. Seattle and the Indians of Puget Sound. Washington Historical Quarterly 2(1):303-308.	page 49
references	Nile R. Thompson, C. Dale Sloat	reference	Rhodes, Willard. 1950. Catalogue of phonograph recordings of North American Indian music. Bureau of Indian Affairs, Education Division.	page 49
references	Nile R. Thompson, C. Dale Sloat	reference	Ruby, Robert H. and John A. Brown. 1986. Guide to the Indian Tribes of the Pacific Northwest. Norman: University of Oklahoma Press.	page 49
references	Nile R. Thompson, C. Dale Sloat	reference	Seattle Art Museum. n.d. Story, Song, Speech: Puget Sound native arts and culture, and Teachings of the tree people. (Circa 2005.) http://www.seattleartmuseum.org/learn/CDROM/SongStorySpeech/Content/WelcomeLetter.htm.	page 49
references	Nile R. Thompson, C. Dale Sloat	reference	Skokomish Culture and Art Committee. 2002. Skokomish: Twana descendants. In Native Peoples of the Olympic Peninsula: Who We Are by the Olympic Peninsula Intertribal Cultural Advisory Committee, 64-81. Norman: University of Oklahoma Press.	page 49
references	Nile R. Thompson, C. Dale Sloat	reference	Smith, Marian W. 1940. The Puyallup-Nisqually. Columbia University Contributions to Anthropology 32.	page 49
references	Nile R. Thompson, C. Dale Sloat	reference	Suttles, Wayne. 1977. The ‘Coast Salish’ of the Georgia-Puget Sound Basin – Another look. Puget Soundings (April):22-25.	page 49
references	Nile R. Thompson, C. Dale Sloat	reference	Suttles, Wayne and Barbara Lane. 1990. Southern Coast Salish. In Handbook of North American Indians, Vol. 7: Northwest Coast, Wayne Suttles (ed.), 485-502. Washington: Smithsonian Institution.	page 49
references	Nile R. Thompson, C. Dale Sloat	reference	Swadesh, Morris. 1950. Salish internal relationships. International Journal of American Linguistics 16: 157-67.	page 49
references	Nile R. Thompson, C. Dale Sloat	reference	Swanton, James R. 1953. Indians tribes of North America. Bureau of American Ethnology Bulletin 145.	page 49
references	Nile R. Thompson, C. Dale Sloat	reference	[Tarpent,] Marie-Lucie. n.d. May 3, 2012 on-line posting on Language Hat. http://www.languagehat.com/archives/004607.php.	page 49
references	Nile R. Thompson, C. Dale Sloat	reference	Thompson, Laurence C. 1970. The Northwest. Working Papers in Linguistics 2(5), Department of Linguistics, University of Hawaii.	page 49
references	Nile R. Thompson, C. Dale Sloat	reference	Thompson, Nile. 1979a. Twana Dictionary: Student Version. Shelton, Wash.: Twana Language Project, Skokomish Indian Tribe.	page 49
references	Nile R. Thompson, C. Dale Sloat	reference	______. 1979b. tuwaduqucid wəł dxʷləšucid: A comparative dialect study. Papers presented at the International Conference on Salish and Neighboring Languages 14:118-35.	page 49
references	Nile R. Thompson, C. Dale Sloat	reference	______. 1985. Baby talk and its theoretical implications. University of Washington Ph.D. dissertation.	page 49
references	Nile R. Thompson, C. Dale Sloat	reference	______. 1994. Skokomish. In Native American in the Twentieth Century: An Encyclopedia, Kay Davis (ed.), 600-1. New York: Garland Publishing.	page 49
references	Nile R. Thompson, C. Dale Sloat	reference	______. n.d. a. Twana linguistic and ethnographic field notes (1975-79), Skokomish Indian Reservation.	page 49
references	Nile R. Thompson, C. Dale Sloat	reference	______. n.d. b. Twana ethnomusicology field notes (1999-2000), Skokomish Indian Reservation.	page 49
references	Nile R. Thompson, C. Dale Sloat	reference	Thrush, Coll-Peter. n.d. The Lushootseed peoples of Puget Sound country. American Indians of the Pacific Northwest, University of Washington Libraries. http://content.lib.washington.edu/aipnw/thrush.html.	page 49
references	Nile R. Thompson, C. Dale Sloat	reference	Wilma, David. 2006. Mason County – Thumbnail history. HistoryLink. http://www.historylink.org/index.cfm?DisplayPage=output.cfm&File_Id=7730.	page 50
references	Nile R. Thompson, C. Dale Sloat	reference	U.S. Census. 1880. People of the Twana Tribe belonging to Skokomish Reservation, Skokomish Agency. Tenth Census of the United States.	page 50
references	Nile R. Thompson, C. Dale Sloat	reference	Wikipedia. n.d. The Twana Language. http://en.wikipedia.org/wiki/Twana_language.	page 50
references	Nile R. Thompson, C. Dale Sloat	note	Nile Thompson 2821 NW 63rd Street Seattle, WA 98107 nilethompson@dushuyay.com	page 50, the author's name and address
references	Nile R. Thompson, C. Dale Sloat	note	C. Dale Sloat 14120 SW Barrows Road, #5 Portland, OR 97223 dalesloat@aol.com	page 50, the author's name and address
