where	who	kind	form	gloss
front	Lauren Schneider and Donna B. Gerdts	language	Hul’q’umi’num’	the Vancouver Island dialect of Halkomelem, the language of the paper
front	Lauren Schneider and Donna B. Gerdts	name	Gómez	Gómez de García, of Axelrod & Gómez de García 2007
front	Lauren Schneider and Donna B. Gerdts	name	García	Gómez de García, of Axelrod & Gómez de García 2007
front	Lauren Schneider and Donna B. Gerdts	note	In Proceedings of ICSNL 61, Ella Hannon, Laura Griffin, Brent Hall, Bruce Oliver, Danica Reid, Julia Schillo, Lauren Schneider, Reed Steiner, and Bailey Trotter (eds.). Vancouver, BC: UBCWPL. Polyptotonic repetition in Hul’q’umi’num’ narratives* Lauren Schneider & Donna B. Gerdts Simon Fraser University Abstract: This paper explores the use of polyptoton, a type of rhetorical repetition, in Hul’q’umi’num’ narrative texts. Hul’q’umi’num’ is the Vancouver Island dialect of the Halkomelem Salish language. We examine how storytellers vary the morphological form of repeated roots using processes such as aspectual inflection, voice suffixes, lexical suffixes, and category-shifting morphology. The repetition creates cohesion, knitting oral paragraphs together and aiding the listener in following the narrative. These repet itions can also serve as a “bootstrapping” device in language learning. (Axelrod & Gómez de García 2007). Polyptoton of high-frequency roots highlights stem shapes and enables learners to practice identifying affixes and reduplication patterns. It also provides an avenue for teaching rarely used words with more complex morphology by scaffolding them with familiar roots and suffixes.	page 1
front	Lauren Schneider and Donna B. Gerdts	note	Keywords: Polyptoton, repetition, narrative, Hul’q’umi’num’ Salish, language learning	page 1
§1	Lauren Schneider and Donna B. Gerdts	heading	1 Introduction	page 1
§1	Lauren Schneider and Donna B. Gerdts	language	Hul’q’umi’num’	the Vancouver Island dialect of Halkomelem, the language of the paper
§1	Lauren Schneider and Donna B. Gerdts	note	This paper focuses on the analysis of narrative structure in Hul’q’umi’num’, the Vancouver Island dialect of the Halkomelem language. 1 The territory of the Hul’q’umi’num’ people extends along the Salish Sea from Nanoose to Malahat on Vancouver Island in British Columbia. Today around thirty fluent first-language speakers remain, mostly over the age of seventy. As is the case with all Salish languages, and indeed Indigenous languages across North America, intergenerational transmission of Hul’q’umi’num’ from parents to children was intentionally interrupted. This has shifted the burden of language reclamation to a generation of second -language learners. A major challenge for Hul’q’umi’num’ language learners is its polysynthetic structure, which means it exhibits “word-sentences”, i.e., complex verb forms which translate as whole sentences (Mattissen 2004):	page 1
footnote *	Lauren Schneider and Donna B. Gerdts	note	* The work on texts and analysis was funded by Social Sciences and Humanities Research Council, Jacobs Research Fund, American Philosophical Society, and Simon Fraser University. Contact info: ubcwpl@gmail.com, lauren_schneider@sfu.ca	page 1, footnote
footnote 1	Lauren Schneider and Donna B. Gerdts	note	1 The story collection, curated by Donna B. Gerdts, is based on recordings by Wayne Suttles, Thomas Hukari, and Donna B. Gerdts made between 1962 and 2000. This corpus consists of over 17,000 lines of Hul’q’umi’num’ oral texts from eighteen different Elders. The Hul’q’umi’num’ speakers whose stories are featured here are Basil Alphonse, Cecelia Leo Alphonse, Mrs. Jimmy Joe, Sophie Misheal, Peter Mitchell, Elwood Modeste, Ruby Peter, Theresa Rice, Wilfred Sampson, and Ellen White. Many of the narratives are available here: https://saalhsqwal.hwulmuhwqun.ca/. We extend our appreciation to these speakers for sharing their stories and to the research team that helped edit and make them available, including Elena Barreiro, Samara Channell, Zachary Gilkison, Sarah Kell, Kaoru Kiyosawa, Janet Leonard, Zoey Peterson, Helen Zhang, and others.	page 1, footnote
(1) line 1	Hul’q’umi’num’	transcription	’e’ut hwi’ sasum’ustal’hwusstun’a’mut	page 2, engine residue
(1) line 2	Hul’q’umi’num’	segmentation	ʔeʔət xʷiʔ=sasəm̓-əs-t-al̓xʷ-əs-stə-n̓am̓ət	page 2, engine language
(1) line 3	Hul’q’umi’num’	gloss	AUX.DT MIR=sell-DAT-TR-1PL.OBJ-3SUBJ-CS-LCRF<IPFV>	page 2, engine english, carries footnote 2, written here without its digit
(1) line 4	Gerdts & Werle 2014:246	translation	‘He is pretending to sell it to us.’	page 2, engine english, cited Gerdts & Werle 2014:246
(1) line 4	Lauren Schneider and Donna B. Gerdts	citation	(Gerdts & Werle 2014:246)	the tag or source at the right of the translation
§1	Hul’q’umi’num’	cited form	qw’qwuy’al’stun	page 2
§1	Hul’q’umi’num’	root	√qw’aqw	page 2, ‘to club’
§1	Hul’q’umi’num’	cited form	snuhwulhshun	page 2, ‘car tire’
§1	Hul’q’umi’num’	root	√nuhwulh	page 2, ‘canoe, vehicle’
§1	Lauren Schneider and Donna B. Gerdts	note	Crucial to mastering a polysynthetic language is understanding how large words are formed. All new words in the language — those that are not borrowed from other languages — are formed from a finite number of roots; for example, the word for ‘golf club’ qw’qwuy’al’stun is built from the root √qw’aqw ‘to club’ and the word snuhwulhshun ‘car tire’ is built from the root √nuhwulh ‘canoe, vehicle’ (Gerdts & Peter 2011; Hukari & Peter 1995). But, due to the complex word-building processes in the language, a learner might not immediately recognize one of these roots if they are not trained to look for it. Thus, in order for students to increase their Hul’q’umi’num’ vocabulary, mastery of these roots and word-building strategies is key for language learners. We propose that there exist in Elder narrative storytelling structures, tools that can be used to support learners, one such tool being repetition.	page 2
§1	Lauren Schneider and Donna B. Gerdts	note	Repetition is common in oral storytelling (Gerdts 2018; Sherzer 2002); example (2) provides a typical Hul’q’umi’num’ oral paragraph in which the repeated elements have been bolded.3	page 2
(2a) line 1	Hul’q’umi’num’	transcription	’e.e.ey’ tthu swa.a.aw’lus… q’aq’i’utus tthu xut’ustum’ shes, q’aytum tthu shes.	page 2, engine residue, carries footnote 4, written here without its digit
(2a) line 2	Lauren Schneider and Donna B. Gerdts	translation	‘And all the young men were killing what we call sea lion, the sea lions were killed.’	page 2, engine english
(2b) line 1	Hul’q’umi’num’	transcription	lumnum kwthu shes suw’ ’aalh, ’a.a.alhs tthu swaw’lus ’u tthu snuhwulhs.	page 2, engine residue
(2b) line 2	Lauren Schneider and Donna B. Gerdts	translation	‘When they saw the sea lions, the young men got on their canoes.’	page 2, engine english
(2c) line 1	Hul’q’umi’num’	transcription	suw’ tseeltewut kwu shes ’i’ thuq’thuq’tum ’u kwu xut’ustum’	page 2, engine residue
(2c) line 2	Hul’q’umi’num’	transcription	thuyumun.	page 2, engine english
(2c) line 3	Lauren Schneider and Donna B. Gerdts	translation	‘And they went after the sea lions, and they speared them with what we call thuyumun.’	page 2, engine english
(2d) line 1	Hul’q’umi’num’	transcription	kwun’el’s kwun’ xwi’lum’ ’u kwun’ thq’ustun.	page 2, engine language
(2d) line 2	Lauren Schneider and Donna B. Gerdts	translation	‘It has a rope attached to a spear.’	page 2, engine english
(2d) line 2	Lauren Schneider and Donna B. Gerdts	citation	(WSa 4–7)5	the tag or source at the right of the translation
footnote 2	Lauren Schneider and Donna B. Gerdts	note	2 Abbreviations: ACT = activity suffix, AUX = auxiliary, CERT = certainty, CN = connective element, CNJ = conjunction, CS = causative, DAT = dative applicative, DEM = demonstrative, DIM = diminutive, DIST = distal, DT = determiner, DUR = durative, DYN= dynamic, FOC = focus, FUT = future, INCH = inchoative, INST = instrumental, INTJ = interjection, IPFV = imperfective, LCRF = limited control reflexive, LCTR = limited control transitive, LPX = lexical prefix, LS = lexical suffix, MID = middle, MIR = mirative, N = nominalizer, OBJ = object, OBL = oblique, PAS = passive, PL = Plural, POS = possessive, PRF = perfect, PRO.DT = pro-determiner, PROX = proximal, PST = past, RDP = reduplication, RECP = reciprocal, REFL = reflexive, RL = rhetorical lengthening, SG = singular, SSUB = subordinate subject, STA = stative, SUBJ = subject, TR = transitive, < > = non-concatenative morphology.	page 2, footnote
footnote 3	Lauren Schneider and Donna B. Gerdts	note	3 For readability, examples of entire oral paragraphs exceeding three lines will not have interlinear glosses.	page 2, footnote
footnote 4	Lauren Schneider and Donna B. Gerdts	note	4 Vowels extended using periods, e.g., swa.a.aw’lus ‘young men’ in line (a) represent rhetorical lengthening in the Hul’q’umi’num’ orthography (Gerdts et al. 2024), and ellipses in the middle of a line represent pauses.	page 2, footnote
§1	Hul’q’umi’num’	cited form	swa.a.aw’lus	page 2, ‘young men’
footnote 5	Lauren Schneider and Donna B. Gerdts	note	5 When available, links to the online narrative will be included. Listen to this example or the entire narrative here: https://saalhsqwal.hwulmuhwqun.ca/authors/wilfred-sampson/elder-and-the-sea-lion/	page 2, footnote
§1	Lauren Schneider and Donna B. Gerdts	note	Of particular interest in this paper are partial-word repetitions, as underlined in example (2). We refer to this type of repetition as polyptotonic repetition; polyptoton is the rhetorical repetition of a word in a different case, inflection, or voice or of etymologically related words in different parts of speech (Britannica Editors 2008). The following English example comes from the Shakespeare play Richard II:	page 2
§1	Lauren Schneider and Donna B. Gerdts	note	(3) With eager feeding food doth choke the feeder. (Shakespeare n.d.) We find frequent use of this type of rhetorical repetition in Hul’q’umi’num’ Salish narrative texts. For example, Table 1 provides a morphological breakdown and gloss of the underlined words in the oral paragraph in (2).	page 3
Table 1 line 1	Lauren Schneider and Donna B. Gerdts	note	Root repetitions in example (2)	page 3, the caption
Table 1 line 2	Lauren Schneider and Donna B. Gerdts	note	line root form morphology gloss	page 3, heads the rows below
Table 1a line 1	Hul’q’umi’num’	root	√q’ay	page 3, the orthography
Table 1a line 1	Lauren Schneider and Donna B. Gerdts	translation	‘die’	page 3
Table 1a line 1	Hul’q’umi’num’	transcription	q’aq’i’utus	page 3, the orthography
Table 1a line 1	Hul’q’umi’num’	segmentation	q̓aq̓iʔ-ət-əs	page 3, the end of the row above, set on its own line
Table 1a line 2	Hul’q’umi’num’	gloss	die-TR-3SUBJ<IPFV>	page 3, engine english
Table 1a line 3	Lauren Schneider and Donna B. Gerdts	translation	‘killing it’	page 3
Table 1a line 4	Hul’q’umi’num’	root	√q’ay	page 3, the orthography
Table 1a line 4	Lauren Schneider and Donna B. Gerdts	translation	‘die’	page 3
Table 1a line 4	Hul’q’umi’num’	transcription	q’aytum	page 3, the orthography
Table 1a line 4	Hul’q’umi’num’	segmentation	q̓ay-t-əm	page 3, the orthography
Table 1a line 5	Hul’q’umi’num’	gloss	die-TR-PAS	page 3, engine english
Table 1a line 6	Lauren Schneider and Donna B. Gerdts	translation	‘be killed’	page 3
Table 1c line 1	Hul’q’umi’num’	root	√thq’u	page 3, the orthography
Table 1c line 1	Lauren Schneider and Donna B. Gerdts	translation	‘spear’	page 3
Table 1c line 1	Hul’q’umi’num’	transcription	thuq’thuq’tum	page 3, the orthography
Table 1c line 1	Hul’q’umi’num’	segmentation	θəq̓θəq̓-t-əm	page 3, the orthography
Table 1c line 2	Hul’q’umi’num’	gloss	spear-TR-PAS<PL>	page 3, engine english
Table 1c line 3	Lauren Schneider and Donna B. Gerdts	translation	‘be speared (pl.)’	page 3
Table 1d line 1	Hul’q’umi’num’	root	√thq’u	page 3, the orthography
Table 1d line 1	Lauren Schneider and Donna B. Gerdts	translation	‘spear’	page 3
Table 1d line 1	Hul’q’umi’num’	transcription	thq’ustun	page 3, the orthography
Table 1d line 1	Hul’q’umi’num’	segmentation	θq̓-əs-tən	page 3, the orthography
Table 1d line 2	Hul’q’umi’num’	gloss	spear-LS:face-INST	page 3, engine english
Table 1d line 3	Lauren Schneider and Donna B. Gerdts	translation	‘spear (noun)’	page 3
§1	Hul’q’umi’num’	root	√q’ay	page 3, ‘die’
§1	Lauren Schneider and Donna B. Gerdts	note	In line (a) both underlined verbs have the same verb root √q’ay ‘die’ and are marked with the transitive suffix -t. They vary in terms of aspect (perfective versus imperfective) and voice (active versus passive).	page 3
§1	Hul’q’umi’num’	root	√thq’u	page 3, ‘spear’
§1	Hul’q’umi’num’	cited form	thuq’thuq’tum	page 3, ‘they were speared’
§1	Hul’q’umi’num’	cited form	thq’ustun	page 3, ‘spear’
§1	Lauren Schneider and Donna B. Gerdts	note	Another way that the roots can vary is by word class, as evidenced by derivational morphology. For example, the root √thq’u ‘spear’ occurs first as a part of a verb in line (c) and second as part of a noun in line (d). The verb thuq’thuq’tum ‘they were speared’ is marked with voice suffixes (transitive and passive) and plural reduplication.6 The noun thq’ustun ‘spear’ is derived using the instrumental suffix -tun (Gerdts & Schneider 2023:631), and it is modified by a lexical suffix -as ‘face’ (Gerdts & Hinkson 2004).	page 3
§1	Lauren Schneider and Donna B. Gerdts	name	Gómez	Gómez de García, of Axelrod & Gómez de García 2007
§1	Lauren Schneider and Donna B. Gerdts	name	García	Gómez de García, of Axelrod & Gómez de García 2007
§1	Lauren Schneider and Donna B. Gerdts	note	In oral literature, repetition has many well-documented functions including emphasis (Gerdts 2018; Leech 1969; Longacre 1983), speech production (Tannen 1987, 2007), comprehension (Ong 2002), cohesion (Halliday & Hasan 1976), performance (Leech 1969; Tedlock 1983; Sherzer 1983), human interaction (Brody 1986; Tannen 1987, 2007), and language learning (Ochs-Keenan 1983; Axelrod & Gómez de García 2007). This previous literature largely discusses repetition in a broad sense, and so this paper sets out to describe the use of a particular form of repetition used by Hul’q’umi’num’ storytellers and its potential applications to language learning.	page 3
footnote 6	Lauren Schneider and Donna B. Gerdts	note	6 Plural marking on verbs in Hul’q’umi’num’ can reference either plural participants or actions (Gerdts & Schneider 2023:626).	page 3, footnote
§1	Lauren Schneider and Donna B. Gerdts	note	While polyptoton is often thought of as repetition of related forms within a sentence, we find that this type of repetition is also used for cohesion across oral paragraphs in Hul’q’umi’num’ narratives. Repetition helps the listener keep track of the discourse by reminding the participants of the topics and direction of the discourse (see Ong 1982). Repetitions that run through the oral paragraph (and sometimes even beyond) give it cohesion that aids the listener in following the story (Gerdts 2018).	page 3
§1	Lauren Schneider and Donna B. Gerdts	note	For learners, polyptotonic repetition can enhance their ability to segment and categorize the sounds and morphemes of speech and scaffold language learning (Axelrod & Gómez de García 2007:109). Using the Hul’q’umi’num’ text corpus (Gerdts n.d.), we will outline common patterns of polyptoton in Section 2, and in Section 3 we will show how these patterns work together to create cohesion across consecutive lines, but also across oral paragraphs.	page 4
§2	Lauren Schneider and Donna B. Gerdts	heading	2 Common polyptoton patterns	page 4
§2	Lauren Schneider and Donna B. Gerdts	language	Hul’q’umi’num’	the Vancouver Island dialect of Halkomelem, the language of the paper
§2	Lauren Schneider and Donna B. Gerdts	note	In this section, we examine how Hul’q’umi’num’ storytellers vary the expressions of repeated roots using aspect (2.1), voice suffixes (2.2), lexical suffixes (2.3), and word-class shifting derivational morphology (2.4).	page 4
§2.1	Lauren Schneider and Donna B. Gerdts	heading	2.1 Aspect	page 4
§2.1	Hul’q’umi’num’	root	√’imush	page 4, ‘walk’
§2.1	Lauren Schneider and Donna B. Gerdts	language	Hul’q’umi’num’	the Vancouver Island dialect of Halkomelem, the language of the paper
§2.1	Lauren Schneider and Donna B. Gerdts	note	In this section, we will examine the use of aspect to vary the realization of repeated roots. In (4), the verb root √’imush ‘walk’ occurs four times, first with plain perfective aspect and then with imperfective aspect. Most Hul’q’umi’num’ imperfectives are formed by reduplication, but there are a wide range of non-concatenative allomorphs: CV- reduplication, ablaut, metathesis, and a glottal stop infix, among other stem modifications, all of which are accompanied by resonant glottalization (Hukari 1978, 1984; Mellesmoen & Urbanczyk 2020, 2021).	page 4
§2.1	Lauren Schneider and Donna B. Gerdts	note	In line (a), the pair of verbs thuytus ’imush ‘they got everything ready to walk’ form a purposive motion serial construction with perfective aspect (Schneider 2022), and then √’imush is repeated twice more with imperfective aspect.	page 4
(4a) line 1	Hul’q’umi’num’	transcription	suw’ thu.u.uytus ’imush, ’i’mush, ’i.i.i’mush.	page 4, engine english
(4a) line 2	Hul’q’umi’num’	segmentation	səw̓ θəy-t-əs ʔiməš, ʔim̓əš, ʔim̓əš.	page 4, engine language
(4a) line 3	Hul’q’umi’num’	gloss	N.CN make-TR-3SUBJ<RL> walk walk<IPFV> walk<IPFV.RL>	page 4, engine english
(4a) line 4	Lauren Schneider and Donna B. Gerdts	translation	‘So they got everything ready to walk and walked and walked.’	page 4, engine english
(4b) line 1	Hul’q’umi’num’	transcription	yuse’lu skweyul kws ’i’mushs tuw’ne’lulh …	page 4, engine language
(4b) line 2	Hul’q’umi’num’	segmentation	yəsel̓ə skʷeyəl kʷs ʔim̓əš-s təw̓nel̓əɬ …	page 4, engine language
(4b) line 3	Hul’q’umi’num’	gloss	two day DT.N walk-3SUBJ<IPFV> PRO.DT<PL>	page 4, engine english
(4b) line 4	WSa 1977: line 51–52	translation	‘They walked for two days…’	page 4, engine english, cited WSa 1977: line 51–52
(4b) line 4	Lauren Schneider and Donna B. Gerdts	citation	(WSa 1977: line 51–52)	the tag or source at the right of the translation
§2.1	Lauren Schneider and Donna B. Gerdts	note	The fourth instance of the root √’imush occurs in line (b) and this line specifies the length of time the subjects walked, ‘two days’. The combination of repetition, imperfective aspect, and rhetorical lengthening work together to indicate this second part of the event went on for a lengthy period of time.7 This example also illustrates how the root repetition can be adjacent as in line (a) are non-adjacent as in line (b).	page 4
§2.1	Hul’q’umi’num’	root	√ts’is	page 4, ‘grow’
footnote 7	Lauren Schneider and Donna B. Gerdts	note	7 Gerdts et al. (2024) note that a repeated word can vary from the original in rhetorical lengthening,	page 4, footnote
§2.1	Lauren Schneider and Donna B. Gerdts	note	In (5), the repetition of the verb root √ts’is ‘grow’ occurs in lines (a) and (c).	page 4
(5a) line 1	Hul’q’umi’num’	transcription	wulh hum’i yu p’alhthut tthu me’mun’us ’uw’ yath xwum yu ts’its’usum’.	page 5, engine residue
(5a) line 2	Hul’q’umi’num’	segmentation	wəł həm̓i yə=p̓ałθət tᶿə mem̓ən̓ə-s	page 5, engine language
(5a) line 3	Hul’q’umi’num’	gloss	PRF come DYN=mature DT small-3POS<PL>	page 5, engine english
(5a) line 4	Hul’q’umi’num’	segmentation	ʔəw̓ yaθ x̌ʷəm yə=c̓ic̓əs-əm̓.	page 5, engine language
(5a) line 5	Hul’q’umi’num’	gloss	CN always fast DYN=grow-MID<IPFV>	page 5, engine english
(5a) line 6	Lauren Schneider and Donna B. Gerdts	translation	‘The children were maturing, always growing too fast.’	page 5, engine english
(5a) line 6	Lauren Schneider and Donna B. Gerdts	citation	(MJJ.PLM.51)	the tag or source at the right of the translation
(5b) line 1	Hul’q’umi’num’	transcription	nilh thu lhqelts’s ni’ sil’anums, nilh ni’ sil’anums.	page 5, engine residue
(5b) line 2	Hul’q’umi’num’	segmentation	nił θə łqel̓c̓-s niʔ sil̓anəm-s, nił niʔ sil̓anəm-s.	page 5, engine residue
(5b) line 3	Hul’q’umi’num’	gloss	3FOC DT month-3POS DIST.AUX year-3POS 3FOC DIST.AUX year-3POS	page 5, engine english
(5b) line 4	Lauren Schneider and Donna B. Gerdts	translation	‘Their months were their years, they were years to them.’	page 5, engine english
(5b) line 4	Lauren Schneider and Donna B. Gerdts	citation	(MJJ.PLM.52)	the tag or source at the right of the translation
(5c) line 1	Hul’q’umi’num’	transcription	suw’ m’i.i.i ts’isum tthuw’ne’ullh.	page 5, engine residue
(5c) line 2	Hul’q’umi’num’	segmentation	səw̓ m̓i c̓is-əm tᶿəw̓neʔəlł.	page 5, engine language
(5c) line 3	Hul’q’umi’num’	gloss	N.CN come.AUX<RL> grow-MID PRO.DT<PL>	page 5, engine english
(5c) line 4	Lauren Schneider and Donna B. Gerdts	translation	‘And they grew older.’	page 5, engine english
(5c) line 4	Lauren Schneider and Donna B. Gerdts	citation	(MJJ.PLM53)8	the tag or source at the right of the translation
§2.1	Hul’q’umi’num’	cited form	yath	page 5, ‘always’
§2.1	Lauren Schneider and Donna B. Gerdts	note	Again, these realizations vary in terms of aspect. The first instance, in line (a), is imperfective and the second instance, in line (c), is plain perfective. The imperfective form is preceded by the dynamic clitic yu, which commonly co-occurs with imperfective aspect (Schneider & Gerdts 2024). Along with yath ‘always’, the imperfective instance indicates that the event is ongoing. By the time we get to the second instance, perfective is used to indicate that the children have grown older.	page 5
§2.1	Hul’q’umi’num’	cited affix	CV(ʔ)-	the reduplicant of the durative, CV(ʔ)- reduplication plus a vowel shift and resonant glottalization
§2.1	Hul’q’umi’num’	cited form	kw’lhet	page 5
§2.1	Hul’q’umi’num’	cited form	kw’elht	page 5, ‘pouring it’
§2.1	Hul’q’umi’num’	cited form	kw’ikw’lhet	page 5, ‘spilling it continually’
§2.1	Hul’q’umi’num’	root	√kwun	page 5, ‘take, grab, hold’
§2.1	Lauren Schneider and Donna B. Gerdts	note	In (6), the variation is between plain perfective and durative aspect. Duratives are usually formed by CV(ʔ)- reduplication plus a vowel shift and resonant glottalization — e.g., kw’lhet ‘pour it’ (perfective), kw’elht ‘pouring it’ (imperfective), and kw’ikw’lhet ‘spilling it continually’ (durative) (Gerdts & Hukari to appear). The verb root √kwun ‘take, grab, hold’ is repeated twice in the same line, and the second instance is durative.	page 5
(6) line 1	Hul’q’umi’num’	transcription	suw’ kwunutewut tthu swakwun, yu ’i’mush tthu swakwun,	page 5, engine english
(6) line 2	Hul’q’umi’num’	transcription	suw’ hwu kwun’et-s tthuw’nilh tthu swakwun.	page 5, engine residue
(6) line 3	Hul’q’umi’num’	segmentation	səw̓ kʷən-ətewət tᶿə swakʷən, yə=ʔim̓əš tᶿə swakʷən,	page 5, engine language
(6) line 4	Hul’q’umi’num’	gloss	N.CN take-TR.PAS.3SSUB DT loon DYN=walk<IPFV> DT loon	page 5, engine english
(6) line 5	Hul’q’umi’num’	segmentation	səw̓ xʷə=kʷən̓-et-s tθǝw̓nił tᶿə swakʷən.	page 5, engine language
(6) line 6	Hul’q’umi’num’	gloss	N.CN INCH=take-TR-3POS<DUR> PRO.DT DT loon	page 5, engine english
(6) line 7	Lauren Schneider and Donna B. Gerdts	translation	‘And then they captured a loon that was walking by, and they captured it.’	page 5, engine english
(6) line 7	Lauren Schneider and Donna B. Gerdts	citation	(MJJ.PLM.15)	the tag or source at the right of the translation
§2.1	Hul’q’umi’num’	cited form	swakwun	page 5, ‘the loon’
§2.1	Hul’q’umi’num’	cited form	’i’mush	page 5, ‘walking’
footnote 8	Lauren Schneider and Donna B. Gerdts	note	8 Full text and audio available here: https://saalhsqwal.hwulmuhwqun.ca/authors/mrs-jimmy-joe/mjj-pitch/	page 5, footnote
footnote 9	Lauren Schneider and Donna B. Gerdts	note	9 In Gerdts and Hukari’s (2008:26) discussion of NPs in Halkomelem texts they found that non -topic NPs, including object NPs, tend to overt, even when they closely follow an overt expression of the same (or similar) NP.	page 5, footnote
§2.1	Hul’q’umi’num’	root	√mel’q	page 6, ‘forget’
§2.1	Lauren Schneider and Donna B. Gerdts	note	In (6), the root √kwun occurs first with plain perfective aspect and then inflected with durative aspect. The first instance indicates that they took (captured) the loon, and the second instance indicates that the loon remained as their captive. These forms of the repeated root also vary in terms of their person-marking suffixes. Another element that is repeated in this example is the argument tthu swakwun ‘the loon’, which functions as the object of both of the transitivized √kwun and the subject of the verb ’i’mush ‘walking’ that occurs between them.9 Finally, the variation in (7) is between plain perfective and stative aspect. Statives are formed by the prefix s- and often some change in the base, usually a form of reduplication (Gerdts & Hukari to appear). Like imperfectives and duratives, the construction triggers glottalization of non-initial resonants. Below, the root √mel’q ‘forget’ occurs first as a stative in line (a) and second as plain perfective in line (b).	page 5
(7a) line 1	Hul’q’umi’num’	transcription	ni’ ’uw’ulh smel’q ’u tu mustimuhw.	page 6, engine residue
(7a) line 2	Hul’q’umi’num’	segmentation	niʔ ʔəw̓əł s-mel̓q ʔə tə məstiməxʷ.	page 6, engine language
(7a) line 3	Hul’q’umi’num’	gloss	DIST.AUX CN.PST STA-forget OBL DT people	page 6, engine english
(7a) line 4	Lauren Schneider and Donna B. Gerdts	translation	‘His people already had forgotten about him.’	page 6, engine english
(7a) line 4	Lauren Schneider and Donna B. Gerdts	citation	(WSa.GE.357)	the tag or source at the right of the translation
(7b) line 1	Hul’q’umi’num’	transcription	ni’ ’uw’ mel’q tu mustimuhw ’u tuw’nilh, sht’eewun’stum kws tl’lim’s nuw’ q’ay.	page 6, engine residue
(7b) line 2	Hul’q’umi’num’	segmentation	niʔ ʔəw̓ mel̓q tə məstiməxʷ ʔə təw̓nił,	page 6, engine language
(7b) line 3	Hul’q’umi’num’	gloss	DIST.AUX CN forget DT people OBL PRO.DT	page 6, engine english
(7b) line 4	Hul’q’umi’num’	segmentation	št̓e:wən̓-st-əm kʷs ƛ̓lim̓-s nəw̓ q̓ay.	page 6, engine language
(7b) line 5	Hul’q’umi’num’	gloss	think-CS-PAS DT.N really-3POS AUX.CN die	page 6, engine english
(7b) line 6	Lauren Schneider and Donna B. Gerdts	translation	‘He was forgotten by the people because they really thought he was dead.’	page 6, engine english
(7b) line 6	Lauren Schneider and Donna B. Gerdts	citation	(WSa.GE.358)	the tag or source at the right of the translation
§2.1	Lauren Schneider and Donna B. Gerdts	note	In (7), the first instance in line (a) is the stative form ‘forgotten’ establishes the way that things are, and the second instance in line (b) is the plain perfective form of the root ‘forget’ explains how things came to be that way.	page 6
§2.1	Lauren Schneider and Donna B. Gerdts	note	Examples (4)–(7) have illustrated how Hul’q’umi’num’ storytellers vary the expressions of repeated roots using aspect, and we will continue to see these elements contributing to variation throughout this paper. By highlighting the ways that storytellers vary the same root, we can point out to learners both the morphological form of the aspect marking and contrast its effect on the meaning.	page 6
§2.2	Lauren Schneider and Donna B. Gerdts	heading	2.2 Voice suffixes	page 6
§2.2	Lauren Schneider and Donna B. Gerdts	language	Hul’q’umi’num’	the Vancouver Island dialect of Halkomelem, the language of the paper
§2.2	Hul’q’umi’num’	root	√nuq(um)	page 6, ‘dive’
§2.2	Hul’q’umi’num’	root	√nuqum	page 6, ‘dive’
§2.2	Lauren Schneider and Donna B. Gerdts	note	A very common type of polyptoton in Hul’q’umi’num’ narratives is the use of the same verb root with different voice suffixes. In (8), the root √nuq(um) ‘dive’ occurs three times, once in each line.10 Similar to the previous section, the aspect of the repeated roots varies in this example; in lines (a) and (b) the root is imperfective while in line (c) it is perfective. In addition to the aspectual variation, the forms of √nuqum ‘dive’ vary in terms of transitivity.	page 6
(8a) line 1	Hul’q’umi’num’	transcription	sus ’uw’ yu hun’qum’utus tthuw’ mukw’ ’untsu tun’ni’ ’utl’ tu’i… xinupsum.	page 6, engine residue
(8a) line 2	Hul’q’umi’num’	segmentation	səs=ʔəw̓ yə=hən̓qəm̓-ət-əs tᶿəw̓ mək̓ʷ ʔəncə tən̓niʔ	page 6, engine language
(8a) line 3	Hul’q’umi’num’	gloss	N.AUX.3POS=CN DYN=dive-TR-3SUBJ<IPFV> DT.CN all where from	page 6, engine english
(8a) line 4	Hul’q’umi’num’	segmentation	ʔəƛ̓ təʔi … x̌inəpsəm.	page 6, engine language
(8a) line 5	Hul’q’umi’num’	gloss	OBL.DT PROX.DT Green.Point	page 6, engine english
(8a) line 6	Lauren Schneider and Donna B. Gerdts	translation	‘He was diving everywhere from here at Greenpoint.’	page 6, engine english
(8a) line 6	Lauren Schneider and Donna B. Gerdts	citation	(EW 4)	the tag or source at the right of the translation
footnote 10	Lauren Schneider and Donna B. Gerdts	note	10 Gerdts and Hukari (1998) point out that the middle suffix / -(ə)m/ is used on verbs from many different classes, including motion verbs (e.g., ts’tem ‘crawl’ and hwu’alum’ ‘return, go back’). These verbs can no longer be parsed into a free morpheme base and a suffix.	page 6, footnote
§2.2	Hul’q’umi’num’	cited form	-(ə)m/	page 6
§2.2	Hul’q’umi’num’	cited form	ts’tem	page 6, ‘crawl’
§2.2	Hul’q’umi’num’	cited form	hwu’alum’	page 6, ‘return, go back’
(8b) line 1	Hul’q’umi’num’	transcription	sus ne.e.em’ ’uw’ xwte’ ’u kw’i sqtheq yu hun’qum’ ’u tthu nuw’,	page 7, engine residue
(8b) line 2	Hul’q’umi’num’	segmentation	səs nem̓ ʔəw̓ x̌ʷteʔ ʔə k̓ʷi sqθeq yə=hən̓qəm̓	page 7, engine language
(8b) line 3	Hul’q’umi’num’	gloss	N.AUX.3POS go<RL> CN go.toward OBL DT narrows DYN-dive<IPFV>	page 7, engine english
(8b) line 4	Hul’q’umi’num’	segmentation	ʔə tᶿə nəw̓,	page 7, engine language
(8b) line 5	Hul’q’umi’num’	gloss	OBL DT AUX.CN	page 7, engine english
(8b) line 6	Lauren Schneider and Donna B. Gerdts	translation	‘And he went on over toward the narrows, going along, diving [down],’	page 7, engine english
(8b) line 6	Lauren Schneider and Donna B. Gerdts	citation	(EW 5)	the tag or source at the right of the translation
(8c) line 1	Hul’q’umi’num’	transcription	’uwu kw’s tsakws ’i’ ni’ tl’uw’ wulh nuqemutus tthu ni’ yu shhwune.e.em’s.	page 7, engine residue
(8c) line 2	Hul’q’umi’num’	segmentation	ʔəwə k̓ʷs cakʷ-s ʔiʔ niʔ ƛ̓əw̓ wəł nəqem-ət-əs	page 7, engine language
(8c) line 3	Hul’q’umi’num’	gloss	NEG DT.N go.far-3POS CNJ DIST.AUX again PRF dive-TR-3SUBJ	page 7, engine english
(8c) line 4	Hul’q’umi’num’	segmentation	tᶿə niʔ yə=šxʷə-nem̓-s.	page 7, engine language
(8c) line 5	Hul’q’umi’num’	gloss	DT DIST.AUX DYN=N.OBL-go-3POS<RL>	page 7, engine english
(8c) line 6	Lauren Schneider and Donna B. Gerdts	translation	‘It was not far, and he dived again toward the place where he was going.’	page 7, engine english
(8c) line 6	Lauren Schneider and Donna B. Gerdts	citation	(EM 6)11	the tag or source at the right of the translation
§2.2	Hul’q’umi’num’	cited form	nuqum	page 7, ‘dive’
§2.2	Hul’q’umi’num’	cited form	nuqemut	page 7, ‘dive there’
§2.2	Lauren Schneider and Donna B. Gerdts	note	The first and third instances in lines (a) and (c) both have the transitivizing suffix -(u)t, and the second instance in line (b) does not. The object of the transitivized verb root is the location of the diving: nuqum ‘dive’ versus nuqemut ‘dive there’.	page 7
§2.2	Lauren Schneider and Donna B. Gerdts	note	In example (9), the repeated verb root occurs a total of four times in two consecutive sentences, and the verb roots vary again in terms of voice marking.	page 7
(9a) line 1	Hul’q’umi’num’	transcription	’i’ quleetum – qulstum – quliima’ wa’lu lhul’p’iws.	page 7, engine residue
(9a) line 2	Hul’q’umi’num’	segmentation	ʔiʔ qəl-e:t-əm qəl-st-əm qəl-iːmaʔ wal̓ə łəl̓p̓iws.	page 7, engine language
(9a) line 3	Hul’q’umi’num’	gloss	CNJ bad-TR-PAS bad-CS-PAS bad-LS:appear maybe wrinkled	page 7, engine english
(9a) line 4	Lauren Schneider and Donna B. Gerdts	translation	‘But everyone was mean to him, did not like him, I guess because of his ugly wrinkles.’	page 7, engine english
(9a) line 5	Lauren Schneider and Donna B. Gerdts	citation	(TR 31)	page 7, engine residue
(9b) line 1	Hul’q’umi’num’	transcription	qulstum ’u shhw’a’luqw’a’s thu q’e’mi’.	page 7, engine language
(9b) line 2	Hul’q’umi’num’	segmentation	qəl-st-əm ʔə šxʷʔal̓əq̓ʷaʔ-s θə q̓em̓iʔ.	page 7, engine language
(9b) line 3	Hul’q’umi’num’	gloss	bad-CS-PAS OBL sibling-3POS<PL> DT girl	page 7, engine english
(9b) line 4	Lauren Schneider and Donna B. Gerdts	translation	‘The young lady’s siblings did not like him.’	page 7, engine english
(9b) line 4	Lauren Schneider and Donna B. Gerdts	citation	(TR 32)12	the tag or source at the right of the translation
§2.2	Hul’q’umi’num’	root	√qul	page 7, ‘bad’
§2.2	Hul’q’umi’num’	cited form	quleet	page 7, ‘be bad to’
§2.2	Hul’q’umi’num’	cited form	qulstuhw	page 7
§2.2	Hul’q’umi’num’	cited form	swakwun	page 7, ‘the loon’
§2.2	Lauren Schneider and Donna B. Gerdts	note	In line (a) the root √qul ‘bad’ occurs first with the transitive -t and the passive –(u)m suffix, second with the causative -st(uhw) and the passive suffix, and third with no voice suffixes. This example illustrates the use of transitivizing suffixes on an adjective to derive verbs — qul ‘bad’ (adjective), quliima’ ‘ugly’ (adjective), quleet ‘be bad to’ (transitive verb), and qulstuhw ‘dislike it’ (causative verb) (Gerdts & Schneider 2023:632). In line (b), the passivized causative form is repeated again. Word-class shifts will be addressed in greater detail in Section 2.4. In example (10), two consecutive lines share a verb root with active and passive voice marking. The NP tthu swakwun ‘the loon’ is also repeated in both lines.	page 7
footnote 11	Lauren Schneider and Donna B. Gerdts	note	11 Full text and audio available here: https://saalhsqwal.hwulmuhwqun.ca/authors/elwood-modeste/elwood- modeste-tsuwxilum/	page 7, footnote
footnote 12	Lauren Schneider and Donna B. Gerdts	note	12 Full text and audio available here: https://saalhsqwal.hwulmuhwqun.ca/authors/saalh-sqwal/theresa-rice- all-wrinkled-up/	page 7, footnote
(10a) line 1	Hul’q’umi’num’	transcription	’uw’ st’e kwu’elh tthu swakwun wulh tsset.	page 8, engine residue
(10a) line 2	Hul’q’umi’num’	segmentation	ʔəw̓ st̓e kʷəʔeł tᶿə swakʷən wəł cse-t.	page 8, engine language
(10a) line 3	Hul’q’umi’num’	gloss	CN be.like indeed DT loon PRF tell-TR	page 8, engine english
(10a) line 4	Lauren Schneider and Donna B. Gerdts	translation	‘And loon did what he was told.’	page 8, engine english
(10a) line 4	Lauren Schneider and Donna B. Gerdts	citation	(MJJ 57)	the tag or source at the right of the translation
(10a) line 5	Lauren Schneider and Donna B. Gerdts	citation	[[yee]]	page 8, engine residue
(10b) line 1	Hul’q’umi’num’	transcription	nilh tssetum tthu swakwun thuyt kw’ qu.u.ux tuxwa’ts tth’um’een.	page 8, engine residue
(10b) line 2	Hul’q’umi’num’	segmentation	nił cse-t-əm tᶿə swakʷən θəy-t k̓ʷ qəx̌ təx̌ʷaʔc t̓ᶿəm̓e:n.	page 8, engine language
(10b) line 3	Hul’q’umi’num’	gloss	3FOC tell-TR-PAS DT loon make-TR DT many<RL> bow arrow	page 8, engine english
(10b) line 4	Lauren Schneider and Donna B. Gerdts	translation	‘Loon was ordered to make a lot of bows and arrows.	page 8, engine english
(10b) line 4	Lauren Schneider and Donna B. Gerdts	citation	(MJJ 59)13	the tag or source at the right of the translation
§2.2	Hul’q’umi’num’	root	√tsse	page 8, ‘tell to do’
§2.2	Lauren Schneider and Donna B. Gerdts	note	The first instance of the root √tsse ‘tell to do’ is transitive, and the second instance is a passivized transitive. The repetition of the verb root and the NP links the lines together. In (11)–(13), the repeated root occurring in the same line is either active or passive. In (11), the passive form of the verb occurs first, and the transitive form occurs second. The previous line of the narrative tells us that the young man is harvesting cedar bark to make rope.	page 8
(11) line 1	Hul’q’umi’num’	transcription	suw’ tth’asutum, tth’asutus tuw’nilh.	page 8, engine residue
(11) line 2	Hul’q’umi’num’	segmentation	səw̓ t̓ᶿas-ət-əm, t̓ᶿas-ət-əs təw̓niɬ.	page 8, engine language
(11) line 3	Hul’q’umi’num’	gloss	N.CN pound-TR-PAS pound-TR-3SUBJ PRO.DT	page 8, engine english
(11) line 4	Lauren Schneider and Donna B. Gerdts	translation	‘It was cut in lengths and pounded (by that young man).’	page 8, engine english
(11) line 4	Lauren Schneider and Donna B. Gerdts	citation	(WSa.GE.30)	the tag or source at the right of the translation
§2.2	Hul’q’umi’num’	root	√tth’as	page 8, ‘hammer’
§2.2	Lauren Schneider and Donna B. Gerdts	note	Here the passive and active forms of the verb root √tth’as ‘hammer’ share a referent, the cedar bark: ‘iti was pounded, he pounded iti’. Both verbs have the transitive -t suffix, but the first instance is passivized. Thus, they have one shared argument which is the subject of the first (passive) verb and the object of the second.	page 8
§2.2	Hul’q’umi’num’	root	√kwun	page 8, ‘take’
§2.2	Lauren Schneider and Donna B. Gerdts	note	Example (12) is also made up of a passive and a transitive form of the repeated verb root √kwun ‘take’. Here, the referent is represented by overt NPs, which occur with each verb.	page 8
(12) line 1	Hul’q’umi’num’	transcription	nem’ kwunutum tthu skwul’esh, kwunutus tthu skwul’eshs kwu sta’lusthulh.	page 8, engine residue
(12) line 2	Hul’q’umi’num’	segmentation	nem̓ kʷən-ət-əm tᶿə skʷəl̓eš,	page 8, engine language
(12) line 3	Hul’q’umi’num’	gloss	go.AUX take-TR-PAS DT weapon	page 8, engine english
(12) line 4	Hul’q’umi’num’	segmentation	kʷən-ət-əs tᶿə skʷəl̓eš-s kʷə stal̓əsθ-əł.	page 8, engine language
(12) line 5	Hul’q’umi’num’	gloss	take-TR-3SUBJ DT weapon-3POS DT spouse.3POS-PST	page 8, engine english
(12) line 6	Lauren Schneider and Donna B. Gerdts	translation	‘She went for the weapon, got her husband’s weapon.’	page 8, engine english
(12) line 6	Lauren Schneider and Donna B. Gerdts	citation	(WSa 46-47)14	the tag or source at the right of the translation
§2.2	Lauren Schneider and Donna B. Gerdts	note	Like example (11), in the first instance, the referent is the subject of a passivized transitive, and in the second instance the referent is the object of a transitive verb. Unlike (11), this shared argument is overt.	page 8
§2.2	Lauren Schneider and Donna B. Gerdts	note	In contrast with (12), where each instance of the verb root introduces a shared referent, in (13), the overt NPs have different referents.	page 8
footnote 13	Lauren Schneider and Donna B. Gerdts	note	13 Full text and audio available here: https://saalhsqwal.hwulmuhwqun.ca/authors/mrs-jimmy-joe/mjj-pitch/	page 8, footnote
footnote 14	Lauren Schneider and Donna B. Gerdts	note	14 Full text and audio available here: https://saalhsqwal.hwulmuhwqun.ca/authors/wilfred-sampson/young- man-that-turned-into-a-seal-part1/	page 8, footnote
(13) line 1	Hul’q’umi’num’	transcription	suw’ kwulushs tthu sa’si.i.iqwt, kwulushtum tun’a skweyul.	page 9, engine english
(13) line 2	Hul’q’umi’num’	segmentation	səw̓ kʷələš-s tᶿə saʔsiqʷt, kʷələš-t-əm tən̓a skʷeyəl.	page 9, engine language
(13) line 3	Hul’q’umi’num’	gloss	N.CN shoot-3POS DT younger.sibling<RL> shoot-TR-PAS DEM day	page 9, engine english
(13) line 4	Lauren Schneider and Donna B. Gerdts	translation	‘Now the younger brother started shooting into the air.’	page 9, engine english
(13) line 4	Lauren Schneider and Donna B. Gerdts	citation	(MJJ 73)15	the tag or source at the right of the translation
§2.2	Hul’q’umi’num’	root	√kwulush	page 9, ‘shoot’
§2.2	Lauren Schneider and Donna B. Gerdts	note	The first instance of the root √kwulush ‘shoot’ is intransitive and introduces the subject NP of the first clause. The second instance is a passivized transitive, and it hosts the subject argument for the second clause. Salish languages disprefer having clauses with two overtly expressed NPs (Gerdts & Hukari 2003, 2008; Kuipers 1967:172; van Eijk 1997:227); thus, repeating a verb provides an additional NP slot, as illustrated by (12) and (13) (Gerdts & Hukari 2008; Gerdts & Schneider 2021; Schneider 2023).	page 9
§2.2	Lauren Schneider and Donna B. Gerdts	note	Finally, there are four instances (three unique) of the verb root √kwun ‘take’ in (14). Previously in the narrative, the young man, who is the current topic, has abandoned his friend, leaving him for dead in the mountains.	page 9
(14a) line 1	Hul’q’umi’num’	transcription	xut’e ’u tey’ ’i’ wulh nem’ kwunutus, kwunutum thu sta’lusthulh,	page 9, engine residue
(14a) line 2	Lauren Schneider and Donna B. Gerdts	translation	‘While he was doing this, he took up with the wife,’	page 9, engine english
(14a) line 2	Lauren Schneider and Donna B. Gerdts	citation	(WSa.GE.199)	the tag or source at the right of the translation
(14b) line 1	Hul’q’umi’num’	transcription	sta’lusthulh tey’ sye’yus ni’ ’ikw’utus.	page 9, engine residue
(14b) line 2	Lauren Schneider and Donna B. Gerdts	translation	‘the wife of his friend that he got rid of.’	page 9, engine english
(14b) line 2	Lauren Schneider and Donna B. Gerdts	citation	(WSa.GE.200)	the tag or source at the right of the translation
(14c) line 1	Hul’q’umi’num’	transcription	nem’ kwunutus thu slheni’,	page 9, engine residue
(14c) line 2	Lauren Schneider and Donna B. Gerdts	translation	‘He took that woman as his wife,’	page 9, engine english
(14c) line 2	Lauren Schneider and Donna B. Gerdts	citation	(WSa.GE.201)	the tag or source at the right of the translation
(14d) line 1	Hul’q’umi’num’	transcription	suw’ kwun’a.a.atul’ ’u they’ slheni’ kwus ni’ ’u tey’ lelum’s tuw’nilh.	page 9, engine residue
(14d) line 2	Lauren Schneider and Donna B. Gerdts	translation	‘and they lived together at his house.’	page 9, engine english
(14d) line 2	Lauren Schneider and Donna B. Gerdts	citation	(WSa.GE.202)	the tag or source at the right of the translation
§2.2	Lauren Schneider and Donna B. Gerdts	note	In line (a), √kwun is first transitive and then passive, in line (c), it is again transitive, and finally in line (d), it has reciprocal (and durative aspect) marking. The morphology of the verbs and their arguments have been provided in Table 2.	page 9
Table 2 line 1	Lauren Schneider and Donna B. Gerdts	note	Root of √kwun ‘take’ in repetitions in example (14)	page 9, the caption
Table 2 line 2	Lauren Schneider and Donna B. Gerdts	note	line form morphology subject object	page 9, heads the rows below
Table 2a line 1	Hul’q’umi’num’	transcription	kwunutus	page 9, the orthography
Table 2a line 1	Hul’q’umi’num’	segmentation	kʷən-ət-əs	page 9, the orthography
Table 2a line 2	Hul’q’umi’num’	gloss	take-TR-3SUBJ	page 9, engine english
Table 2a line 3	Hul’q’umi’num’	transcription	-us	page 9, the orthography
Table 2a line 3	Lauren Schneider and Donna B. Gerdts	note	(the young man)	page 9
Table 2a line 3	Lauren Schneider and Donna B. Gerdts	note	(the former wife)	page 9
Table 2a line 4	Hul’q’umi’num’	transcription	kwunutum	page 9, the orthography
Table 2a line 4	Hul’q’umi’num’	segmentation	kʷən-ət-əm	page 9, the orthography
Table 2a line 5	Hul’q’umi’num’	gloss	take-TR-PAS	page 9, engine english
Table 2a line 6	Hul’q’umi’num’	transcription	thu sta’lusthulh	page 9, the orthography
Table 2a line 6	Lauren Schneider and Donna B. Gerdts	note	(the former wife)	page 9
Table 2c line 1	Hul’q’umi’num’	transcription	kwunutus	page 9, the orthography
Table 2c line 1	Hul’q’umi’num’	segmentation	kʷən-ət-əs	page 9, the orthography
Table 2c line 2	Hul’q’umi’num’	gloss	take-TR-3SUBJ	page 9, engine english
Table 2c line 3	Hul’q’umi’num’	transcription	-us	page 9, the orthography
Table 2c line 3	Lauren Schneider and Donna B. Gerdts	note	(the young man)	page 9
Table 2c line 3	Hul’q’umi’num’	transcription	thu slheni’	page 9, the orthography
Table 2c line 3	Lauren Schneider and Donna B. Gerdts	note	(the woman: former wife)	page 9
Table 2d line 1	Hul’q’umi’num’	transcription	kwun’a.a.atul’	page 9, the orthography
Table 2d line 1	Hul’q’umi’num’	segmentation	kʷən̓-atəl̓	page 9, the orthography
Table 2d line 2	Hul’q’umi’num’	gloss	take-RECP<DUR.RL>	page 9, engine english
Table 2d line 3	Lauren Schneider and Donna B. Gerdts	note	(the young man)	page 9
footnote 15	Lauren Schneider and Donna B. Gerdts	note	15 Full text and audio available here: https://saalhsqwal.hwulmuhwqun.ca/authors/mrs-jimmy-joe/mjj-pitch/	page 9, footnote
§2.2	Lauren Schneider and Donna B. Gerdts	note	The referents of the verbs are either ‘the young man’ or the ‘former wife of his friend’. The transitive form of the verb is used to refer to both of them and the passive form is used to refer just to the woman. In Hul’q’umi’num’ texts, non-topic NPs tend to be overt, even when they closely follow an overt expression of the same (or similar) NP (Gerdts & Hukari 2008:26). In sum, a very common type of polyptoton in Hul’q’umi’num’ narrative structure is the use of the same verb root with different voice suffixes. The complexities of voice can be quite intimidating for learners of the language, but we would like to suggest that a tool for learning these verb structures already exists in the traditional narrative structure. The interplay between the verbs and their shared referents serves to track the participants in the narrative, and polyptotonic repetition can be utilized to reinforce the learning of complex verb structures.	page 9
§2.3	Lauren Schneider and Donna B. Gerdts	heading	2.3 Lexical suffixes	page 10
§2.3	Hul’q’umi’num’	root	√ship	page 10, ‘cut, shave’
§2.3	Lauren Schneider and Donna B. Gerdts	note	In this section, we will examine the use of lexical suffixes to vary the realization of repeated roots. Lexical suffixes have semantic content analogous to free-standing nouns and are a common feature of Salish languages (Hinkson 1999). For example, in (15), the verb root √ship ‘cut, shave’ occurs in two consecutive lines, and the second instance in line (b) contains the lexical suffix -qsun ‘nose, point’.	page 10
(15a) line 1	Hul’q’umi’num’	transcription	ni’ ch shiput susuw’ hwu qwul’ul’us.	page 10, engine residue
(15a) line 2	Hul’q’umi’num’	segmentation	niʔ č šip-ət səsəw̓ xʷə=qʷəl̓əl̓əs.	page 10, engine language
(15a) line 3	Hul’q’umi’num’	gloss	DIST.AUX 2SG.SUBJ shave-TR N.AUX.3POS.CN INCH=shape	page 10, engine english
(15a) line 4	Lauren Schneider and Donna B. Gerdts	translation	‘You sharpen them with a knife.’	page 10, engine english
(15a) line 4	Lauren Schneider and Donna B. Gerdts	citation	(EW.DC.75)	the tag or source at the right of the translation
(15b) line 1	Hul’q’umi’num’	transcription	shishupqsunstuhw ch.	page 10, engine english
(15b) line 2	Hul’q’umi’num’	segmentation	šišəp-qsən-stəxʷ č	page 10, engine language
(15b) line 3	Hul’q’umi’num’	gloss	shave-LS:point-CS 2SG.SUBJ	page 10, engine english
(15b) line 4	Lauren Schneider and Donna B. Gerdts	translation	‘You sharpen them into a point.’	page 10, engine english
(15b) line 4	Lauren Schneider and Donna B. Gerdts	citation	(EW.DC.76)	the tag or source at the right of the translation
§2.3	Hul’q’umi’num’	cited form	muqsun	page 10, ‘nose’
§2.3	Lauren Schneider and Donna B. Gerdts	note	In line (b), the root √ship is modified by the lexical suffix -qsun ‘nose, point’ to indicate that the item is being ‘shaved into a point’. In some cases, lexical suffixes like this one appear to be a truncated version of a noun, e.g., muqsun ‘nose’, but in most cases lexical suffixes bear little or no phonological resemblance to the free-standing noun of similar meaning (Gerdts 2009:189; Gerdts & Schneider 2023:634).	page 10
§2.3	Hul’q’umi’num’	cited affix	-uw’ulh	page 10, ‘canoe’
§2.3	Hul’q’umi’num’	root	√t’kwa	page 10, ‘get stuck’
§2.3	Lauren Schneider and Donna B. Gerdts	note	In (16), the lexical suffix -uw’ulh ‘canoe’ occurs in line (a) on the root √t’kwa ‘get stuck’.	page 10
(16a) line 1	Hul’q’umi’num’	transcription	’i’ ha’ulh ni’ wulh hwt’ukwuw’ulh kw’unu men, ’i’	page 10, engine residue
(16a) line 2	Hul’q’umi’num’	transcription	mu.u.ukw’ tst ’uw’ tth’utth’eem’ ’u tthu kw’i’hw.	page 10, engine residue
(16a) line 3	Hul’q’umi’num’	segmentation	ʔiʔ haʔ-əł niʔ wəł xʷ-t̓əkʷ-əw̓əł k̓ʷənə men, ʔiʔ	page 10, engine language
(16a) line 4	Hul’q’umi’num’	gloss	CNJ if-PST DIST.AUX PRF LPX-stuck-LS:canoe DT.1POS father CNJ	page 10, engine english
(16a) line 5	Hul’q’umi’num’	segmentation	mək̓ʷ ct ʔəw̓ t̓ᶿət̓ᶿe:m̓ ʔə tᶿə k̓ʷiʔxʷ.	page 10, engine language
(16a) line 6	Hul’q’umi’num’	gloss	all<RL> 1PL.SUBJ CN chew.MID<IPFV> OBL DT chewing.gum	page 10, engine english
(16a) line 7	Lauren Schneider and Donna B. Gerdts	translation	‘And when my father used to cork the canoes, we would all chew the pitch.’	page 10, engine english
(16a) line 8	Lauren Schneider and Donna B. Gerdts	citation	(EW.SS.21)	page 10, engine residue
(16b) line 1	Hul’q’umi’num’	transcription	ts’uhwle’ ’i’ ni’ [tst] q’a’nuhw tthey’ ni’ tl’lim’ nuw’ t’ut’ukw.	page 11, engine residue
(16b) line 2	Hul’q’umi’num’	segmentation	c̓əxʷleʔ ʔiʔ niʔ [ct] q̓aʔ-nəxʷ tᶿey̓ niʔ	page 11, engine language
(16b) line 3	Hul’q’umi’num’	gloss	sometimes CNJ DIST.AUX 1PL.SUBJ add-LCTR DEM DIST.AUX	page 11, engine english
(16b) line 4	Hul’q’umi’num’	segmentation	ƛ̓lim̓ nəw̓ t̓ət̓əkʷ.	page 11, engine language
(16b) line 5	Hul’q’umi’num’	gloss	really AUX.CN stuck<IPFV>	page 11, engine english
(16b) line 6	Lauren Schneider and Donna B. Gerdts	translation	‘Sometimes, we would get the ones that are very sticky.’	page 11, engine english
(16b) line 6	Lauren Schneider and Donna B. Gerdts	citation	(EW.SS.22)	the tag or source at the right of the translation
§2.3	Hul’q’umi’num’	root	√qul	page 11, ‘bad’
§2.3	Lauren Schneider and Donna B. Gerdts	note	In line (a), the root √t’kwa ‘get stuck’ is perfective and in line (b) it is imperfective. Additionally, in line (a) it is marked with a lexical prefix and a lexical suffix.16 The root √t’kwa is modified by the suffix -uw’ulh ‘canoe’ so that the resulting meaning is ‘cork (plug) the canoe’. In (17) [same as (9a)], the third instance of the root √qul ‘bad’ is modified by a lexical suffix.	page 11
(17) line 1	Hul’q’umi’num’	transcription	’i’ quleetum – qulstum – quliima’ wa’lu lhul’p’iws.	page 11, engine residue
(17) line 2	Hul’q’umi’num’	segmentation	ʔiʔ qəl-e:t-əm qəl-st-əm qəl-i:maʔ wal̓ə łəl̓p̓iws.	page 11, engine language
(17) line 3	Hul’q’umi’num’	gloss	CNJ bad-TR-PAS bad-CS-PAS bad-LS:appear maybe wrinkled	page 11, engine english
(17) line 4	Lauren Schneider and Donna B. Gerdts	translation	But everyone was mean to him, did not like him, I guess because of his ugly wrinkles.’ (TR	page 11, the translation of (17), which the page opens without its ‘, with the start of its source (TR 31)
(17) line 5	Lauren Schneider and Donna B. Gerdts	citation	31)17	page 11, the end of the source (TR 31) on its own line, carrying footnote 17
§2.3	Hul’q’umi’num’	root	√thuy’	page 11, ‘make, fix, prepare, build’
§2.3	Hul’q’umi’num’	cited affix	-ew’t-hw	page 11, ‘house’
§2.3	Lauren Schneider and Donna B. Gerdts	note	In (17), the root √qul ‘bad’ occurs three times and the third instance is with a lexical suffix -iima’ ‘appearance’. This word has a compositional meaning: ‘bad’ plus ‘appearance’ results in ‘ugly’. In (18), the root √thuy’ ‘make, fix, prepare, build’ and the lexical suffix -ew’t-hw ‘house’ each occur twice.	page 11
(18) line 1	Hul’q’umi’num’	transcription	tl’e’s wulh qul’et thuyuw’t-hwum tuw’ne’lulh, thuytus tu lelum’s, shakw’um’ew’t-hw.	page 11, engine residue
(18) line 2	Hul’q’umi’num’	segmentation	ƛ̓eʔ-s wəł qəl̓et θəy-əw̓txʷ-əm təw̓nel̓əł,	page 11, engine language
(18) line 3	Hul’q’umi’num’	gloss	also-3POS PRF again make-LS:building-MID PRO.DT	page 11, engine english
(18) line 4	Hul’q’umi’num’	segmentation	θəy-t-əs tə leləm̓-s, šak̓ʷəm̓-ew̓txʷ.	page 11, engine language
(18) line 5	Hul’q’umi’num’	gloss	make-TR-3SUBJ DT house-3POS bath-LS:building	page 11, engine english
(18) line 6	Lauren Schneider and Donna B. Gerdts	translation	‘Again they built themselves a shelter house and a sweat-house.’	page 11, engine english
(18) line 6	Lauren Schneider and Donna B. Gerdts	citation	(WSa.GE.68)	the tag or source at the right of the translation
§2.3	Lauren Schneider and Donna B. Gerdts	language	Hul’q’umi’num’	the Vancouver Island dialect of Halkomelem, the language of the paper
§2.3	Hul’q’umi’num’	cited form	thuyuw’t-hwum	page 11, ‘build a house’
§2.3	Hul’q’umi’num’	cited form	shakw’um’ew’t-hw	page 11
§2.3	Lauren Schneider and Donna B. Gerdts	note	Lexical suffixes are often used to build more complex words in Hul’q’umi’num’. In (18), Wilfred Sampson first presents a complex word thuyuw’t-hwum ‘build a house’, then he rephrases and unpacks the meaning using a periphrastic structure to restate the meaning, thuyt tu lelum’s ‘build his house’. At the end, Sampson uses the lexical suffix in another word, shakw’um’ew’t-hw ‘bath house’.	page 11
§2.3	Hul’q’umi’num’	root	√yuqw’	page 11, ‘burn’
§2.3	Lauren Schneider and Donna B. Gerdts	note	We see a similar pattern in (19); here, the roots √thuy’ ‘fix, prepare, build’ and √yuqw’ ‘burn’ each occur twice.	page 11
footnote 16	Lauren Schneider and Donna B. Gerdts	note	16 The lexical prefix hw- ‘locative’ sometimes co-occurs with lexical suffixes (Gerdts & Hinkson 2004:232).	page 11, footnote
§2.3	Hul’q’umi’num’	cited affix	hw-	page 11, ‘locative’
footnote 17	Lauren Schneider and Donna B. Gerdts	note	17 Full text and audio available here: https://saalhsqwal.hwulmuhwqun.ca/authors/saalh-sqwal/theresa-rice- all-wrinkled-up/	page 11, footnote
(19) line 1	Hul’q’umi’num’	transcription	suw’ thuythut-s yuqwul’tsup, thuytus thu skw’uyuths thu huy’qw.	page 12, engine english
(19) line 2	Hul’q’umi’num’	segmentation	səw̓ θəy-θət-s yəqʷ-əl̓cəp, θəy-t-əs θə sk̓ʷəyəθ-s θə həy̓qʷ.	page 12, engine language
(19) line 3	Hul’q’umi’num’	gloss	N.CN make- REFL-3POS burn-LS:wood make-TR-3SUBJ DT slave-3POS DT burn<IPFV>	page 12, engine english
(19) line 4	Alphonse et al. 2021:12	translation	‘So her slave built a fire.’	page 12, engine english, cited Alphonse et al. 2021:12
(19) line 4	Lauren Schneider and Donna B. Gerdts	citation	(Alphonse et al. 2021:12)18	the tag or source at the right of the translation
§2.3	Hul’q’umi’num’	cited form	thuythut	page 12, ‘prepare’
§2.3	Hul’q’umi’num’	root	√thuy	page 12, ‘make’
§2.3	Hul’q’umi’num’	cited form	yuqwul’tsup	page 12, ‘make a fire’
§2.3	Hul’q’umi’num’	cited form	huy’qw	page 12, ‘the fire’
§2.3	Lauren Schneider and Donna B. Gerdts	note	First, Ruby Peter uses two verbs: thuythut ‘prepare’, which is made up of the root √thuy ‘make’ and the reflexive suffix, and yuqwul’tsup ‘make a fire’, which is made up of the root ‘burn’ and the lexical suffix ‘wood’. Second, she rephrases periphrastically, reusing the root √thuy ‘make’ and overtly stating the object NP is thu huy’qw ‘the fire’ from the root √yuqw’ ‘burn’ in the imperfective. Using this rephrasing technique, the storyteller supports their listeners when they present complex words that do not occur all that frequently. The repetition in (18) and (19) aid listeners in following the narrative and can also be used as a teaching tool for learners. Example (19) also illustrates a root being used as a verb yuqwul’tsup ‘make a fire’ and as a noun thu huy’qw ‘the fire’. The next section will highlight variation caused by the use of word- class shifting morphology.	page 12
§2.4	Lauren Schneider and Donna B. Gerdts	heading	2.4 Word-class shifts	page 12
§2.4	Lauren Schneider and Donna B. Gerdts	language	Hul’q’umi’num’	the Vancouver Island dialect of Halkomelem, the language of the paper
§2.4	Hul’q’umi’num’	root	√qa’	page 12, ‘water’
§2.4	Lauren Schneider and Donna B. Gerdts	note	Another common polyptotonic alternation in Hul’q’umi’num’ is word -class shift, where a root is repeated but occurs with different derivational morphology. For example, in (20), the noun root √qa’ ‘water’ occurs both as a noun and, when reduplicated, as a verb.	page 12
(20) line 1	Hul’q’umi’num’	transcription	ha’ ch ni’ qa’qa’t tthu qa’ ’i’ niihw ch tse’ ’a’lu tun’untsu.	page 12, engine residue
(20) line 2	Hul’q’umi’num’	segmentation	haʔ č niʔ qaʔqaʔ-t tᶿə qaʔ	page 12, engine residue
(20) line 3	Hul’q’umi’num’	gloss	if 2SG.SUBJ DIST.AUX drink-TR<RDP> DT water	page 12, engine english
(20) line 4	Hul’q’umi’num’	segmentation	ʔiʔ ni:xʷ č ceʔ ʔal̓ə tən̓əncə.	page 12, engine language
(20) line 5	Hul’q’umi’num’	gloss	CNJ AUX.2SG.SSUB 2SG.SUBJ FUT anyway from.where	page 12, engine english
(20) line 6	Lauren Schneider and Donna B. Gerdts	translation	‘If you drink that water, you wonder where it comes from.’	page 12, engine english
(20) line 6	Lauren Schneider and Donna B. Gerdts	citation	(EW.Sn.280)	the tag or source at the right of the translation
§2.4	Hul’q’umi’num’	cited form	qa’qa’	page 12
§2.4	Hul’q’umi’num’	cited form	qa’qa’t	page 12, ‘drink it (transitive verb)’
§2.4	Lauren Schneider and Donna B. Gerdts	note	This example illustrates the derivation of a noun root into a verb — qa’ ‘water (noun)’, qa’qa’ ‘drink (verb)’, and qa’qa’t ‘drink it (transitive verb)’ (Gerdts & Schneider 2023:627). In (21), the verb form occurs in line (a) and the noun in line (b); the noun form is derived from the nominalizing prefix sh(hw)-.	page 12
(21a) line 1	Hul’q’umi’num’	transcription	ni’ p’e’ q’ay.	page 12, engine residue
(21a) line 2	Hul’q’umi’num’	segmentation	niʔ p̓eʔ q̓ay.	page 12, engine language
(21a) line 3	Hul’q’umi’num’	gloss	DIST.AUX CERT die	page 12, engine english
(21a) line 4	Lauren Schneider and Donna B. Gerdts	translation	‘He died.’	page 12, engine english
(21a) line 4	Lauren Schneider and Donna B. Gerdts	citation	(MJJ 68)	the tag or source at the right of the translation
(21b) line 1	Hul’q’umi’num’	transcription	nilh tu’i sum’shathut ni’ shq’ays sis yaxw.	page 12, engine residue
(21b) line 2	Hul’q’umi’num’	segmentation	nił təʔi səm̓šaθət niʔ š-q̓ay-s sis yax̌ʷ.	page 12, engine residue
(21b) line 3	Hul’q’umi’num’	gloss	3FOC DEM sun AUX N.OBL-die-3POS N.AUX.3POS melt	page 12, engine english
(21b) line 4	Lauren Schneider and Donna B. Gerdts	translation	‘It was the sun that killed him by melting him.’	page 12, engine english
(21b) line 4	Lauren Schneider and Donna B. Gerdts	citation	(MJJ 69)19	the tag or source at the right of the translation
footnote 18	Lauren Schneider and Donna B. Gerdts	note	18 Full text and audio available here: https://sqwal.hwulmuhwqun.ca/learn/stories/tthuwxelets-the-basket- ogress/	page 12, footnote
footnote 19	Lauren Schneider and Donna B. Gerdts	note	19 Full text and audio available here: https://saalhsqwal.hwulmuhwqun.ca/authors/mrs-jimmy-joe/mjj-pitch/	page 12, footnote
§2.4	Lauren Schneider and Donna B. Gerdts	note	In forming nouns, sh(hw)- often refers to an instrument, something which carries out the activity in question (Gerdts & Hukari to appear). In (21) line (a), the storyteller establishes that the character died, and in line (b) she indicates that ‘the sun’ was what he was killed by. This nominalizing prefix appears again in line (b) of (22).	page 13
(22a) line 1	Hul’q’umi’num’	transcription	suw’ qwals tu tsi’tsut, “’uwu, mun’u. ’uwu nu stl’i’us	page 13, engine residue
(22a) line 2	Hul’q’umi’num’	transcription	kws nem’s ni’ ’u kwey’ kwun’ shuyulh.”	page 13, engine language
(22a) line 3	Hul’q’umi’num’	segmentation	səw̓ qʷal-s tə ciʔcət, “ʔəwə, mən̓ə. ʔəwə nə=sƛ̓iʔəs	page 13, engine language
(22a) line 4	Hul’q’umi’num’	gloss	N.CN say-3POS DT parent NEG child NEG 1POS=want	page 13, engine english
(22a) line 5	Hul’q’umi’num’	segmentation	kʷs nem̓-s niʔ ʔə kʷey̓ kʷən̓ šəyəł.”	page 13, engine language
(22a) line 6	Hul’q’umi’num’	gloss	DT.N go-3POS AUX OBL DT DT.2POS brother	page 13, engine english
(22a) line 7	Lauren Schneider and Donna B. Gerdts	translation	‘The father says to his son, “No, my son. I don’t want your brother to stay with them (the seals).”	page 13, engine english
(22a) line 7	Lauren Schneider and Donna B. Gerdts	citation	(WSa.MTS2.9)	the tag or source at the right of the translation
(22b) line 1	Lauren Schneider and Donna B. Gerdts	translation	“’a.a.a, me’, ni’ kwu’elh stsekwul’ kwu ni’ ’un’ shqwaluwun ’u kwey’ ni’ ’un’ sqwal?”	page 13, engine language
(22b) line 2	Hul’q’umi’num’	segmentation	ʔa, meʔ, niʔ kʷəʔeł scekʷəl̓ kʷə niʔ ʔən̓-š-qʷalə-wən	page 13, engine language
(22b) line 3	Hul’q’umi’num’	gloss	INTJ<RL> father AUX indeed how DT AUX 2POS-N.OBL-say-LS:insides	page 13, engine english
(22b) line 4	Hul’q’umi’num’	segmentation	ʔə kʷey̓ niʔ ʔən̓-s-qʷal?”	page 13, engine language
(22b) line 5	Hul’q’umi’num’	gloss	OBL DT AUX 2POS-N-say	page 13, engine english
(22b) line 6	Lauren Schneider and Donna B. Gerdts	translation	“Oh, Father, what are you thinking about that made you say that?”	page 13, engine english
(22b) line 6	Lauren Schneider and Donna B. Gerdts	citation	(WSa.MTS2.10)20	the tag or source at the right of the translation
§2.4	Hul’q’umi’num’	root	√qwal	page 13, ‘say’
§2.4	Hul’q’umi’num’	cited form	shqwaluwun	page 13, ‘thoughts, feelings’
§2.4	Lauren Schneider and Donna B. Gerdts	language	ʔayʔajuθəm	the one Salish language without a nominalizing prefix s-, Kroeber 1999:11
§2.4	Lauren Schneider and Donna B. Gerdts	note	The root √qwal ‘say’ appears three times in (22), first as a verb in line (a) and then in two different nouns in line (b). The verb root √qwal ‘say’ is nominalized first by sh(hw)- forming shqwaluwun ‘thoughts, feelings’ and second by s- forming sqwal ‘what one says’. The word shqwaluwun also contains the lexical suffix -iwun ‘insides’. All Salish languages, with the exception of ʔayʔajuθəm, have a nominalizing prefix s- (Kroeber 1999: 11), which among other functions, derives a noun expressing a cognate object of the action of the verb root (Gerdts 2009:184).	page 13
§2.4	Hul’q’umi’num’	root	√thq’u	page 13, ‘spear’
§2.4	Lauren Schneider and Donna B. Gerdts	note	In (23) [same as (2c–d)], the root √thq’u ‘spear’ appears in two consecutive lines as a verb in line (a) and then a derived noun in line (b).	page 13
(23a) line 1	Hul’q’umi’num’	transcription	suw’ tseeltewut kwu shes ’i’ thuq’thuq’tum ’u kwu xut’ustum’ thuyumun,	page 13, engine residue
(23a) line 2	Hul’q’umi’num’	segmentation	səw̓ ce:l-tewət kʷə šes ʔiʔ θəq̓θəq̓-t-əm	page 13, engine language
(23a) line 3	Hul’q’umi’num’	gloss	N.CN follow-TR.PAS.3SSUB DT sea.lion CNJ spear-TR-PAS<PL>	page 13, engine english
(23a) line 4	Hul’q’umi’num’	segmentation	ʔə kʷə x̌ət̓ə-st-əm̓ θəyəmən,	page 13, engine language
(23a) line 5	Hul’q’umi’num’	gloss	OBL DT call-CS-PAS thuyumun	page 13, engine english
(23a) line 6	Lauren Schneider and Donna B. Gerdts	translation	‘And they went after the sea lions, and they speared them with what is called thuyumun,	page 13, engine english
(23a) line 7	Lauren Schneider and Donna B. Gerdts	citation	(WSa.6)	page 13, engine residue
footnote 20	Lauren Schneider and Donna B. Gerdts	note	20 Full text and audio available here: https://saalhsqwal.hwulmuhwqun.ca/authors/wilfred-sampson/the- young-man-that-turned-into-a-seal-part2/	page 13, footnote
(23b) line 1	Hul’q’umi’num’	transcription	kwun’el’s kwun’ xwi’lum’ ’u kwun’ thq’ustun.	page 14, engine language
(23b) line 2	Hul’q’umi’num’	segmentation	kʷən̓-el̓s kʷən̓ x̌ʷil̓əm̓ ʔə kʷən̓ θq̓-əs-tən.	page 14, engine language
(23b) line 3	Hul’q’umi’num’	gloss	take-ACT<DUR> DT.2POS rope OBL DT.2POS spear-LS:face-INST	page 14, engine english
(23b) line 4	Lauren Schneider and Donna B. Gerdts	translation	‘with a rope attached to your spear.’	page 14, engine english
(23b) line 4	Lauren Schneider and Donna B. Gerdts	citation	(WSa.7)21	the tag or source at the right of the translation
§2.4	Lauren Schneider and Donna B. Gerdts	note	In (23), √thq’u ‘spear’ occurs first as a part of a verb referring to the action of spearing and second as part of a noun referring to the spear itself. The second instance is marked with lexical suffix -as ‘face’ and the instrumental suffix, which can be used to derive nouns (Gerdts & Schneider 2023:631).	page 14
§2.4	Hul’q’umi’num’	root	√yuq’	page 14, ‘rub, scrape against’
§2.4	Lauren Schneider and Donna B. Gerdts	note	In the two lines in (24), the root √yuq’ ‘rub, scrape against’ is used three times with three different word forms, and the first instance again contains the instrumental suffix.	page 14
(24a) line 1	Hul’q’umi’num’	transcription	suw’q’s ’u tu ’uy’ smeent xut’ustum’ yuq’ustun.	page 14, engine residue
(24a) line 2	Hul’q’umi’num’	segmentation	səw̓q̓-s ʔə tə ʔəy̓ sme:nt x̌ət̓ə-stəm̓ yəq̓-əs-tən.	page 14, engine language
(24a) line 3	Hul’q’umi’num’	gloss	search-3POS OBL DT good rock call-CS.PAS rub-LS:face-INST	page 14, engine english
(24a) line 4	Lauren Schneider and Donna B. Gerdts	translation	‘He looked for the stone called the sharpener.’	page 14, engine english
(24a) line 4	Lauren Schneider and Donna B. Gerdts	citation	(WSa.GE.347)	the tag or source at the right of the translation
(24b) line 1	Hul’q’umi’num’	transcription	yuq’utus tu smee.e.ent, yuq’talust-hwus tu smeent.	page 14, engine residue
(24b) line 2	Hul’q’umi’num’	segmentation	yəq̓-ət-əs tə sme:nt, yəq̓-tal-əstxʷ-əs tə sme:nt.	page 14, engine language
(24b) line 3	Hul’q’umi’num’	gloss	rub-TR-3SUBJ DT rock<RL> rub-RECP-CS-3SUBJ DT rock	page 14, engine english
(24b) line 4	Lauren Schneider and Donna B. Gerdts	translation	‘He started rubbing the rocks, rubbing them together.’	page 14, engine english
(24b) line 4	Lauren Schneider and Donna B. Gerdts	citation	(WSa.GE.348)	the tag or source at the right of the translation
§2.4	Lauren Schneider and Donna B. Gerdts	note	The root √yuq’ appears once in the first line as a noun, and twice in the second line as verbs. The noun form in line (a) exhibits use of the lexical suffix -as ‘face’, which is often used to denote round things (Gerdts & Hinkson 2004:231), and the instrumental suffix. The verb forms in line (b) vary in terms of their voice marking; the first is transitive and the second is marked with reciprocal and causative suffixes.	page 14
§2.4	Hul’q’umi’num’	root	√t’il(um)	page 14, ‘sing’
§2.4	Lauren Schneider and Donna B. Gerdts	note	The verb root √t’il(um) ‘sing’ occurs five times in (25). A few of the intervening lines have been left out for brevity.	page 14
(25a) line 1	Hul’q’umi’num’	transcription	st’e ’u tu’i thu st’ilums:	page 14, engine residue
(25a) line 2	Lauren Schneider and Donna B. Gerdts	translation	‘Here is her song:’	page 14, engine english
(25a) line 2	Lauren Schneider and Donna B. Gerdts	citation	(SM 28)	the tag or source at the right of the translation
(25a) line 3	Lauren Schneider and Donna B. Gerdts	citation	[song: lines 29-31]	page 14, engine english
(25b) line 1	Hul’q’umi’num’	transcription	nilh st’i’t’ulum’ ’utl’ ts’um’ts’uyii.	page 14, engine language
(25b) line 2	Lauren Schneider and Donna B. Gerdts	translation	‘And this was the little song that Ant was singing.’	page 14, engine english
(25b) line 2	Lauren Schneider and Donna B. Gerdts	citation	(SM 32)	the tag or source at the right of the translation
(25b) line 3	Lauren Schneider and Donna B. Gerdts	citation	[lines 33-34]	page 14, engine residue
(25c) line 1	Hul’q’umi’num’	transcription	suw’ lee.e.elhs tthuw’ne’ullh numnusus kwsu ’i shni’s kwthu ’i t’it’ulum’.	page 14, engine residue
(25c) line 2	Lauren Schneider and Donna B. Gerdts	translation	‘So they went to see her again, the one that was singing.’	page 14, engine english
(25c) line 2	Lauren Schneider and Donna B. Gerdts	citation	(SM 35)	the tag or source at the right of the translation
(25d) line 1	Hul’q’umi’num’	transcription	hwunin’sewut thu t’it’ulum’ suw’ pte’mutewut, “hw’i.i.i’unt ch ’a’lu?”	page 14, engine residue
(25d) line 2	Lauren Schneider and Donna B. Gerdts	translation	‘And when they reached the singer, they asked her, “What are you singing about?”	page 14, engine english
(25d) line 2	Lauren Schneider and Donna B. Gerdts	citation	(SM 36)	the tag or source at the right of the translation
footnote 21	Lauren Schneider and Donna B. Gerdts	note	21 Full text and audio available here: https://saalhsqwal.hwulmuhwqun.ca/authors/wilfred-sampson/elder- and-the-sea-lion/	page 14, footnote
(25e) line 1	Lauren Schneider and Donna B. Gerdts	translation	“’a ’uw’ t’ut’i’t’ulum’ tsun ’ul’ ’uw’ t’it’ulum’ tsun ’ul’.”	page 15, engine residue
§2.4	Lauren Schneider and Donna B. Gerdts	note	“Oh, I’m just singing a little, just singing.” (SM 37)22 The morphology of the repeated root has been provided in Table 3 below.	page 15
Table 3 line 1	Lauren Schneider and Donna B. Gerdts	note	Root of √t’il(um) ‘sing’ in repetitions in example (25)	page 15, the caption
Table 3 line 2	Lauren Schneider and Donna B. Gerdts	note	line form morphology gloss	page 15, heads the rows below
Table 3a line 1	Hul’q’umi’num’	transcription	thu st’ilum	page 15, the orthography
Table 3a line 1	Hul’q’umi’num’	segmentation	θə	page 15, the orthography
Table 3a line 1	Hul’q’umi’num’	segmentation	s-t̓iləm	page 15, the orthography
Table 3a line 2	Hul’q’umi’num’	gloss	DT N-sing	page 15, engine english
Table 3a line 3	Lauren Schneider and Donna B. Gerdts	translation	‘the song’	page 15
Table 3b line 1	Hul’q’umi’num’	transcription	nilh st’i’t’ulum’	page 15, the orthography
Table 3b line 1	Hul’q’umi’num’	segmentation	nił	page 15, the orthography
Table 3b line 1	Hul’q’umi’num’	segmentation	s-t̓iʔt̓ələm̓	page 15, the orthography
Table 3b line 2	Hul’q’umi’num’	gloss	3FOC N-sing<DIM>	page 15, engine english
Table 3b line 3	Lauren Schneider and Donna B. Gerdts	translation	‘it was the singing’	page 15
Table 3c line 1	Hul’q’umi’num’	transcription	t’it’ulum’	page 15, the orthography
Table 3c line 1	Hul’q’umi’num’	segmentation	t̓it̓ələm̓	page 15, the orthography
Table 3c line 2	Hul’q’umi’num’	gloss	sing<IPFV>	page 15, engine english
Table 3c line 3	Lauren Schneider and Donna B. Gerdts	translation	‘singing’	page 15
Table 3d line 1	Hul’q’umi’num’	transcription	thu t’it’ulum’	page 15, the orthography
Table 3d line 1	Hul’q’umi’num’	segmentation	θə	page 15, the orthography
Table 3d line 1	Hul’q’umi’num’	segmentation	t̓it̓ələm̓	page 15, the orthography
Table 3d line 2	Hul’q’umi’num’	gloss	DT sing<IPFV>	page 15, engine english
Table 3d line 3	Lauren Schneider and Donna B. Gerdts	translation	‘the singing one’	page 15
Table 3e line 1	Hul’q’umi’num’	transcription	t’ut’i’t’ulum’	page 15, the orthography
Table 3e line 1	Hul’q’umi’num’	segmentation	t̓ət̓iʔt̓ələm̓	page 15, the orthography
Table 3e line 2	Hul’q’umi’num’	gloss	sing<IPFV.DIM>	page 15, engine english
Table 3e line 3	Lauren Schneider and Donna B. Gerdts	translation	‘singing a little’	page 15
§2.4	Lauren Schneider and Donna B. Gerdts	note	In line (a), √t’il(um) ‘sing’ occurs with a determiner and the nominalizing prefix s-. In line (b), the root is nominalized after being inflected with imperfective aspect. In line (c), the verb occurs with imperfective aspect. In line (d), √t’il(um) occurs with a determiner, indicating that it is a noun, and it is again imperfective. Finally in line (e), the root occurs as a verb twice; first, it is imperfective and diminutive and second it is imperfective.	page 15
§2.4	Lauren Schneider and Donna B. Gerdts	note	Examples (20)–(25) have illustrated how Hul’q’umi’num’ storytellers vary the expressions of repeated roots using noun deriving affixes. Example also (25) illustrates that the polyptotonic repetition of a root can extend across many lines of a narrative to build a cohesive theme, and we examine this further in the next section.	page 15
§3	Lauren Schneider and Donna B. Gerdts	heading	3 Cohesion across paragraphs	page 15
§3	Lauren Schneider and Donna B. Gerdts	language	Hul’q’umi’num’	the Vancouver Island dialect of Halkomelem, the language of the paper
§3	Hul’q’umi’num’	root	√tth’e’	page 15, ‘chew’
§3	Hul’q’umi’num’	root	√t’kwa	page 15, ‘get stuck’
§3	Lauren Schneider and Donna B. Gerdts	note	As the examples in Section 2 have shown, polyptotonic repetition occurs across sentence boundaries as well as within them in Hul’q’umi’num’. We also find that this type of repetition is used for cohesion across entire oral paragraphs in narratives, establishing a theme. Thus, repetitions that run through the oral paragraph aid the listener in following the narrative (Gerdts 2018).23 This first example comes from an ethnobiology account by Ellen White in which she discusses the use of the Sitka spruce (specifically its pitch) in this excerpt. Across these lines, two roots are repeated multiple times: √tth’e’ ‘chew’ and √t’kwa ‘get stuck’. A few of the intervening lines have been left out for brevity.	page 15
footnote 22	Lauren Schneider and Donna B. Gerdts	note	22 Full text and audio: https://saalhsqwal.hwulmuhwqun.ca/authors/sophie-misheal/crane-steals-the-river/	page 15, footnote
footnote 23	Lauren Schneider and Donna B. Gerdts	note	23 Axelrod and Gómez de García (2007:135) argue that repetition is a tool that serves as a memory device and a marker of topic continuity and discourse cohesion in adult language that can also serve as a bootstrapping device in second-language learning.	page 15, footnote
§3	Lauren Schneider and Donna B. Gerdts	name	Gómez	Gómez de García, of Axelrod & Gómez de García 2007
§3	Lauren Schneider and Donna B. Gerdts	name	García	Gómez de García, of Axelrod & Gómez de García 2007
(26a) line 1	Hul’q’umi’num’	transcription	niilh tst yath ’uw’ tth’utth’e’t tthu kw’i’hw.	page 16, engine residue
(26a) line 2	Lauren Schneider and Donna B. Gerdts	translation	‘We used to chew the pitch.’	page 16, engine english
(26a) line 2	Lauren Schneider and Donna B. Gerdts	citation	(EW.SS.20)	the tag or source at the right of the translation
(26b) line 1	Hul’q’umi’num’	transcription	’i’ ha’ulh ni’ wulh hwt’ukwuw’ulh kw’unu men, ’i’ mu.u.ukw’ tst ’uw’ tth’utth’eem’	page 16, engine residue
(26b) line 2	Hul’q’umi’num’	transcription	’u tthu kw’i’hw.	page 16, engine residue
(26b) line 3	Lauren Schneider and Donna B. Gerdts	translation	‘And when my father used to cork the canoes, we would all chew the pitch.’	page 16, engine english
(26b) line 3	Lauren Schneider and Donna B. Gerdts	citation	(EW.SS.21)	the tag or source at the right of the translation
(26c) line 1	Hul’q’umi’num’	transcription	ts’uhwle’ ’i’ ni’ [tst] q’a’nuhw tthey’ ni’ tl’lim’ nuw’ t’ut’ukw.	page 16, engine residue
(26c) line 2	Lauren Schneider and Donna B. Gerdts	translation	‘Sometimes, we would get the ones that are very sticky.’	page 16, engine english
(26c) line 2	Lauren Schneider and Donna B. Gerdts	citation	(EW.SS.22)	the tag or source at the right of the translation
(26c) line 3	Lauren Schneider and Donna B. Gerdts	citation	[line 23]	page 16, engine english
(26c) line 4	Lauren Schneider and Donna B. Gerdts	citation	[line 24]	page 16, engine english
(26d) line 1	Hul’q’umi’num’	transcription	’i’ ha’ ch ni’ tuw’ q’a’nuhw tthey’ ni’ tuw’ st’e ’uw’ niis ’a’t’ul, ’i’ ha’ ch ni’ tth’e’t ’i’	page 16, engine residue
(26d) line 2	Hul’q’umi’num’	transcription	tl’lim’ nuw’ulh t’ukwt’ukw ’al’ thun’ yunus.	page 16, engine language
(26d) line 3	Lauren Schneider and Donna B. Gerdts	translation	‘If you get the one that is kind of sticky, when you chew that one, then your teeth just get stuck on it.’	page 16, engine english
(26d) line 3	Lauren Schneider and Donna B. Gerdts	citation	(EW.SS.25)	the tag or source at the right of the translation
(26e) line 1	Hul’q’umi’num’	transcription	’i yath tst mukw’ ’i’ we’ tthu ni’ hwun’ ’uhwiin’ stl’itl’qulh ’i’ tth’utth’eem’.	page 16, engine residue
(26e) line 2	Lauren Schneider and Donna B. Gerdts	translation	‘It was everyone, and even the very smallest ones were chewing it.’	page 16, engine english
(26e) line 2	Lauren Schneider and Donna B. Gerdts	citation	(EW.SS.26)	the tag or source at the right of the translation
(26e) line 3	Lauren Schneider and Donna B. Gerdts	citation	[line 27]	page 16, engine english
(26f) line 1	Hul’q’umi’num’	transcription	ni.i.i’ hith kw’us ni’ tth’utth’e’t.	page 16, engine residue
(26f) line 2	Lauren Schneider and Donna B. Gerdts	translation	‘You chewed for a long time.’	page 16, engine english
(26f) line 2	Lauren Schneider and Donna B. Gerdts	citation	(EW.SS.28)	the tag or source at the right of the translation
§3	Lauren Schneider and Donna B. Gerdts	note	The morphology of the realizations of the repeated roots and their arguments have been provided in Table 4.	page 16
Table 4 line 1	Lauren Schneider and Donna B. Gerdts	note	Repeated roots in example (26)	page 16, the caption
Table 4 line 2	Lauren Schneider and Donna B. Gerdts	note	line root form morphology gloss	page 16, heads the rows below
Table 4a line 1	Hul’q’umi’num’	root	√tth’e’	page 16, the orthography
Table 4a line 1	Hul’q’umi’num’	transcription	tth’utth’e’t	page 16, the orthography
Table 4a line 1	Hul’q’umi’num’	segmentation	t̓ᶿət̓ᶿeʔ-t	page 16, the orthography
Table 4a line 2	Hul’q’umi’num’	gloss	chew-TR<IPFV>	page 16, engine english
Table 4a line 3	Lauren Schneider and Donna B. Gerdts	translation	‘chewing it’	page 16
Table 4b line 1	Hul’q’umi’num’	root	√tth’e’	page 16, the orthography
Table 4b line 1	Hul’q’umi’num’	transcription	tth’utth’eem’	page 16, the orthography
Table 4b line 1	Hul’q’umi’num’	segmentation	t̓ᶿət̓ᶿe:m̓	page 16, the orthography
Table 4b line 2	Hul’q’umi’num’	gloss	chew.MID<IPFV>	page 16, engine english
Table 4b line 3	Lauren Schneider and Donna B. Gerdts	translation	‘being chewed’	page 16
Table 4d line 1	Hul’q’umi’num’	root	√tth’e’	page 16, the orthography
Table 4d line 1	Hul’q’umi’num’	transcription	tth’e’t	page 16, the orthography
Table 4d line 1	Hul’q’umi’num’	segmentation	t̓ᶿeʔ-t	page 16, the orthography
Table 4d line 2	Hul’q’umi’num’	gloss	chew-TR	page 16, engine english
Table 4d line 3	Lauren Schneider and Donna B. Gerdts	translation	‘chew it’	page 16
Table 4b line 4	Hul’q’umi’num’	root	√t’kwa	page 16, the orthography
Table 4b line 4	Hul’q’umi’num’	transcription	hwt’ukwuw’ulh	page 16, the orthography
Table 4b line 4	Hul’q’umi’num’	segmentation	xʷ-t̓əkʷ-əw̓əł	page 16, the orthography
Table 4b line 5	Hul’q’umi’num’	gloss	LPX-stuck-LS:canoe	page 16, engine english
Table 4b line 6	Lauren Schneider and Donna B. Gerdts	translation	‘patching a canoe’	page 16
Table 4c line 1	Hul’q’umi’num’	root	√t’kwa	page 16, the orthography
Table 4c line 1	Hul’q’umi’num’	transcription	t’ut’ukw	page 16, the orthography
Table 4c line 1	Hul’q’umi’num’	segmentation	t̓ət̓əkʷ	page 16, the orthography
Table 4c line 2	Hul’q’umi’num’	gloss	stuck<IPFV>	page 16, engine english
Table 4c line 3	Lauren Schneider and Donna B. Gerdts	translation	‘getting stuck’	page 16
Table 4d line 4	Hul’q’umi’num’	root	√t’kwa	page 16, the orthography
Table 4d line 4	Hul’q’umi’num’	transcription	t’ukwt’ukw	page 16, the orthography
Table 4d line 4	Hul’q’umi’num’	segmentation	t̓əkʷt̓əkʷ	page 16, the orthography
Table 4d line 5	Hul’q’umi’num’	gloss	stuck<PL>	page 16, engine english
Table 4d line 6	Lauren Schneider and Donna B. Gerdts	translation	‘muddy, swampy’	page 16
§3	Lauren Schneider and Donna B. Gerdts	note	The verb root √tth’e’ ‘chew’ occurs five times in these lines in three different forms, varying in terms of voice (transitive versus middle voice) and aspect (perfective versus imperfective). The root √t’kwa ‘get stuck’ occurs three times, each in a different form. The first instance, in line (b), is marked with a lexical suffix, the second, in line (c), is imperfective, and the third instance, in line (d), is plural.	page 16
§3	Hul’q’umi’num’	name	tth’uwxe’le’ts	the Basket Ogress, in the story's title tth’uwxe’le’ts | Basket Ogress
§3	Lauren Schneider and Donna B. Gerdts	name	Sti’tum’at	Sti’tum’at, Dr. Ruby Peter, who told the Basket Ogress story in 2016
§3	Hul’q’umi’num’	root	√kwun	page 17, ‘take, grab’
§3	Hul’q’umi’num’	name	Tth’uwxe’le’ts	the Basket Ogress of the story of (27) to (30)
§3	Lauren Schneider and Donna B. Gerdts	note	The examples (27)–(30) come from the narrative tth’uwxe’le’ts | Basket Ogress, which is a traditional Coast Salish story told by the late Sti’tum’at | Dr. Ruby Peter in 2016. This story is about an Ogress who grabs children, putting them in her basket, so she can take them to her lair to cook and eat them. Throughout the narrative, repetition of verb roots creates cohesion. In particular, the repetition of √kwun ‘take, grab’ establishes the theme because the key trait about Tth’uwxe’le’ts is that she grabs children.	page 17
§3	Lauren Schneider and Donna B. Gerdts	note	Alphonse et al. (2021) present a poetry version of the tth’uwxe’le’ts story, which we use to represent examples consisting of one or more entire oral paragraphs.24 In the poetry version, indentation is meant to represent the intonation contour in order to reflect the prosodic structure of the oral paragraph (see Tedlock 1983; Webster 2023; Woodbury 1987). Hul’q’umi’num’ oral paragraphs have an overall declining pitch, and the leftmost edge of a line correlates to the higher starting pitch (Alphonse et al. 2021:3). In examples consisting of one or more complete oral paragraphs, we have marked the start of an oral paragraph with ¶.	page 17
§3	Lauren Schneider and Donna B. Gerdts	note	The oral paragraph in (27) describes Tth’uwxe’le’ts coming to grab children, and that her slave is along with her, doing the work of grabbing them. The repeated verb roots have been bolded.	page 17
(27a) line 1	Hul’q’umi’num’	transcription	¶ sis m’uw’ t’at’uhw m’i ’e’wu ’u tthu shhw’is tthu hwulmuhw.	page 17, engine residue
(27a) line 2	Hul’q’umi’num’	transcription	wulh tetsul ’utl’ kwa’mutsun,	page 17, engine residue
(27a) line 3	Hul’q’umi’num’	transcription	yu kwun’atul’ ’u thu skw’uyuth.	page 17, engine residue
(27a) line 4	Lauren Schneider and Donna B. Gerdts	translation	‘She would come down the mountain, coming here to where the First Nations people dwelled, arriving here at Quamichan, together with her slave.’	page 17, engine english
(27b) line 1	Hul’q’umi’num’	transcription	yath ’uw’ kwun’etus nilh yaay’us	page 17, engine residue
(27b) line 2	Hul’q’umi’num’	transcription	’u tthuw’ mukw’ stem tthu ni’ stl’i’s.	page 17, engine residue
(27b) line 3	Lauren Schneider and Donna B. Gerdts	translation	‘She always had her slave with her to do all the work that she wanted done.’	page 17, engine english
(27c) line 1	Hul’q’umi’num’	transcription	’i’ nilh thu skw’uyuths	page 17, engine residue
(27c) line 2	Hul’q’umi’num’	transcription	nilh ni’ kwukwun’ut,	page 17, engine language
(27c) line 3	Hul’q’umi’num’	transcription	’amust ’u tthuw’ stem ’ul’ stl’i’s.	page 17, engine residue
(27c) line 4	Alphonse et al. 2021:3	translation	‘And her slave was the one grabbing and taking to her whatever she wanted.’	page 17, engine english, cited Alphonse et al. 2021:3
(27c) line 5	Lauren Schneider and Donna B. Gerdts	citation	(Alphonse et al. 2021:3)	page 17, engine english
§3	Lauren Schneider and Donna B. Gerdts	note	The verb root √kwun ‘take, grab’ occurs three times in this example, once in each line, and the morphology of the repetitions is provided in Table 5.	page 17
Table 5 line 1	Lauren Schneider and Donna B. Gerdts	note	Root of √kwun ‘take’ in repetitions in example (27)	page 17, the caption
Table 5 line 2	Lauren Schneider and Donna B. Gerdts	note	line form morphology gloss	page 17, heads the rows below
Table 5a line 1	Hul’q’umi’num’	transcription	yu kwun’atul’	page 17, the orthography
Table 5a line 1	Hul’q’umi’num’	segmentation	yu=kʷən̓-atəl̓	page 17, the orthography
Table 5a line 2	Hul’q’umi’num’	gloss	DYN=take-RECP<DUR>	page 17, engine english
Table 5a line 3	Lauren Schneider and Donna B. Gerdts	translation	‘coming along together’	page 17
Table 5b line 1	Hul’q’umi’num’	transcription	kwun’etus	page 17, the orthography
Table 5b line 1	Hul’q’umi’num’	segmentation	kʷən̓-et-əs	page 17, the orthography
Table 5b line 2	Hul’q’umi’num’	gloss	take-TR-3SUBJ<DUR>	page 17, engine english
Table 5b line 3	Lauren Schneider and Donna B. Gerdts	translation	‘holding them’	page 17
footnote 24	Lauren Schneider and Donna B. Gerdts	note	24 Basket Ogress was made into a ‘poetry version’ by Christopher Alphonse, Roseanna George, Martina Joe, Thomas Johnny, Donna Modeste, A.V. Sharon Seymour, and Helen Yu Zhang, with the help of Donna B. Gerdts, for a field methods class taught by John Lyon in 2021. Full text and audio: https://sqwal.hwulmuhwqun.ca/learn/stories/tthuwxelets-the-basket-ogress/	page 17, footnote
Table 5c line 1	Hul’q’umi’num’	transcription	kwukwun’ut	page 18, the orthography
Table 5c line 1	Hul’q’umi’num’	segmentation	kʷəkʷən̓-ət	page 18, the orthography
Table 5c line 2	Hul’q’umi’num’	gloss	take-TR<IPFV>	page 18, engine english
Table 5c line 3	Lauren Schneider and Donna B. Gerdts	translation	‘grabbing them’	page 18
§3	Lauren Schneider and Donna B. Gerdts	note	The first two instances of √kwun in (27) are durative and the third is imperfective. The first instance has the reciprocal suffix -tul and is accompanied by the dynamic clitic yu, which commonly co-occurs with durative aspect as well as imperfective (Schneider & Gerdts 2024). The second and third instances have the transitive suffix -t.	page 18
§3	Lauren Schneider and Donna B. Gerdts	note	The verb root √kwun is repeated twice more in the next oral paragraph.	page 18
(28) line 1	Hul’q’umi’num’	transcription	wulh kwunnuhwus tthu stl’ul’iqulh, ’i’ ’uw’ hay tthu m’umun’lh ni’ kwukwun’utus.	page 18, engine residue
(28) line 2	Hul’q’umi’num’	segmentation	wəł kʷən-nəxʷ-əs tᶿə sƛ̓əl̓iqəł, ʔiʔ	page 18, engine language
(28) line 3	Hul’q’umi’num’	gloss	PRF take-LCTR-3SUBJ DT child<PL> CNJ	page 18, engine english
(28) line 4	Hul’q’umi’num’	segmentation	ʔəw̓ hay tᶿə m̓əmən̓ł niʔ kʷəkʷən̓-ət-əs.	page 18, engine language
(28) line 5	Hul’q’umi’num’	gloss	CN FOC DT small<PL> DIST.AUX take-TR-3SUBJ<IPFV>	page 18, engine english
(28) line 6	Lauren Schneider and Donna B. Gerdts	translation	‘She took the children. It was only the small children that she grabbed.’	page 18, engine english
(28) line 6	Lauren Schneider and Donna B. Gerdts	citation	(Alphonse et al. 2021:11)	the tag or source at the right of the translation
§3	Hul’q’umi’num’	cited form	kwunnuhw	page 18
§3	Lauren Schneider and Donna B. Gerdts	note	The second instance appears as the transitive imperfective form we saw previously. The first instance is marked with the limited control transitive suffix kwunnuhw ‘manage to grab it, catch it’. In fact, this limited control form also occurs once in the next three consecutive paragraphs — the third of these appears in paragraph (a) of (29) below.	page 18
§3	Lauren Schneider and Donna B. Gerdts	note	Example (29) includes three oral paragraphs and is a case of growing tension. The theme is expanded as the narrative explains how Tth’uwxe’le’ts is having her slave prepare a fire so she can cook and eat the children she has grabbed. The repeated roots have been bolded.	page 18
(29a) line 1	Hul’q’umi’num’	transcription	¶’i’ nilh kwsus qw’ulutus tthu stl’ul’iqulh	page 18, engine residue
(29a) line 2	Hul’q’umi’num’	transcription	’u kwsus wulh kwunnuhwus.	page 18, engine residue
(29a) line 3	Hul’q’umi’num’	transcription	’i’ nilh thu skw’uyuths nilh tswe’ yaay’s,	page 18, engine residue
(29a) line 4	Hul’q’umi’num’	transcription	thuytus.	page 18, engine english
(29a) line 5	Lauren Schneider and Donna B. Gerdts	translation	‘And then they would barbeque the children that they took. And it was the slave’s job to prepare them.’	page 18, engine english
(29b) line 1	Hul’q’umi’num’	transcription	¶ wulh kwunnum ’utl’ tth’uwxe’le’ts tthu t’xumulu,	page 18, engine residue
(29b) line 2	Hul’q’umi’num’	transcription	suw’ thut-s, “a.a.a, ni’ tl’am!	page 18, engine residue
(29b) line 3	Lauren Schneider and Donna B. Gerdts	translation	‘When Tth’uwxe’le’ts had grabbed six children, she said, “Oh, that’s enough!’	page 18, engine english
(29b) line 4	Hul’q’umi’num’	transcription	’uy’ kwun’s yuqwul’tsup,	page 18, engine language
(29b) line 5	Hul’q’umi’num’	transcription	qw’ulum tst ’u tthu ni’ kwunnuhwut.”	page 18, engine residue
(29b) line 6	Lauren Schneider and Donna B. Gerdts	translation	“You’d best build a fire, and we’ll cook what we caught.”	page 18, engine english
(29c) line 1	Hul’q’umi’num’	transcription	¶ suw’ thuythut-s yuqwul’tsup,	page 18, engine residue
(29c) line 2	Hul’q’umi’num’	transcription	thuytus thu skw’uyuths thu huy’qw.	page 18, engine residue
(29c) line 3	Alphonse et al. 2021:4	translation	‘So the slave [prepared] built a fire.’	page 18, engine english, cited Alphonse et al. 2021:4
(29c) line 3	Lauren Schneider and Donna B. Gerdts	citation	(Alphonse et al. 2021:4)	the tag or source at the right of the translation
§3	Hul’q’umi’num’	root	√qw’ul	page 18
§3	Hul’q’umi’num’	root	√thuy	page 18, ‘make ready, build’
§3	Hul’q’umi’num’	root	√yuqw	page 19, ‘burn’
§3	Lauren Schneider and Donna B. Gerdts	note	In (29), the three paragraphs are knit together using polyptotonic repetition. The root √qw’ul ‘cook, ripen, bake’ appears in paragraphs (a) and (b), the root √kwun ‘take, grab, hold’ also appears in paragraphs (a) and (b), the root √thuy ‘make ready, build’ appears in paragraphs (a) and (c), and the root √yuqw ‘burn’ appears in paragraphs (b) and (c), and the repeated roots have been laid out in Table 6.	page 18
Table 6 line 1	Lauren Schneider and Donna B. Gerdts	note	Repeated roots in example (29)	page 19, the caption
Table 6 line 2	Lauren Schneider and Donna B. Gerdts	note	¶ root form morphology gloss	page 19, heads the rows below
Table 6a line 1	Hul’q’umi’num’	root	√kwun	page 19, the orthography
Table 6a line 1	Hul’q’umi’num’	transcription	kwunnuhwus	page 19, the orthography
Table 6a line 1	Hul’q’umi’num’	segmentation	kʷən-nəxʷ-əs	page 19, the orthography
Table 6a line 2	Hul’q’umi’num’	gloss	take-LCTR-3SUBJ	page 19, engine english
Table 6a line 3	Lauren Schneider and Donna B. Gerdts	translation	‘she catches them’	page 19
Table 6b line 1	Hul’q’umi’num’	root	√kwun	page 19, the orthography
Table 6b line 1	Hul’q’umi’num’	transcription	kwunnum	page 19, the orthography
Table 6b line 1	Hul’q’umi’num’	segmentation	kʷən-n-əm	page 19, the orthography
Table 6b line 2	Hul’q’umi’num’	gloss	take-LCTR-PAS	page 19, engine english
Table 6b line 3	Lauren Schneider and Donna B. Gerdts	translation	‘they were caught’	page 19
Table 6b line 4	Hul’q’umi’num’	root	√kwun	page 19, the orthography
Table 6b line 4	Hul’q’umi’num’	transcription	kwunnuhwut	page 19, the orthography
Table 6b line 4	Hul’q’umi’num’	segmentation	kʷən-nəxʷ-ət	page 19, the orthography
Table 6b line 5	Hul’q’umi’num’	gloss	take-LCTR-1PL.SUBJ	page 19, engine english
Table 6b line 6	Lauren Schneider and Donna B. Gerdts	translation	‘we caught them’	page 19
Table 6a line 4	Hul’q’umi’num’	root	√qw’ul	page 19, the orthography
Table 6a line 4	Hul’q’umi’num’	transcription	qw’ulutus	page 19, the orthography
Table 6a line 4	Hul’q’umi’num’	segmentation	q̓ʷəl-ət-əs	page 19, the orthography
Table 6a line 5	Hul’q’umi’num’	gloss	cook-TR-3SUBJ	page 19, engine english
Table 6a line 6	Lauren Schneider and Donna B. Gerdts	translation	‘s/he cooks them’	page 19
Table 6b line 7	Hul’q’umi’num’	root	√qw’ul	page 19, the orthography
Table 6b line 7	Hul’q’umi’num’	transcription	qw’ulum	page 19, the orthography
Table 6b line 7	Hul’q’umi’num’	segmentation	q̓ʷəl-əm	page 19, the orthography
Table 6b line 8	Hul’q’umi’num’	gloss	cook-MID	page 19, engine english
Table 6b line 9	Lauren Schneider and Donna B. Gerdts	translation	‘barbeque’	page 19
Table 6a line 7	Hul’q’umi’num’	root	√thuy	page 19, the orthography
Table 6a line 7	Hul’q’umi’num’	transcription	thuytus	page 19, the orthography
Table 6a line 7	Hul’q’umi’num’	segmentation	θəy-t-əs	page 19, the orthography
Table 6a line 8	Hul’q’umi’num’	gloss	make-TR-3SUBJ	page 19, engine english
Table 6a line 9	Lauren Schneider and Donna B. Gerdts	translation	‘she prepared them’	page 19
Table 6c line 1	Hul’q’umi’num’	root	√thuy	page 19, the orthography
Table 6c line 1	Hul’q’umi’num’	transcription	thuythut	page 19, the orthography
Table 6c line 1	Hul’q’umi’num’	segmentation	θəy-θət	page 19, the orthography
Table 6c line 2	Hul’q’umi’num’	gloss	make-REFL	page 19, engine english
Table 6c line 3	Lauren Schneider and Donna B. Gerdts	translation	‘prepare, build’	page 19
Table 6b line 10	Hul’q’umi’num’	root	√yuqw	page 19, the orthography
Table 6b line 10	Hul’q’umi’num’	transcription	yuqwul’tsup	page 19, the orthography
Table 6b line 10	Hul’q’umi’num’	segmentation	yəqʷ-əl̓cəp	page 19, the orthography
Table 6b line 11	Hul’q’umi’num’	gloss	burn-LS:wood	page 19, engine english
Table 6b line 12	Lauren Schneider and Donna B. Gerdts	translation	‘make a fire’	page 19
Table 6c line 4	Hul’q’umi’num’	root	√yuqw	page 19, the orthography
Table 6c line 4	Hul’q’umi’num’	transcription	thu huy’qw	page 19, the orthography
Table 6c line 4	Hul’q’umi’num’	segmentation	θə	page 19, the orthography
Table 6c line 4	Hul’q’umi’num’	segmentation	həy̓qʷ	page 19, the orthography
Table 6c line 5	Hul’q’umi’num’	gloss	DT burn	page 19, engine english
Table 6c line 6	Lauren Schneider and Donna B. Gerdts	translation	‘a fire’	page 19
§3	Lauren Schneider and Donna B. Gerdts	note	The variation between the repeated roots in this example is primarily in terms of voice marking, and there are also different person-marking suffixes. The root √kwun ‘take, grab’ occurs three times with the limited control transitive suffix, but the second instance of this verb is passivized, creating an active-passive-active alternation. By this point in the narrative (1:53/6:23), √kwun has occurred nine times.	page 19
§3	Hul’q’umi’num’	cited form	yuqwul’tsup	page 19, ‘build a fire’
§3	Hul’q’umi’num’	cited affix	-ul’tsup	page 19, ‘wood’
§3	Hul’q’umi’num’	cited form	huy’qw	page 19, ‘the fire’
§3	Lauren Schneider and Donna B. Gerdts	note	The root √qw’ul ‘cook, ripen, bake’ occurs first with the transitive suffix and second with the middle suffix. The root √thuy ‘make ready, build’ occurs three times in (29); the first and third instances are transitive and the second instance is reflexive. Lastly, the root √yuqw ‘burn’ occurs three times and varies in terms of word class. In paragraphs (b) and (c) there is the verb form yuqwul’tsup ‘build a fire’, which is modified by the lexical suffix -ul’tsup ‘wood’. Then, the root appears again in paragraph (c) as a noun thu huy’qw ‘the fire’.	page 19
§3	Lauren Schneider and Donna B. Gerdts	note	The three oral paragraphs in (30) demonstrate the climactic part of this story where the Tth’uwxe’le’ts has tripped into the fire and is screaming for help, and the slave is shouting, “I am helping you!”, while actually pushing her deeper into the fire, and in so doing saves the children from being eaten. In this example, the polyptoton and the corresponding English translation has been bolded.	page 19
(30a) line 1	Hul’q’umi’num’	transcription	¶ “’uy’! ts’uwuthamu tsun tse’,”	page 19, engine english
(30a) line 2	Hul’q’umi’num’	transcription	suw’ xut’us thu skw’uyuths.	page 19, engine residue
(30a) line 3	Hul’q’umi’num’	transcription	kwunutus tthey’ thi sts’esht-s.	page 19, engine english
(30a) line 4	Lauren Schneider and Donna B. Gerdts	translation	‘“Okay, I will help you,” said her slave. She took her big stick.’	page 19, engine english
(30b) line 1	Hul’q’umi’num’	transcription	xut’u kwus ts’ets’uw’utus,	page 20, engine residue
(30b) line 2	Hul’q’umi’num’	transcription	’i’ ni’ yu thextus, yu the.e.extus,	page 20, engine english
(30b) line 3	Hul’q’umi’num’	transcription	yu hun’wushus ’u thu huy’qw.	page 20, engine residue
(30b) line 4	Lauren Schneider and Donna B. Gerdts	translation	‘Though she was saying she would help her, she was shoving [putting] her deeper into the fire.’	page 20, engine english
(30c) line 1	Hul’q’umi’num’	transcription	¶ wulh yuqw tth’uwxe’le’ts	page 20, engine residue
(30c) line 2	Hul’q’umi’num’	transcription	’i’ ’uw’ tuteem’,	page 20, engine residue
(30c) line 3	Hul’q’umi’num’	transcription	“ts’ewutham’sh!	page 20, engine residue
(30c) line 4	Hul’q’umi’num’	transcription	ts’ewutham’sh!”	page 20, engine residue
(30c) line 5	Lauren Schneider and Donna B. Gerdts	translation	‘And Tth’uxe’le’ts burned up, shouting, “Help me! Help me!”’	page 20, engine english
(30d) line 1	Hul’q’umi’num’	transcription	“’i tsun ts’uts’uw’utha’mu!	page 20, engine residue
(30d) line 2	Hul’q’umi’num’	transcription	’i tsun ’uw’ ts’uts’uw’utha’mu!”	page 20, engine language
(30d) line 3	Hul’q’umi’num’	transcription	’i’ nilh yu thextus	page 20, engine residue
(30d) line 4	Hul’q’umi’num’	transcription	yu hun’wushum’ ’u thu huy’qw.	page 20, engine residue
(30d) line 5	Lauren Schneider and Donna B. Gerdts	translation	‘“I’m helping you! I AM helping you!” But she was in fact pushing [putting] her deeper into the fire.’	page 20, engine english
(30e) line 1	Hul’q’umi’num’	transcription	¶ wulh yuqw tth’uwxe’le’ts,	page 20, engine residue
(30e) line 2	Hul’q’umi’num’	transcription	’i’ kwukwtsem’.	page 20, engine language
(30e) line 3	Alphonse et al. 2021:7	translation	‘And Tth’uwxe’le’ts burned up, screaming.’	page 20, engine english, cited Alphonse et al. 2021:7
(30e) line 3	Lauren Schneider and Donna B. Gerdts	citation	(Alphonse et al. 2021:7)	the tag or source at the right of the translation
§3	Hul’q’umi’num’	root	√ts’ew	page 20, ‘help’
§3	Hul’q’umi’num’	root	√nuw’	page 20, ‘in, inside’
§3	Lauren Schneider and Donna B. Gerdts	note	Similar to (29), the paragraphs in (30) are knit together using repetition; √ts’ew ‘help’ occurs six times, √yuqw ‘burn’ occurs four times, and √nuw’ ‘in, inside’ appears twice, and the repetitions are represented in Table 7.	page 20
Table 7 line 1	Lauren Schneider and Donna B. Gerdts	note	Repeated roots in example (30)	page 20, the caption
Table 7 line 2	Lauren Schneider and Donna B. Gerdts	note	¶ root form morphology gloss	page 20, heads the rows below
Table 7a line 1	Hul’q’umi’num’	root	√ts’ew	page 20, the orthography
Table 7a line 1	Hul’q’umi’num’	transcription	ts’uwuthamu	page 20, the orthography
Table 7a line 1	Hul’q’umi’num’	segmentation	c̓əw-əθamə	page 20, the orthography
Table 7a line 2	Hul’q’umi’num’	gloss	help-TR.2OBJ	page 20, engine english
Table 7a line 3	Lauren Schneider and Donna B. Gerdts	translation	‘help you’	page 20
Table 7d line 1	Hul’q’umi’num’	root	√ts’ew	page 20, the orthography
Table 7d line 1	Hul’q’umi’num’	transcription	ts’uts’uw’utha’mu	page 20, the orthography
Table 7d line 1	Hul’q’umi’num’	segmentation	c̓əc̓əw̓-əθam̓ə	page 20, the orthography
Table 7d line 2	Hul’q’umi’num’	gloss	help-TR.2OBJ<IPFV>	page 20, engine english
Table 7d line 3	Lauren Schneider and Donna B. Gerdts	translation	‘helping you’	page 20
Table 7b line 1	Hul’q’umi’num’	root	√ts’ew	page 20, the orthography
Table 7b line 1	Hul’q’umi’num’	transcription	ts’ets’uw’utus	page 20, the orthography
Table 7b line 1	Hul’q’umi’num’	segmentation	c̓ec̓əw̓-ət-əs	page 20, the orthography
Table 7b line 2	Hul’q’umi’num’	gloss	help-TR-3SUBJ<IPFV>	page 20, engine english
Table 7b line 3	Lauren Schneider and Donna B. Gerdts	translation	‘helping her’	page 20
Table 7c line 1	Hul’q’umi’num’	root	√ts’ew	page 20, the orthography
Table 7c line 1	Hul’q’umi’num’	transcription	ts’ewutham’sh	page 20, the orthography
Table 7c line 1	Hul’q’umi’num’	segmentation	c̓ew-əθam̓š	page 20, the orthography
Table 7c line 2	Hul’q’umi’num’	gloss	help-TR.1OBJ	page 20, engine english
Table 7c line 3	Lauren Schneider and Donna B. Gerdts	translation	‘help me’	page 20
Table 7c line 4	Hul’q’umi’num’	root	√yuqw	page 20, the orthography
Table 7c line 4	Hul’q’umi’num’	transcription	yuqw	page 20, the orthography
Table 7c line 4	Hul’q’umi’num’	segmentation	yəqʷ	page 20, the orthography
Table 7c line 5	Hul’q’umi’num’	gloss	burn	page 20, engine english
Table 7c line 6	Lauren Schneider and Donna B. Gerdts	translation	‘burn’	page 20
Table 7b line 4	Hul’q’umi’num’	root	√yuqw	page 20, the orthography
Table 7b line 4	Hul’q’umi’num’	transcription	thu huy’qw	page 20, the orthography
Table 7b line 4	Hul’q’umi’num’	segmentation	θə həy̓qʷ	page 20, the orthography
Table 7b line 5	Hul’q’umi’num’	gloss	DT burn<IPFV>	page 20, engine english
Table 7b line 6	Lauren Schneider and Donna B. Gerdts	translation	‘a fire’	page 20
Table 7b line 7	Hul’q’umi’num’	root	√nuw’	page 20, the orthography
Table 7b line 7	Hul’q’umi’num’	transcription	yu hun’wushus	page 20, the orthography
Table 7b line 7	Hul’q’umi’num’	segmentation	yə=hən̓w-əš-əs	page 20, the orthography
Table 7b line 8	Hul’q’umi’num’	gloss	DYN=in-TR-3SUBJ<IPFV>	page 20, engine english
Table 7b line 9	Lauren Schneider and Donna B. Gerdts	translation	‘putting her in’	page 20
Table 7d line 4	Hul’q’umi’num’	root	√nuw’	page 20, the orthography
Table 7d line 4	Hul’q’umi’num’	transcription	yu hun’wushum’	page 20, the orthography
Table 7d line 4	Hul’q’umi’num’	segmentation	yə=hən̓w-əš-əm̓	page 20, the orthography
Table 7d line 5	Hul’q’umi’num’	gloss	DYN=in-TR-PAS<IPFV>	page 20, engine english
Table 7d line 6	Lauren Schneider and Donna B. Gerdts	translation	‘she’s being put in’	page 20
§3	Lauren Schneider and Donna B. Gerdts	note	All six instances of the verb root √ts’ew ‘help’ in lines (a)–(d) are transitive, but they do vary in terms of aspect (im/perfective) and person-marking suffixes. The root √yuqw ‘burn’ occurs four times and again varies in terms of word class, alternating between the noun form in paragraphs (b) and (d) and the verb form in paragraphs (c) and (e). Finally, the root √nuw’ ‘in, inside’ appears imperfective twice, first as transitive and second as passive, varying in terms of voice marking.	page 21
§3	Hul’q’umi’num’	name	qwul’ilh	in the story's title chumux qwul’ilh | Pitchy log man
§3	Hul’q’umi’num’	name	Qwul’ilh	Pitchy log man of (31) and (32)
§3	Lauren Schneider and Donna B. Gerdts	note	The next two examples — (31) and (32) — are from the story chumux qwul’ilh | Pitchy log man, which is a traditional Coast Salish story told by thixil‑hwut | Mrs. Jimmy Joe (Ellen Rice).25 In this story, the pitch man, Qwul’ilh, would often go out fishing on his boat, and one of his wives calls him back to shore each morning before he is melted by the sun. As with the previous set of examples, we have maintained the alignment from the original analysis.26 The oral paragraphs in (31) contain some of the initial set up of the story, and the verb root √kwun ‘take, grab’ occurs three times (bold).	page 21
(31a) line 1	Hul’q’umi’num’	transcription	¶ sis ’uw’ ’itut ’i’ wulh tetsul tu’i.	page 21, engine residue
(31a) line 2	Hul’q’umi’num’	transcription	suw’ hwun’ yu kwun’atul tthuw’ne’ullh.	page 21, engine residue
(31a) line 3	Lauren Schneider and Donna B. Gerdts	translation	‘And then they went to sleep, and someone arrived. And they were still together.’	page 21, engine english
(31a) line 3	Lauren Schneider and Donna B. Gerdts	citation	(MJJ 8–9)	the tag or source at the right of the translation
(31b) line 1	Hul’q’umi’num’	transcription	¶ wulh nilh yuhw ts’a’lu thulh tthu chumux.	page 21, engine residue
(31b) line 2	Hul’q’umi’num’	transcription	ummm suw’ hwu [s]tatul’us kweyul.	page 21, engine residue
(31b) line 3	Hul’q’umi’num’	transcription	’uw’ thu’it tsphwa.a.as tthuw’nilh,	page 21, engine residue
(31b) line 4	Hul’q’umi’num’	transcription	tsphwas.	page 21, engine english
(31b) line 5	Lauren Schneider and Donna B. Gerdts	translation	‘It must have been the pitch. He became the husband of the two sisters that day. He was really blonde, blonde.’	page 21, engine english
(31b) line 5	Lauren Schneider and Donna B. Gerdts	citation	(MJJ 10–12)	the tag or source at the right of the translation
(31c) line 1	Hul’q’umi’num’	transcription	¶ sis ’uw’ thuyuw’t-hwum tthuw’ne’ullh ’u tthu saqw’um.	page 21, engine residue
(31c) line 2	Hul’q’umi’num’	transcription	hwu saay’.	page 21, engine residue
(31c) line 3	Hul’q’umi’num’	transcription	suw’ kwunutewut tthu swakwun,	page 21, engine residue
(31c) line 4	Hul’q’umi’num’	transcription	yu ’i’mush tthu swakwun,	page 21, engine residue
(31c) line 5	Hul’q’umi’num’	transcription	suw’ hwu kwun’et-s tthuw’nilh tthu swakwun.	page 21, engine residue
(31c) line 6	Hul’q’umi’num’	transcription	ni’ wulh hwu saay’ tthu lelum’s,	page 21, engine residue
(31c) line 7	Hul’q’umi’num’	transcription	sqp’eew’t-hw.	page 21, engine language
(31c) line 8	Lauren Schneider and Donna B. Gerdts	translation	‘They built their house of cedar bark. It was ready. And then they captured a loon that was walking by, and they captured it. Then their house was ready, a lean-to.’	page 21, engine english
(31c) line 8	Lauren Schneider and Donna B. Gerdts	citation	(MJJ 13– 16)27	the tag or source at the right of the translation
§3	Lauren Schneider and Donna B. Gerdts	note	The morphology of the realizations of the repeated roots and their arguments have been provided in Table 8.	page 21
footnote 25	Lauren Schneider and Donna B. Gerdts	note	25 chumux qwul’ilh | Pitchy log man (PLM) was made into a ‘poetry version’ by Donna B. Gerdts.	page 21, footnote
footnote 26	Lauren Schneider and Donna B. Gerdts	note	26 As with before, the indentation is meant to represent the intonation. The left edge represents the higher starting pitch, and thus each paragraph begins aligned left. The amount of indentation of each subsequent line is meant to demonstrate a pitch reset relative to the starting pitch (Alphonse et al. 2021:3).	page 21, footnote
footnote 27	Lauren Schneider and Donna B. Gerdts	note	27 Full text and audio https://saalhsqwal.hwulmuhwqun.ca/authors/mrs-jimmy-joe/mjj-pitch/	page 21, footnote
Table 8 line 1	Lauren Schneider and Donna B. Gerdts	note	Root of √kwun ‘take’ in repetitions in example (31)	page 22, the caption
Table 8 line 2	Lauren Schneider and Donna B. Gerdts	note	¶ form morphology gloss	page 22, heads the rows below
Table 8a line 1	Hul’q’umi’num’	transcription	kwun’atul’	page 22, the orthography
Table 8a line 1	Hul’q’umi’num’	segmentation	kʷən̓-atəl̓	page 22, the orthography
Table 8a line 2	Hul’q’umi’num’	gloss	take-RECP<DUR>	page 22, engine english
Table 8a line 3	Lauren Schneider and Donna B. Gerdts	translation	‘they were still together’	page 22
Table 8c line 1	Hul’q’umi’num’	transcription	kwunutewut	page 22, the orthography
Table 8c line 1	Hul’q’umi’num’	segmentation	kʷən-ətewət	page 22, the orthography
Table 8c line 2	Hul’q’umi’num’	gloss	take-TR.PAS.3SSUB	page 22, engine english
Table 8c line 3	Lauren Schneider and Donna B. Gerdts	translation	‘they captured it’	page 22
Table 8c line 4	Hul’q’umi’num’	transcription	hwu kwun’et	page 22, the orthography
Table 8c line 4	Hul’q’umi’num’	segmentation	xʷə=kʷən̓-et-s	page 22, the orthography
Table 8c line 5	Hul’q’umi’num’	gloss	INCH=take-TR-3POS<DUR>	page 22, engine english
Table 8c line 6	Lauren Schneider and Donna B. Gerdts	translation	‘it became their captive’	page 22
§3	Hul’q’umi’num’	cited form	swakwun	page 22, ‘the loon’
§3	Lauren Schneider and Donna B. Gerdts	note	Here we again find the root √kwun ‘take, grab, hold’ realized in three different forms. The first and third instances have durative aspect (the second is plain perfective), and the first instance is reciprocal and the second two are transitive. In paragraph (c), tthu swakwun ‘the loon’ is repeated three times and is the object of both forms of √kwun.	page 22
§3	Hul’q’umi’num’	name	Qwul’ilh’s	Pitchy log man's, of (32)
§3	Lauren Schneider and Donna B. Gerdts	note	Example (32) describes Qwul’ilh’s usual activity coming home from fishing before the sun is up and splashing himself to cool off (so he doesn’t melt) as the family works to dry the fish he caught while out on the water. The repeated verbs have been bolded.	page 22
(32a) line 1	Hul’q’umi’num’	transcription	¶ “’i’ ’umut tseep ’ukws netulhs ’usuw’ tutaam’.	page 22, engine residue
(32a) line 2	Hul’q’umi’num’	transcription	nilh ’uw’ ’uween’ m’iin’ hwun’ hun’lhultnamut.”	page 22, engine residue
(32a) line 3	Lauren Schneider and Donna B. Gerdts	translation	“And you will get up in the morning, and you call out. In case I can’t make it to shore.”	page 22, engine english
(32a) line 3	Lauren Schneider and Donna B. Gerdts	citation	(MJJ 20–21)	the tag or source at the right of the translation
(32b) line 1	Hul’q’umi’num’	transcription	¶ sliqwul tthu skweyul yath ’uw’ ’uy’.	page 22, engine residue
(32b) line 2	Hul’q’umi’num’	transcription	suw’ (hw)’umut thu sa’suqwt	page 22, engine residue
(32b) line 3	Hul’q’umi’num’	transcription	suw’ kw’i’s ’u tthu thqet suw’ teems:	page 22, engine residue
(32b) line 4	Lauren Schneider and Donna B. Gerdts	translation	‘The day was very calm, always good. So, when the younger sister got up first, she climbed up to the top of a tree and started calling out:’	page 22, engine english
(32b) line 5	Hul’q’umi’num’	transcription	“lheel qwul’ilh lheel.	page 22, engine residue
(32b) line 6	Hul’q’umi’num’	transcription	’e.e.e’ut wulh hwu tsi.i.itsulh tthu sya.a.aqwum m’i.i.i	page 22, engine residue
(32b) line 7	Hul’q’umi’num’	transcription	lheel lheel qwul’ilh lheel.	page 22, the third line of the song
(32b) line 8	Hul’q’umi’num’	transcription	’e.e.e’ut wulh hwu tsi.i.itsulh tthu sya.a.aqwum m’i.i.i.”	page 22, engine residue
(32b) line 9	Lauren Schneider and Donna B. Gerdts	translation	“Come ashore, Qwul’ilh, come ashore. The sun is high now.”	page 22, engine english
(32b) line 9	Lauren Schneider and Donna B. Gerdts	citation	[x2] (MJJ 23-26)	the tag or source at the right of the translation
(32c) line 1	Hul’q’umi’num’	transcription	¶ wulh hun’lheelt.	page 22, engine english
(32c) line 2	Hul’q’umi’num’	transcription	nilh ts’u suw’ qwasthut-s tthuw’nilh kw’ulhusum.	page 22, engine residue
(32c) line 3	Hul’q’umi’num’	transcription	nilh suw’ yu ts’ey’hwtums thu sq’i’li.i.i.	page 22, engine residue
(32c) line 4	Lauren Schneider and Donna B. Gerdts	translation	‘Finally, he made it ashore. He submerged and splashed himself. They dried the dried fish.’	page 22, engine english
(32c) line 4	Lauren Schneider and Donna B. Gerdts	citation	(MJJ 27–29)	the tag or source at the right of the translation
(32d) line 1	Hul’q’umi’num’	transcription	¶ ’uw’ mukw’ skweyul [kwsuw’] tutaal’s.	page 22, engine residue
(32d) line 2	Hul’q’umi’num’	transcription	’uw’ yath ’uw’ tutaam’ tthuw’ne’ullh.	page 22, engine residue
(32d) line 3	Hul’q’umi’num’	transcription	wulh hwu sum’um’ne’	page 22, engine residue
(32d) line 4	Hul’q’umi’num’	transcription	mukw’ suw’wuy’qe’.	page 22, engine language
(32d) line 5	Lauren Schneider and Donna B. Gerdts	translation	‘Every day he went out on the water. And they always hollered to him. And now they had children, all boys.’	page 22, engine english
(32d) line 5	Lauren Schneider and Donna B. Gerdts	citation	(MJJ 30–32)	the tag or source at the right of the translation
(32e) line 1	Hul’q’umi’num’	transcription	¶ sis ’uw’ ts’ey’hwe.e.em’ ts’ey’hwe.e.em’ ’u tthu stsa’tx.	page 23, engine residue
(32e) line 2	Lauren Schneider and Donna B. Gerdts	translation	‘They kept on drying and drying the halibut.’	page 23, engine english
(32e) line 2	Lauren Schneider and Donna B. Gerdts	citation	(MJJ 33)	the tag or source at the right of the translation
(32f) line 1	Hul’q’umi’num’	transcription	¶ hwi’ nilh thu sun’tl’e’ teem ’ukws netulhs.	page 23, engine residue
(32f) line 2	Hul’q’umi’num’	transcription	“lheel qwul’ilh,	page 23, engine residue
(32f) line 3	Hul’q’umi’num’	transcription	’e’ut wulh hwutsitsulh tthu syaqwum.”	page 23, engine residue
(32f) line 4	Hul’q’umi’num’	transcription	m’i ts’u hun’lheelt.	page 23, engine residue
(32f) line 5	Lauren Schneider and Donna B. Gerdts	translation	Next, it was the eldest that called out to him in the morning.	page 23, the first line of the translation of (32f), which the page opens without its ‘
(32f) line 6	Lauren Schneider and Donna B. Gerdts	translation	“Come ashore, Qwul’ilh, the sun is high now.” He came ashore.’	page 23, the second line of the translation of (32f)
(32f) line 6	Lauren Schneider and Donna B. Gerdts	citation	(MJJ 34-36)28	page 23, the source of (32f), carrying footnote 28
§3	Hul’q’umi’num’	root	√teem	page 23, ‘call, holler’
§3	Hul’q’umi’num’	root	√lheel	page 23, ‘come to shore’
§3	Hul’q’umi’num’	root	√ts’uy’hw	page 23, ‘get dry’
§3	Lauren Schneider and Donna B. Gerdts	note	Across these six oral paragraphs, three different roots are repeated: √teem ‘call, holler’, √lheel ‘come to shore’, and √ts’uy’hw ‘get dry’. The morphology of the realizations of the repeated roots and their arguments have been provided in Table 9.	page 23
Table 9 line 1	Lauren Schneider and Donna B. Gerdts	note	Repeated roots in example (32)	page 23, the caption
Table 9 line 2	Lauren Schneider and Donna B. Gerdts	note	¶ root form morphology gloss	page 23, heads the rows below
Table 9a line 1	Hul’q’umi’num’	root	√teem	page 23, the orthography
Table 9a line 1	Hul’q’umi’num’	transcription	tutaam’	page 23, the orthography
Table 9a line 1	Hul’q’umi’num’	segmentation	təta:m̓	page 23, the orthography
Table 9a line 2	Hul’q’umi’num’	gloss	call<IPFV>	page 23, engine english
Table 9a line 3	Lauren Schneider and Donna B. Gerdts	translation	‘calling, hollering’	page 23
Table 9b line 1	Hul’q’umi’num’	root	√teem	page 23, the orthography
Table 9b line 1	Hul’q’umi’num’	transcription	teem te:m	page 23, the orthography
Table 9b line 2	Hul’q’umi’num’	gloss	call	page 23, engine english
Table 9b line 3	Lauren Schneider and Donna B. Gerdts	translation	‘call, holler’	page 23
Table 9a line 4	Hul’q’umi’num’	root	√lheel	page 23, the orthography
Table 9a line 4	Hul’q’umi’num’	transcription	hun’lhultnamut	page 23, the orthography
Table 9a line 4	Hul’q’umi’num’	segmentation	hən̓-łəl-t-namət	page 23, the orthography
Table 9a line 5	Hul’q’umi’num’	gloss	LPX:arrive-go.ashore-TR-LCRF	page 23, engine english
Table 9a line 6	Lauren Schneider and Donna B. Gerdts	translation	‘manage to get ashore’	page 23
Table 9b line 4	Hul’q’umi’num’	root	√lheel	page 23, the orthography
Table 9b line 4	Hul’q’umi’num’	transcription	lheel	page 23, the orthography
Table 9b line 4	Hul’q’umi’num’	segmentation	łe:l	page 23, the orthography
Table 9b line 5	Hul’q’umi’num’	gloss	go.ashore	page 23, engine english
Table 9b line 6	Lauren Schneider and Donna B. Gerdts	translation	‘go/come to shore’	page 23
Table 9c line 1	Hul’q’umi’num’	root	√lheel	page 23, the orthography
Table 9c line 1	Hul’q’umi’num’	transcription	hun’lheelt	page 23, the orthography
Table 9c line 1	Hul’q’umi’num’	segmentation	hən̓-łe:l-t	page 23, the orthography
Table 9c line 2	Hul’q’umi’num’	gloss	LPX:arrive-go.ashore-TR	page 23, engine english
Table 9c line 3	Lauren Schneider and Donna B. Gerdts	translation	‘get ashore’	page 23
Table 9c line 4	Hul’q’umi’num’	root	√ts’uy’hw	page 23, the orthography
Table 9c line 4	Hul’q’umi’num’	transcription	yu ts’ey’hwtum	page 23, the orthography
Table 9c line 4	Hul’q’umi’num’	segmentation	yə=c̓ey̓xʷ-t-əm	page 23, the orthography
Table 9c line 5	Hul’q’umi’num’	gloss	DYN=dry-TR-PAS<IPFV>	page 23, engine english
Table 9c line 6	Lauren Schneider and Donna B. Gerdts	translation	‘it is being dried’	page 23
Table 9e line 1	Hul’q’umi’num’	root	√ts’uy’hw	page 23, the orthography
Table 9e line 1	Hul’q’umi’num’	transcription	ts’ey’hwe.e.em’	page 23, the orthography
Table 9e line 1	Hul’q’umi’num’	segmentation	c̓ey̓xʷ-em̓	page 23, the orthography
Table 9e line 2	Hul’q’umi’num’	gloss	dry-MID<IPFV.RL>	page 23, engine english
Table 9e line 3	Lauren Schneider and Donna B. Gerdts	translation	‘getting dry’	page 23
§3	Hul’q’umi’num’	cited form	hun’shaqw	page 23, ‘arrive across the water’
§3	Hul’q’umi’num’	cited form	hun’umut	page 23, ‘get home’
§3	Lauren Schneider and Donna B. Gerdts	note	The root √teem ‘call, holler’ appears four times, alternating between imperfective and perfective aspect. The root √lheel ‘come to shore’ is part of a refrain repeated by the wives of pitch, and so it appears nine times in (32). In the refrain, it is the plain perfective form of the verb with no additional morphology. In paragraphs (a), (c), and (f) it appears with the lexical prefix hun’- which is attached to motion verbs to indicate completion of the motion event and so is often translated ‘arrive, get there’ — e.g., hun’shaqw ‘arrive across the water’ and hun’umut ‘get home’ (Hukari & Peter 1995; Suttles 2004:284). Each form of √lheel also varies in terms of voice suffixes, and the root √ts’uy’hw ‘get dry’ occurs twice and the realizations vary in terms of voice marking as well.	page 23
footnote 28	Lauren Schneider and Donna B. Gerdts	note	28 Full text and audio: https://saalhsqwal.hwulmuhwqun.ca/authors/mrs-jimmy-joe/mjj-pitch/	page 23, footnote
§3	Lauren Schneider and Donna B. Gerdts	note	In sum, we have found that polyptoton is used for cohesion across entire oral paragraphs in narratives. Storytellers vary the realization of repeated roots by using different aspect inflection, voice suffixes, lexical suffixes, and derivational morphology. Using this variation, Elders weave themes together in the oral paragraphs and aid the listener in following the narrative.	page 23
§4	Lauren Schneider and Donna B. Gerdts	heading	4 Conclusion	page 24
§4	Lauren Schneider and Donna B. Gerdts	language	Hul’q’umi’num’	the Vancouver Island dialect of Halkomelem, the language of the paper
§4	Lauren Schneider and Donna B. Gerdts	name	Tehota’kerá:tonh	Kanien’kéha, in the names of Tehota’kerá:tonh & Owennatékha 2018 and the title of their book, Onkwawén:na Kentyókhwa
§4	Lauren Schneider and Donna B. Gerdts	name	Owennatékha	Kanien’kéha, in the names of Tehota’kerá:tonh & Owennatékha 2018 and the title of their book, Onkwawén:na Kentyókhwa
§4	Lauren Schneider and Donna B. Gerdts	note	Polyptoton is a natural part of Hul’q’umi’num’ oral narrative structure. This paper set out to highlight features of this phenomenon so that it might be factored into language teaching materials. Teachers of polysynthetic languages have found that the learners benefit from the explicit teaching of grammar, such as how to identify verb roots (Allen 2017; Kelly et al. 2014; Tehota’kerá:tonh & Owennatékha 2018). As linguists, we can aid reclamation efforts by identifying ways to teach grammar from the patterns that exist within traditional narratives (Russell 2009).	page 24
§4	Lauren Schneider and Donna B. Gerdts	name	Gómez	Gómez de García, of Axelrod & Gómez de García 2007
§4	Lauren Schneider and Donna B. Gerdts	name	García	Gómez de García, of Axelrod & Gómez de García 2007
§4	Hul’q’umi’num’	root	√kwun	page 24, ‘take, grab, hold’
§4	Hul’q’umi’num’	root	√thuy	page 24, ‘make, prepare, build’
§4	Lauren Schneider and Donna B. Gerdts	note	Axelrod and Gómez de García (2007:135) assert that repeated instances of stems with varying prefix strings assist in isolating and processing stem shapes, and that the repetition serves to mark the stem as a constructional unit. In this paper, we have examined how Hul’q’umi’num’ storytellers vary the morphological expressions of repeated roots. We can use polyptoton of high- frequency roots like √kwun ‘take, grab, hold’ and √thuy ‘make, prepare, build’ to highlight stem shapes and practice identifying affixes and reduplication patterns. Polyptoton also provides an avenue for teaching rarely used words with more complex morphology. Storytellers repeat roots and suffixes and also rephrase what has already been said.	page 24
§4	Lauren Schneider and Donna B. Gerdts	note	We also concur with Axelrod and Gómez de García that repetition is a tool that “serves as a memory device and a marker of topic continuity and discourse cohesion” in adult language (2007:135). Repetition helps to create a bridge between the speaker and the listener, especially ones that might not be completely fluent in the language. By pointing out speakers’ use of polyptoton when studying stories, we hope that the new generation of speakers can learn to utilize this important device as they develop their skills as storytellers.	page 24
references	Lauren Schneider and Donna B. Gerdts	heading	References	page 24
references	Lauren Schneider and Donna B. Gerdts	reference	Allen, Shanley. 2017. Polysynthesis in the acquisition of Inuit languages. In Fortescue, Michael & Evans, Nicholas & Mithun, Marianne (eds.), The Oxford Handbook of Polysynthesis (Oxford Handbooks). Oxford University Press.	
references	Lauren Schneider and Donna B. Gerdts	name	Gómez	Gómez de García, of Axelrod & Gómez de García 2007
references	Lauren Schneider and Donna B. Gerdts	name	García	Gómez de García, of Axelrod & Gómez de García 2007
references	Lauren Schneider and Donna B. Gerdts	reference	(doi:10.1093/oxfordhb/9780199683208.013.25)	
references	Lauren Schneider and Donna B. Gerdts	reference	Alphonse, Christopher & George, Roseanna & Joe, Martina & Johnny, Thomas & Modeste, Donna & Seymour, Sharon A.V. & Zhang, Helen Yu. 2021. Analyzing a story by Sti’tum’at: Tth’uwxe’le’ts - Basket Ogress. (Presented at the International Conference on Salish and Neighboring Languages.)	
references	Lauren Schneider and Donna B. Gerdts	reference	Axelrod, Melissa & Gómez de García, Jule. 2007. Repetition in Apachean narrative discourse: From discourse structure to language learning in morphologically complex languages.	
references	Lauren Schneider and Donna B. Gerdts	reference	Language, Meaning, and Society 1. 107–142.	
references	Lauren Schneider and Donna B. Gerdts	reference	Britannica Editors. 2008. Polyptoton. Encyclopedia Britannica.	
references	Lauren Schneider and Donna B. Gerdts	symbol note	Β	a Greek capital beta in the reference list where the page prints B
references	Lauren Schneider and Donna B. Gerdts	reference	(https://www.britannica.com/art/polyptoton)	
references	Lauren Schneider and Donna B. Gerdts	reference	Brody, Jill. 1986. Repetition as a rhetorical and conversational device in Tojolabal (Mayan). International Journal of American Linguistics. University of Chicago Press 52(3). 255–274.	
references	Lauren Schneider and Donna B. Gerdts	reference	Gerdts, Donna B. 2009. Three doubling constructions in Halkomelem. In Gerdts, Donna Β. & Moore, John C. & Polinsky, Maria (eds.), Hypothesis A / Hypothesis B: Linguistic Explorations in Honor of David M. Perlmutter (Current Studies in Linguistics), vol. 49, 183– 201. MIT Press. (https://doi.org/10.7551/mitpress/7670.003.0013)	
references	Lauren Schneider and Donna B. Gerdts	reference	Gerdts, Donna B. 2018. Classifying rhetorical repetitions in Hul’q’umi’num’ narratives. (Presented at the Workshop on Structure and Constituency in Languages of the Americas 23, University of Ottawa.) Gerdts, Donna B. (ed.). n.d. Hul’q’umi’num’ text corpus. Duncan, BC. (Corpus.) (https://saalhsqwal.hwulmuhwqun.ca/)	
references	Lauren Schneider and Donna B. Gerdts	reference	Gerdts, Donna B. & Hinkson, Mercedes Q. 2004. The grammaticalization of Halkomelem ‘Face’ into a dative applicative suffix. International Journal of American Linguistics. The University of Chicago Press 70(3). 227–250. (doi:10.1086/425600)	
references	Lauren Schneider and Donna B. Gerdts	reference	Gerdts, Donna B. & Hukari, Thomas E. 1998. Inside and outside the middle. International Conference on Salish and Neighboring Languages 33. 166–220.	
references	Lauren Schneider and Donna B. Gerdts	reference	Gerdts, Donna B. & Hukari, Thomas E. 2003. The expressions of NPs in Halkomelem texts. International Conference on Salish and Neighboring Languages, vol. 38, 91–126. UBCWPL.	
references	Lauren Schneider and Donna B. Gerdts	reference	Gerdts, Donna B. & Hukari, Thomas E. 2008. The expressions of noun phrases in Halkomelem texts. Anthropological Linguistics 50(3–4). 1–41.	
references	Lauren Schneider and Donna B. Gerdts	reference	Gerdts, Donna B. & Hukari, Thomas E. to appear. Halkomelem. Munich: Lincom Europa.	
references	Lauren Schneider and Donna B. Gerdts	reference	Gerdts, Donna B. & Johnny, Thomas & Kye, Ted. 2024. Rhetorical lengthening in Hul’q’umi’num’ story performance. Papers for the International Conference on Salish and Neighbouring Languages. Vancouver: UBCWPL 59. 95–127.	
references	Lauren Schneider and Donna B. Gerdts	reference	Gerdts, Donna B. & Peter, Ruby. 2011. The form and function of nativized names in Hul’q’umi’num’. Papers for the International Conference on Salish and Neighboring Languages, vol. 30, 81–100. UBCWPL.	
references	Lauren Schneider and Donna B. Gerdts	reference	Gerdts, Donna B. & Schneider, Lauren. 2021. Balancing act: A case study of the distribution of NPs and Vs in Hul’q’umi’num’ texts. (Presented at the 23rd Annual Workshop on American Indigenous Languages, UCSB.)	
references	Lauren Schneider and Donna B. Gerdts	reference	Gerdts, Donna B. & Schneider, Lauren. 2023. Word classes in Salish languages. In van Lier, Eva (ed.), Handbook of word classes, 613–650. Oxford: Oxford University Press.	
references	Lauren Schneider and Donna B. Gerdts	reference	Gerdts, Donna B. & Werle, Adam. 2014. Halkomelem clitic types. Morphology 24. 245–281. Halliday, M. A. K. & Hasan, Ruqaiya. 1976. Cohesion in English (A Longman Paperback). London: Longman. (https://www.taylorfrancis.com/books/9781315836010)	
references	Lauren Schneider and Donna B. Gerdts	reference	Hinkson, Mercedes Q. 1999. Salishan lexical suffixes: A study in the conceptualization of space. Simon Fraser University. (PhD thesis.) (https://www.collectionscanada.gc.ca/obj/s4/f2/dsk1/tape9/PQDD_0012/NQ52709.pdf)	
references	Lauren Schneider and Donna B. Gerdts	reference	Hukari, Thomas E. 1978. Halkomelem nonsegmental morphology. Papers for the International Conference on Salish and Neighboring Languages, 157–209. UBCWPL.	
references	Lauren Schneider and Donna B. Gerdts	reference	(https://lingpapers.sites.olt.ubc.ca/files/2018/03/1978_Hukari.pdf)	
references	Lauren Schneider and Donna B. Gerdts	reference	Hukari, Thomas E. 1984. The truth about Cowichan imperfectives. Papers for the XIV International Conference on Salish and Neighboring Languages.	
references	Lauren Schneider and Donna B. Gerdts	reference	(https://lingpapers.sites.olt.ubc.ca/files/2018/03/1984_Hukari.pdf)	
references	Lauren Schneider and Donna B. Gerdts	reference	Hukari, Thomas E. & Peter, Ruby (eds.). 1995. The Cowichan Dictionary of the Hul’qumin’um’ Dialect of the Coast Salish People. BC: Cowichan Tribes.	
references	Lauren Schneider and Donna B. Gerdts	reference	(https://sqwal.hwulmuhwqun.ca/resources/)	
references	Lauren Schneider and Donna B. Gerdts	reference	Kelly, Barbara & Wigglesworth, Gillian & Nordlinger, Rachel & Blythe, Joseph. 2014. The acquisition of polysynthetic languages. Language and Linguistics Compass 8(2). 51–64. (doi:10.1111/lnc3.12062)	
references	Lauren Schneider and Donna B. Gerdts	reference	Kroeber, Paul D. 1999. The Salish language family: Reconstructing syntax. University of Nebraska Press.	
references	Lauren Schneider and Donna B. Gerdts	reference	Kuipers, Aert H. 1967. The Squamish language: Grammar, texts, dictionary (Janua Linguarum. Series Practica). Vol. 1. De Gruyter Mouton. (https://doi.org/10.1515/9783111358024)	
references	Lauren Schneider and Donna B. Gerdts	reference	Leech, Geoffrey N. 1969. A linguistic guide to English poetry. (English Language Series). Longmans.	
references	Lauren Schneider and Donna B. Gerdts	reference	Longacre, Robert E. 1983. The grammar of discourse (Topics in Language and Linguistics). Plenum Press.	
references	Lauren Schneider and Donna B. Gerdts	reference	Mattissen, Johanna. 2004. A structural typology of polysynthesis. WORD. Routledge 55(2). 189– 216. (doi:10.1080/00437956.2004.11432546)	
references	Lauren Schneider and Donna B. Gerdts	reference	Mellesmoen, Gloria & Urbanczyk, Suzanne. 2020. Mora affixation and Halkomelem imperfective allomorphy. Papers for the International Conference on Salish and Neighboring Languages, vol. 55, 238–256. Vancouver, BC: UBCWPL.	
references	Lauren Schneider and Donna B. Gerdts	reference	Mellesmoen, Gloria & Urbanczyk, Suzanne. 2021. Avoiding multiple reduplication without integrity. Proceedings of the 37th West Coast Conference on Formal Linguistics. Somerville, MA: Cascadilla Proceedings Project.	
references	Lauren Schneider and Donna B. Gerdts	reference	Ochs-Keenan, Elinor. 1983. Making it last: repetition in children’s discourse. In Ochs-Keenan, Elinor & Schieffelin, Bambi B. (eds.), Acquiring conversational competence, 26–39. Routledge.	
references	Lauren Schneider and Donna B. Gerdts	reference	Ong, Walter J. 2002. Orality and literacy: the technologizing of the word (New Accents). Routledge. (http://www.taylorfrancis.com/books/9780203426258) Russell, Susan Marie. 2009. Ways of talking Halkomelem: interaction in classroom procedural talk. Simon Fraser University. (PhD.)	
references	Lauren Schneider and Donna B. Gerdts	reference	Schneider, Lauren. 2022. Expressing associated motion using Hul’q’umi’num’ Salish SVCs. Papers for the International Conference on Salish and Neighboring Languages, vol. 57, 143– 164. Vancouver, BC: UBCWPL.	
references	Lauren Schneider and Donna B. Gerdts	reference	(https://lingpapers.sites.olt.ubc.ca/files/2022/08/ICSNL57_Schneider.pdf)	
references	Lauren Schneider and Donna B. Gerdts	reference	Schneider, Lauren. 2023. Elasticity and cohesion: Multi-verb constructions as a narrative strategy. Papers for the International Conference on Salish and Neighboring Languages, vol. 58, 401–425. Vancouver, BC: UBCWPL.	
references	Hul’q’umi’num’	cited affix	yə=	the dynamic clitic, in the title of Schneider & Gerdts 2024
references	Lauren Schneider and Donna B. Gerdts	reference	(https://lingpapers.sites.olt.ubc.ca/files/2023/07/ICSNL58_Schneider_final.pdf)	
references	Lauren Schneider and Donna B. Gerdts	reference	Schneider, Lauren & Gerdts, Donna B. 2024. Keeping things moving along: The aspectoid proclitc yə= in Hul’q’umi’num’ Salish. International Conference on Salish and Neighboring Languages, vol. 59, 518–540. Kelowna: UBCWPL.	
references	Lauren Schneider and Donna B. Gerdts	reference	Shakespeare, William. n.d. Richard II. Washington DC: Folger Shakespeare. (Play.) (Ed.	
references	Lauren Schneider and Donna B. Gerdts	reference	Mowat, Barbara & Werstine, Paul & Poston, Michael & Niles, Rebecca.) (https://www.folger.edu/explore/shakespeares-works/richard-ii/read/2/1/)	
references	Lauren Schneider and Donna B. Gerdts	reference	Sherzer, Joel. 1983. Kuna ways of speaking: an ethnographic perspective (Texas Linguistics Series). 1st ed. University of Texas Press.	
references	Lauren Schneider and Donna B. Gerdts	reference	Sherzer, Joel. 2002. Speech play and verbal art. University of Texas Press. (doi:10.7560/777682)	
references	Lauren Schneider and Donna B. Gerdts	reference	Suttles, Wayne P. 2004. Musqueam reference grammar. UBC Press.	
references	Lauren Schneider and Donna B. Gerdts	name	Tehota’kerá:tonh	Kanien’kéha, in the names of Tehota’kerá:tonh & Owennatékha 2018 and the title of their book, Onkwawén:na Kentyókhwa
references	Lauren Schneider and Donna B. Gerdts	name	Owennatékha	Kanien’kéha, in the names of Tehota’kerá:tonh & Owennatékha 2018 and the title of their book, Onkwawén:na Kentyókhwa
references	Kanien’kéha	cited form	Onkwawén:na	Kanien’kéha, in the names of Tehota’kerá:tonh & Owennatékha 2018 and the title of their book, Onkwawén:na Kentyókhwa
references	Kanien’kéha	cited form	Kentyókhwa	Kanien’kéha, in the names of Tehota’kerá:tonh & Owennatékha 2018 and the title of their book, Onkwawén:na Kentyókhwa
references	Lauren Schneider and Donna B. Gerdts	reference	Tannen, Deborah. 1987. Repetition in conversation: Toward a poetics of talk. Language. Linguistic Society of America 63(3). 574–605. (doi:10.2307/415006)	
references	Lauren Schneider and Donna B. Gerdts	reference	Tannen, Deborah. 2007. Talking voices: Repetition, dialogue, and imagery in conversational discourse (Studies in Interactional Sociolinguistics). 2nd edn. Cambridge: Cambridge University Press. (doi:10.1017/CBO9780511618987)	
references	Lauren Schneider and Donna B. Gerdts	reference	Tedlock, Dennis. 1983. The spoken word and the work of interpretation. University of Pennsylvania Press. (https://www.jstor.org/stable/j.ctt3fhpn7) Tehota’kerá:tonh, Jeremy Green & Owennatékha, Brian Maracle. 2018. The Root-Word Method for building proficient second-language speakers of polysynthetic languages: Onkwawén:na Kentyókhwa Adult Mohawk Language Immersion Program. The Routledge Handbook of Language Revitalization. Routledge.	
references	Lauren Schneider and Donna B. Gerdts	reference	van Eijk, Jan. 1997. The Lillooet Language: Phonology, Morphology, Syntax. Vancouver, CA: UBC Press.	
references	Lauren Schneider and Donna B. Gerdts	reference	Webster, Anthony K. 2023. Verbal art. The Languages and Linguistics of Indigenous North America (The World of Linguistics 13), vol. 1, 385–419. Berlin/Boston: De Gruyter Mouton.	
references	Lauren Schneider and Donna B. Gerdts	reference	Woodbury, Anthony C. 1987. Rhetorical structure in a Central Alaskan Yupik Eskimo traditional narrative. In Sherzer, Joel & Woodbury, Anthony C. (eds.), Native American Discourse: Poetics and Rhetoric, 176–239. Cambridge: Cambridge University Press.	
title	Lauren Schneider and Donna B. Gerdts	title	Polyptotonic repetition in Hul’q’umi’num’ narratives	the paper's title, carrying the star of the funding footnote
title	Lauren Schneider and Donna B. Gerdts	name	Lauren Schneider	author, Simon Fraser University
title	Lauren Schneider and Donna B. Gerdts	name	Donna B. Gerdts	author, Simon Fraser University, curator of the story collection
front	Lauren Schneider and Donna B. Gerdts	language	Halkomelem	the Salish language of which Hul’q’umi’num’ is the Vancouver Island dialect
§1	Lauren Schneider and Donna B. Gerdts	place	Vancouver Island	where Hul’q’umi’num’ is spoken
§1	Lauren Schneider and Donna B. Gerdts	place	Salish Sea	along which the territory of the Hul’q’umi’num’ people extends
§1	Lauren Schneider and Donna B. Gerdts	place	Nanoose	one end of the territory
§1	Lauren Schneider and Donna B. Gerdts	place	Malahat	the other end of the territory
§1	Lauren Schneider and Donna B. Gerdts	place	British Columbia	
§1	English	cited example	With eager feeding food doth choke the feeder.	(3), an English polyptoton from Shakespeare's Richard II
§1	Lauren Schneider and Donna B. Gerdts	name	Shakespeare	(3) is from his play Richard II
footnote 1	Lauren Schneider and Donna B. Gerdts	name	Wayne Suttles	whose recordings the story collection is based on, with Thomas Hukari and Donna B. Gerdts, 1962 to 2000
footnote 1	Lauren Schneider and Donna B. Gerdts	name	Thomas Hukari	whose recordings the story collection is based on
footnote 1	Lauren Schneider and Donna B. Gerdts	name	Basil Alphonse	a speaker whose story is featured
footnote 1	Lauren Schneider and Donna B. Gerdts	name	Cecelia Leo Alphonse	a speaker whose story is featured
footnote 1	Lauren Schneider and Donna B. Gerdts	name	Mrs. Jimmy Joe	a speaker whose story is featured, MJJ in the citations, Pitchy log man
footnote 1	Lauren Schneider and Donna B. Gerdts	name	Sophie Misheal	a speaker whose story is featured, SM in the citations, Crane steals the river
footnote 1	Lauren Schneider and Donna B. Gerdts	name	Peter Mitchell	a speaker whose story is featured
footnote 1	Lauren Schneider and Donna B. Gerdts	name	Elwood Modeste	a speaker whose story is featured, EM in the citations
footnote 1	Lauren Schneider and Donna B. Gerdts	name	Ruby Peter	a speaker whose story is featured, the speaker of (19)
footnote 1	Lauren Schneider and Donna B. Gerdts	name	Theresa Rice	a speaker whose story is featured, TR in the citations
footnote 1	Lauren Schneider and Donna B. Gerdts	name	Wilfred Sampson	a speaker whose story is featured, WSa in the citations, Elder and the sea lion and The young man that turned into a seal
footnote 1	Lauren Schneider and Donna B. Gerdts	name	Ellen White	a speaker whose story is featured, EW in the citations, the ethnobiology account of (26)
footnote 1	Lauren Schneider and Donna B. Gerdts	name	Elena Barreiro	of the research team that edited the stories
footnote 1	Lauren Schneider and Donna B. Gerdts	name	Samara Channell	of the research team
footnote 1	Lauren Schneider and Donna B. Gerdts	name	Zachary Gilkison	of the research team
footnote 1	Lauren Schneider and Donna B. Gerdts	name	Sarah Kell	of the research team
footnote 1	Lauren Schneider and Donna B. Gerdts	name	Kaoru Kiyosawa	of the research team
footnote 1	Lauren Schneider and Donna B. Gerdts	name	Janet Leonard	of the research team
footnote 1	Lauren Schneider and Donna B. Gerdts	name	Zoey Peterson	of the research team
footnote 1	Lauren Schneider and Donna B. Gerdts	name	Helen Zhang	of the research team
footnote 2	Lauren Schneider and Donna B. Gerdts	notation	< >	non-concatenative morphology, in the gloss line, walk<IPFV>
footnote 4	Lauren Schneider and Donna B. Gerdts	notation	a.a.a	vowels extended with periods, rhetorical lengthening in the orthography, glossed RL
footnote 4	Lauren Schneider and Donna B. Gerdts	notation	…	in the middle of a line, a pause
footnote 24	Lauren Schneider and Donna B. Gerdts	name	Christopher Alphonse	of the poetry version of Basket Ogress
footnote 24	Lauren Schneider and Donna B. Gerdts	name	Roseanna George	of the poetry version of Basket Ogress
footnote 24	Lauren Schneider and Donna B. Gerdts	name	Martina Joe	of the poetry version of Basket Ogress
footnote 24	Lauren Schneider and Donna B. Gerdts	name	Thomas Johnny	of the poetry version of Basket Ogress
footnote 24	Lauren Schneider and Donna B. Gerdts	name	Donna Modeste	of the poetry version of Basket Ogress
footnote 24	Lauren Schneider and Donna B. Gerdts	name	A.V. Sharon Seymour	of the poetry version of Basket Ogress
footnote 24	Lauren Schneider and Donna B. Gerdts	name	Helen Yu Zhang	of the poetry version of Basket Ogress
footnote 24	Lauren Schneider and Donna B. Gerdts	name	John Lyon	who taught the 2021 field methods class
footnote 26	Lauren Schneider and Donna B. Gerdts	notation	indentation	in the oral paragraphs, the intonation: the left edge is the higher starting pitch, and each indent a pitch reset, Alphonse et al. 2021:3
§3	Lauren Schneider and Donna B. Gerdts	notation	¶	opens each oral paragraph of the poetry versions
all	Lauren Schneider and Donna B. Gerdts	notation	(WSa.GE.357)	the storyteller and line a sentence comes from: WSa Wilfred Sampson, EW Ellen White, MJJ Mrs. Jimmy Joe, SM Sophie Misheal, TR Theresa Rice, EM Elwood Modeste
all	Lauren Schneider and Donna B. Gerdts	notation	tiers	the practical orthography, then the phonemic line with morpheme breaks, then the glosses, then the English. Oral paragraphs of more than three lines have no interlinear glosses, footnote 3
all	Lauren Schneider and Donna B. Gerdts	notation	√	marks a root, √kwun ‘take’
