where	who	kind	form	gloss
front	Reed Steiner and Lisa Matthewson	language	nɬeʔkepmxcín	the language of this paper, a.k.a. Thompson River Salish, Northern Interior Salish, ISO 639-3 thp
front	Reed Steiner and Lisa Matthewson	note	___________________________ In Proceedings of ICSNL 61, Ella Hannon, Laura Griffin, Brent Hall, Bruce Oliver, Danica Reid, Julia Schillo, Lauren Schneider, Reed Steiner, and Bailey Trotter (eds.). Vancouver, BC: UBCWPL. That moon has risen: The semantics of nɬeʔkepmxcín nominal demonstratives* Reed Steiner and Lisa Matthewson University of British Columbia Abstract: This paper examines the semantics of nominal demonstratives in nɬeʔkepmxcín (Salish). We investigate the definiteness properties of the demonstratives and propose that they convey uniqueness but not familiarity. This finding adds to our cross-linguistic understanding of demonstratives, as nɬeʔkepmxcín demonstratives differ from demonstratives in languages like English. nɬeʔkepmxcín demonstratives are felicitous when their referent uniquely satisfies its nominal description, without giving rise to the ‘anti-uniqueness’ effects found in English. We further show that anti-uniqueness effects do arise in nɬeʔkepmxcín, but only when the demonstrative combines with a DP introduced by the oblique marker t. We therefore argue that this anti-uniqueness derives from semantic partitivity, and is crucially not part of the semantics or pragmatics of the demonstrative itself.	page 1
front	Reed Steiner and Lisa Matthewson	note	Keywords: nɬeʔkepmxcín, Salish, demonstratives, definiteness, uniqueness, partitivity	page 1
§1	Reed Steiner and Lisa Matthewson	heading	1 Introduction	page 1
§1.1	Reed Steiner and Lisa Matthewson	heading	1.1 Overview of the paper	page 1
§1.1	Reed Steiner and Lisa Matthewson	language	nɬeʔkepmxcín	the language of this paper, a.k.a. Thompson River Salish, Northern Interior Salish, ISO 639-3 thp
§1.1	Reed Steiner and Lisa Matthewson	note	This paper presents a study of the semantics of nɬeʔkepmxcín nominal demonstratives.1 We focus on the question of whether nɬeʔkepmxcín demonstratives have any definiteness properties. Specifically, our goal is to establish whether nɬeʔkepmxcín demonstratives convey uniqueness and/or familiarity.	page 1
footnote *	Reed Steiner and Lisa Matthewson	note	* We are very grateful to nɬeʔkepmxcín speakers Bev Phillips, kʷałtèzetkʷ (Bernice Garcia) and c̓úʔsinek (Marty Aspinall). nem kʷukʷstéyp. For feedback and discussion, many thanks to Henry Davis, Mandy Na’zinek Jimmie and the members of the UBC nɬab and the Salish Working Group, including especially Ella Hannon, Marianne Huijsmans and Bruce Oliver. Many thanks to Ella Hannon for her very detailed comments on an earlier draft of the paper, not all of which we have had a chance to respond to here. This paper draws on research supported by the Social Sciences and Research Council of Canada, the Jacobs Research Funds and UBC’s Indigenous Strategic Initiatives Fund. No part of this paper was constructed using generative AI. Contact info: reed1of2@student.ubc.ca, lisa.matthewson@ubc.ca.	page 1, footnote
§1.1	Reed Steiner and Lisa Matthewson	name	kʷałtèzetkʷ	Bernice Garcia's traditional name, KBG in the tags, written with ł
§1.1	Reed Steiner and Lisa Matthewson	name	c̓úʔsinek	Marty Aspinall's name, CMA in the tags, from Coldwater, recorded in conversation
§1.1	nɬeʔkepmxcín	cited form	kʷukʷstéyp	from the thanks nem kʷukʷstéyp in the acknowledgement, left untranslated
§1.1	Reed Steiner and Lisa Matthewson	name	Na’zinek	Mandy Na’zinek Jimmie, thanked in the acknowledgement
§1.1	Reed Steiner and Lisa Matthewson	name	nɬab	the UBC nɬab, the nɬeʔkepmxcín lab, thanked in the acknowledgement
footnote 1	Reed Steiner and Lisa Matthewson	note	1 Throughout the paper, we use the term ‘demonstrative’ to refer to nominal demonstratives. Adverbial demonstratives are beyond the scope of this paper; see Steiner (2026) for detailed discussion of those. Abbreviations not found in the Leipzig Glossing Rules (Comrie, Haspelmath, and Bickel 2015) are as follows: 2CL = 2nd position clitic; ADD = additive; AUG = augmentative; AUT = autonomous; COS = change of state; CTR = control; D/C = determiner-complementizer; DIM = diminutive; DIR = directive transitivizer; EMPH = emphatic; ERG = ergative (transitive) subject; EXIS = existential; HAB = habitual; INCH = inchoative; INFER = inferential evidential; INT = intensifier; LC = limited control; MID = middle; PROSP = prospective; REM = remote; RDR = redirective applicative; RLT = relational applicative; RPRT = reportative; SENSE = sensory evidential; VIS = visible; WH = wh-element; WN = weak necessity modal. Infixes are enclosed between angle brackets (< >). Reduplicated infixes are enclosed between angle brackets combined with tildes (≲ ≳). Square brackets ([ ]) surround segments that are omitted due to regular phonological processes or allegro speech.	page 1, footnote
§1.1	Reed Steiner and Lisa Matthewson	language	St’át’imcets	Lillooet, Northern Interior Salish. (11) is St’át’imcets
§1.1	Reed Steiner and Lisa Matthewson	language	ʔayʔaǰuθəm	Comox-Sliammon, Central Salish, the language of footnote 13's (i)
§1.1	Reed Steiner and Lisa Matthewson	note	This question is of empirical interest because these semantic properties have not so far been investigated for nɬeʔkepmxcín demonstratives – or, to our knowledge, for demonstratives in any Salish language, except in a talk on St’át’imcets (Northern Interior Salish) by Matthewson (2022). Marianne Huijsmans (p.c.) has also begun investigating this issue in ʔayʔaǰuθəm (Central Salish). Our research question is also of theoretical interest, since Salish languages, including nɬeʔkepmxcín, lack definite determiners (Matthewson 1998, 1999; Koch & Zimmermann 2010; Gillon 2014), and it has even been argued that St’át’imcets lacks any familiarity presuppositions altogether (Matthewson 2006). Yet, many analyses of demonstratives maintain that they are enriched definite descriptions (e.g., Roberts 2002; Wolter 2006; Elbourne 2008, 2013; Ahn 2019). We argue based on fieldwork with two nɬeʔkepmxcín speakers and speech data from a third speaker that nɬeʔkepmxcín demonstratives are weak definites in the sense of Schwarz (2009): that is, they convey uniqueness within a discourse situation, but do not convey familiarity/anaphoricity. We further show that nɬeʔkepmxcín demonstratives may combine either with ordinary determiner phrases (DPs) or with DPs introduced by the oblique marker t, and that this has a semantic impact. Specifically, demonstratives associated with obliques are interpreted partitively, displaying anti- uniqueness effects. We argue that the anti-uniqueness effects are not contributed by the demonstrative itself (as is often argued for English), but by the partitive oblique that follows the demonstrative.	page 2
§1.1	Reed Steiner and Lisa Matthewson	note	The rest of the introductory section provides background on the language and the speakers we work with, our methodology, and the semantics of definite descriptions and demonstratives. In section 2 we introduce nɬeʔkepmxcín nominal demonstratives. Section 3 presents new data on the definiteness properties of nɬeʔkepmxcín demonstratives and on the partitivity effect contributed by the oblique marker. Section 4 presents our informal analysis of the data, and section 5 concludes.	page 2
§1.2	Reed Steiner and Lisa Matthewson	heading	1.2 Language and speakers	page 2
§1.2	Reed Steiner and Lisa Matthewson	language	nɬeʔkepmxcín	the language of this paper, a.k.a. Thompson River Salish, Northern Interior Salish, ISO 639-3 thp
§1.2	Reed Steiner and Lisa Matthewson	note	nɬeʔkepmxcín (ISO 639-3: thp; a.k.a. Thompson River Salish) is a Northern Interior Salish language, spoken along the Thompson River Gorge, Fraser River Canyon, and Nicola River Valley in British Columbia, Canada. There are about 100 fluent speakers according to Gessner et al. (2022), and ongoing efforts in the speech community to revitalize the language.	page 2
§1.2	Reed Steiner and Lisa Matthewson	name	kʷaɬtèzetkʷ	Bernice Garcia's traditional name, KBG in the tags
§1.2	Reed Steiner and Lisa Matthewson	language	ƛ̓q̓mcín	the Lytton dialect, Bev Phillips's
§1.2	Reed Steiner and Lisa Matthewson	language	nc̕eɬétkʷu	the Coldwater dialect, kʷaɬtèzetkʷ's
§1.2	Reed Steiner and Lisa Matthewson	name	c̓úʔsinek	Marty Aspinall's name, CMA in the tags, from Coldwater, recorded in conversation
§1.2	Reed Steiner and Lisa Matthewson	language	scw̓exmxcín	the Nicola Valley dialect, c̓úʔsinek's
§1.2	Reed Steiner and Lisa Matthewson	name	c̕úʔsinek	Marty Aspinall's name, written with c̕ where §1.2 first writes c̓
footnote 2	Reed Steiner and Lisa Matthewson	note	2 kʷałtèzetkʷ wishes it to be acknowledged that she is a Kamloops Indian Residential School speaker, who is re-learning her language. She introduces herself thus: ʔes ʔúməcms kʷaɬtèzetkʷ təw ɬe c̓əɬétkʷu wéʔe ncítxʷ ƛ̓uʔ wéʔec ʔex netíyxs scwéw̓xmx ƛ̓uʔ tékm xéʔe ne nɬeʔképmx e tmíxʷs ‘My traditional name is kʷaɬtèzetkʷ, my home is in Coldwater of ‘Nicola’ of nlaka’pamux lands.’	page 2, footnote
§1.2	Reed Steiner and Lisa Matthewson	name	kʷałtèzetkʷ	Bernice Garcia's traditional name, KBG in the tags, written with ł
§1.2	nɬeʔkepmxcín	cited form	ʔes	a word of kʷaɬtèzetkʷ's self-introduction, footnote 2, page 2
§1.2	nɬeʔkepmxcín	cited form	ʔúməcms	a word of kʷaɬtèzetkʷ's self-introduction, footnote 2, page 2
§1.2	nɬeʔkepmxcín	cited form	təw	a word of kʷaɬtèzetkʷ's self-introduction, footnote 2, page 2
§1.2	nɬeʔkepmxcín	cited form	ɬe	a word of kʷaɬtèzetkʷ's self-introduction, footnote 2, page 2
§1.2	nɬeʔkepmxcín	place	c̓əɬétkʷu	Coldwater, in kʷaɬtèzetkʷ's self-introduction, footnote 2
§1.2	nɬeʔkepmxcín	cited form	wéʔe	a word of kʷaɬtèzetkʷ's self-introduction, footnote 2, page 2
§1.2	nɬeʔkepmxcín	cited form	ncítxʷ	a word of kʷaɬtèzetkʷ's self-introduction, footnote 2, page 2
§1.2	nɬeʔkepmxcín	cited form	ƛ̓uʔ	a word of kʷaɬtèzetkʷ's self-introduction, footnote 2, page 2
§1.2	nɬeʔkepmxcín	cited form	wéʔec	a word of kʷaɬtèzetkʷ's self-introduction, footnote 2, page 2
§1.2	nɬeʔkepmxcín	cited form	ʔex	a word of kʷaɬtèzetkʷ's self-introduction, footnote 2, page 2
§1.2	nɬeʔkepmxcín	cited form	netíyxs	a word of kʷaɬtèzetkʷ's self-introduction, footnote 2, page 2
§1.2	nɬeʔkepmxcín	place	scwéw̓xmx	Nicola, in kʷaɬtèzetkʷ's self-introduction, footnote 2
§1.2	nɬeʔkepmxcín	cited form	tékm	a word of kʷaɬtèzetkʷ's self-introduction, footnote 2, page 2
§1.2	nɬeʔkepmxcín	cited form	xéʔe	a word of kʷaɬtèzetkʷ's self-introduction, footnote 2, page 2
§1.2	nɬeʔkepmxcín	cited form	nɬeʔképmx	a word of kʷaɬtèzetkʷ's self-introduction, footnote 2, page 2
§1.2	nɬeʔkepmxcín	cited form	tmíxʷs	a word of kʷaɬtèzetkʷ's self-introduction, footnote 2, page 2
§1.2	Reed Steiner and Lisa Matthewson	language	nlaka’pamux	in the translation of kʷaɬtèzetkʷ's self-introduction, footnote 2
§1.2	Reed Steiner and Lisa Matthewson	note	There is no single standard orthography for nɬeʔkepmxcín. Examples in this paper are presented in a variant of the North American Phonetic Alphabet as used by Thompson & Thompson (1992, 1996) and Jimmie (1994). This orthography is used by many speakers of the language, but other orthographies exist. The writing system we use does not have capital letters or punctuation marks. We elicited data from two nɬeʔkepmxcín speakers for this research: Bev Phillips (BP) and kʷaɬtèzetkʷ / Bernice Garcia (KBG). Bev Phillips was our primary consultant on this project; she is from Lytton and identifies with the ƛ̓q̓mcín (Lytton) dialect. kʷaɬtèzetkʷ is from Coldwater and identifies with the nc̕eɬétkʷu (Coldwater) dialect.2 We also draw data from some recordings of natural conversation between kʷaɬtèzetkʷ and a third speaker, c̓úʔsinek / Marty Aspinall (CMA). c̓úʔsinek is from Coldwater and identifies with the scw̓exmxcín (Nicola Valley) dialect. c̕úʔsinek was not consulted directly for logistical reasons, but her conversations were instrumental for hypothesis formation. All the speakers learned nɬeʔkepmxcín as their first language.	page 2
§1.2	kʷaɬtèzetkʷ (Bernice Garcia)	running speech	ʔes ʔúməcms kʷaɬtèzetkʷ təw ɬe c̓əɬétkʷu wéʔe ncítxʷ ƛ̓uʔ wéʔec ʔex netíyxs scwéw̓xmx ƛ̓uʔ tékm xéʔe ne nɬeʔképmx e tmíxʷs	page 2, footnote 2, kʷaɬtèzetkʷ introducing herself
§1.2	Reed Steiner and Lisa Matthewson	translation	‘My traditional name is kʷaɬtèzetkʷ, my home is in Coldwater of ‘Nicola’ of nlaka’pamux lands.’	page 2, footnote 2, the translation printed with it
§1.3	Reed Steiner and Lisa Matthewson	heading	1.3 Methodology	page 3
§1.3	Reed Steiner and Lisa Matthewson	language	nɬeʔkepmxcín	the language of this paper, a.k.a. Thompson River Salish, Northern Interior Salish, ISO 639-3 thp
§1.3	Reed Steiner and Lisa Matthewson	note	Our examples were collected mostly over Zoom, but sometimes in person. We used standard semantic fieldwork methods as outlined for example in Matthewson (2004), Bohnemeyer (2015), Bochnak & Matthewson (2020) and references therein. Elicitation tasks consisted primarily of translation tasks (usually from English to nɬeʔkepmxcín) and elicited production tasks, in which the consultant was asked to produce a nɬeʔkepmxcín utterance. Both types of task always relied on prior discourse contexts: that is, the consultants were provided with a context (either verbally or in the form of pictures) and then asked to produce a nɬeʔkepmxcín utterance or translate an English utterance in that discourse context.	page 3
§1.3	Reed Steiner and Lisa Matthewson	note	Examples are presented in a four-line format. The first and second lines are written in a version of the North American Phonetic Alphabet as discussed above. The first line represents the surface pronunciation and corresponds to how many community members write the language. The second line presents the underlying forms, including indicating material that is deleted either through regular morpho-phonological processes or because of fast speech. The third line is the morpheme gloss line, and the fourth is a translation into English.	page 3
§1.4	Reed Steiner and Lisa Matthewson	heading	1.4 Background on definiteness and demonstrative semantics	page 3
§1.4	Reed Steiner and Lisa Matthewson	note	For many decades, formal semantic analyses of definite determiners proposed that they impose either uniqueness (Russell 1905; Kadmon 1990; Abbott 1999, among others) or familiarity (Christopherson 1939; Prince 1981; Heim 1982, among others). The two approaches – very roughly and informally speaking – mean that the definite determiner in (1) either requires that there be one unique dog in the discourse context, or that there be a familiar dog in the discourse context.3 (1) The dog is hungry.	page 3
§1.4	Reed Steiner and Lisa Matthewson	note	As pointed out by Heim (1982) among others, familiarity in a sense relies on uniqueness. What is required in (1) is not just that there be any number of familiar dogs in the discourse context, but that there be one familiar dog that is identifiable to the addressee.	page 3
§1.4	Reed Steiner and Lisa Matthewson	note	A new line of research emerged with work by Schwarz (2009) (and earlier work by Ebert 1971 on Fering). Schwarz argues, primarily based on German, that languages can lexically distinguish unique from familiar definite determiners. Schwarz calls unique definites ‘weak’ and familiar definites ‘strong’. In line with the fact that familiarity entails uniqueness, in Schwarz’s analysis ‘[t]he strong article is made up of the meaning of the weak article plus an anaphoric index argument’ (Schwarz 2009:137). Since then, a productive line of research has begun investigating how weak vs. strong definite determiners are manifested in various languages; see for example Arkoh and Matthewson (2013), Jenks (2018), and Royer (2022).	page 3
footnote 3	Reed Steiner and Lisa Matthewson	note	3 Uncited English examples in this paper were generated by the authors.	page 3, footnote
§1.4	Reed Steiner and Lisa Matthewson	note	Schwarz proposes several diagnostics to distinguish between weak and strong definites, in addition to the core properties of whether they require only uniqueness, or also familiarity. Among these is a distinction in which types of bridging the two types of definites allow. Bridging is a phenomenon whereby definites are licensed through inferences derived from previous material. The two types of bridging (part-whole and relational anaphora) are illustrated for English in (2)- (3). In the part-whole bridging in (2), the steering wheel is rendered unique in the context by the previous mention of a car, since cars each have exactly one steering wheel. In the relational anaphora bridging case in (3), the author is licensed because the previous mention of a book entails the existence of that book’s author.	page 3
§1.4	Reed Steiner and Lisa Matthewson	language	nɬeʔkepmxcín	the language of this paper, a.k.a. Thompson River Salish, Northern Interior Salish, ISO 639-3 thp
§1.4	Reed Steiner and Lisa Matthewson	name	Šimík	Radek Šimík, cited on demonstratives
§1.4	Reed Steiner and Lisa Matthewson	note	(2) I bought a new car. The steering wheel is purple. PART-WHOLE BRIDGING (3) I read a good book. I wrote to the author. RELATIONAL ANAPHORA BRIDGING Schwarz shows that in German, part-whole bridging uses a weak definite determiner, while relational anaphora bridging uses a strong determiner. We will use these bridging diagnostics, among other diagnostics, in section 3 when probing the semantics of nɬeʔkepmxcín demonstratives. When it comes to the semantics of demonstratives, Royer (2022:190) points out that the literature has ‘widely assumed that [they] are a sub-type of definite article’ – and often, specifically a strong definite article. See Wolter (2006), Schwarz (2013), Simonenko (2014), Jenks (2015), Šimík (2016), Bombi (2018), Ahn (2019), Hanink (2021), Patel-Grosz & Grosz (2017) and Kim (2024), among others, for discussion.	page 4
§1.4	Reed Steiner and Lisa Matthewson	note	Interestingly, although many authors view demonstratives as imposing strong definiteness, and although strong definiteness (familiarity) is usually taken to also entail uniqueness, English demonstratives actually display anti-uniqueness effects, as illustrated in (4).	page 4
§1.4	Reed Steiner and Lisa Matthewson	note	(4) a. The/ #That sun is made of hydrogen and helium.	page 4
§1.4	Reed Steiner and Lisa Matthewson	note	(Robinson 2005:51, cited in Saha 2025:1384) b. The/ #That author of Waverley also wrote Ivanhoe.	page 4
§1.4	Reed Steiner and Lisa Matthewson	note	(Nowak 2019:2867, cited in Saha 2025:1384) c. The/ #That current president of India is Droupadi Murmu. (Saha 2025:1384) The status of the anti-uniqueness effects is a matter of debate, with some authors proposing that it is a presupposition (e.g., Nowak 2019, Dayal & Jiang 2022, Owusu 2022, Saha 2025), and others proposing that it is only an implicature or arises through competition with the definite article (e.g. Blumberg 2020; Ahn 2019, 2023). One recurring idea that helps explain the conflict between the uniqueness required by definites and the anti-uniqueness of demonstratives is that demonstratives require uniqueness within a smaller situation and anti-uniqueness within a larger situation (or in a different possible world); see for example Wolter (2006), Dayal & Jiang (2022), Saha (2025).	page 4
§1.4	Reed Steiner and Lisa Matthewson	language	St’át’imcets	Lillooet, Northern Interior Salish. (11) is St’át’imcets
§1.4	Reed Steiner and Lisa Matthewson	note	Turning to the sparse literature on the semantics of Salish demonstratives, Matthewson (2022) claims that in St’át’imcets (Northern Interior Salish), demonstratives lack a familiarity requirement but encode uniqueness. She shows that St’át’imcets demonstratives display many properties of weak definites, but due to the lack of other contrasting elements, they also display some properties of indefinites and some properties of strong definites.	page 4
§2	Reed Steiner and Lisa Matthewson	heading	2 Background on nɬeʔkepmxcín demonstratives	page 4
§2	Reed Steiner and Lisa Matthewson	language	nɬeʔkepmxcín	the language of this paper, a.k.a. Thompson River Salish, Northern Interior Salish, ISO 639-3 thp
§2	Reed Steiner and Lisa Matthewson	note	Nominal demonstratives in nɬeʔkepmxcín appear in argument positions. They may appear either alone, in combination with full DPs, or in combination with a DP introduced by the oblique proclitic t=.4 A paradigm illustrating this is given in ( 5). Note with respect to ( 5d) that a transitive object would not, without a demonstrative, normally appear with oblique marking.	page 4
(5) line 1	Reed Steiner and Lisa Matthewson	note	Context: Ella is eating bread, but seems full. Bruce wants to know if she plans to finish her food.	page 5, engine english
(5a) line 1	Reed Steiner and Lisa Matthewson	note	Plain DP:	page 5, engine english
(5a) line 2	nɬeʔkepmxcín	transcription	xʷúy̓ n̓ ʔúpinxʷ [e səplíl]	page 5, engine language
(5a) line 3	nɬeʔkepmxcín	segmentation	xʷúy̓=∅=n̓ ʔúpi-n-[t]-∅-[e]xʷ e=səplíl	page 5, engine language
(5a) line 4	nɬeʔkepmxcín	gloss	PROSP=3SBJ=Q eat-CTR-TR-3OBJ-2SG.ERG DET=bread	page 5, engine english
(5a) line 5	Reed Steiner and Lisa Matthewson	translation	‘Are you gonna eat the bread?’	page 5, engine english, cited SF | BP 29 January 2026, the authors' translation of the speaker's sentence
(5a) line 5	Reed Steiner and Lisa Matthewson	citation	(SF | BP 29 January 2026)	the tag or source at the right of the translation
(5b) line 1	Reed Steiner and Lisa Matthewson	note	Bare demonstrative:	page 5, engine english
(5b) line 2	nɬeʔkepmxcín	transcription	xʷúy̓ n̓ ʔúpinxʷ [xéʔe]	page 5, engine language
(5b) line 3	nɬeʔkepmxcín	segmentation	xʷúy̓=∅=n̓ ʔúpi-n-[t]-∅-[e]xʷ xéʔe	page 5, engine language
(5b) line 4	nɬeʔkepmxcín	gloss	PROSP=3SBJ=Q eat-ctr-TR-3OBJ-2SG.ERG DIST	page 5, engine english
(5b) line 5	Reed Steiner and Lisa Matthewson	translation	‘Are you gonna eat that?’	page 5, engine english, cited SF | BP 29 January 2026, the authors' translation of the speaker's sentence
(5b) line 5	Reed Steiner and Lisa Matthewson	citation	(SF | BP 29 January 2026)	the tag or source at the right of the translation
(5c) line 1	Reed Steiner and Lisa Matthewson	note	Demonstrative + plain DP:	page 5, engine english
(5c) line 2	nɬeʔkepmxcín	transcription	xʷúy̓ n̓ ʔúpinxʷ [xéʔe ɬ səplíl]	page 5, engine language
(5c) line 3	nɬeʔkepmxcín	segmentation	xʷúy̓=∅=n̓ ʔúpi-n-[t]-∅-[e]xʷ xéʔe ɬ=səplíl	page 5, engine language
(5c) line 4	nɬeʔkepmxcín	gloss	PROSP=3SBJ=Q eat-CTR-TR-3OBJ-2SG.ERG DIST DET.REM=bread	page 5, engine english
(5c) line 5	Reed Steiner and Lisa Matthewson	translation	‘Are you gonna eat that bread?’	page 5, engine english, cited SF | BP 4 June 2026, the authors' translation of the speaker's sentence
(5c) line 5	Reed Steiner and Lisa Matthewson	citation	(SF | BP 4 June 2026)	the tag or source at the right of the translation
(5d) line 1	Reed Steiner and Lisa Matthewson	note	Demonstrative + oblique:	page 5, engine english
(5d) line 2	nɬeʔkepmxcín	transcription	xʷúy̓ n̓ ʔúpinxʷ [xéʔe tk səplíl]	page 5, engine language
(5d) line 3	nɬeʔkepmxcín	segmentation	xʷúy̓=∅=n̓ ʔúpi-n-[t]-∅-[e]xʷ xéʔe t=k=səplíl	page 5, engine language
(5d) line 4	nɬeʔkepmxcín	gloss	PROSP=3SBJ=Q eat-CTR-TR-3OBJ-2SG.ERG DIST OBL=DET=bread	page 5, engine english
(5d) line 5	Reed Steiner and Lisa Matthewson	translation	‘Are you gonna eat that bread?’	page 5, engine english, cited SF | BP 29 January 2026; Steiner 2026, the authors' translation of the speaker's sentence
(5d) line 5	Reed Steiner and Lisa Matthewson	citation	(SF | BP 29 January 2026; Steiner 2026)	the tag or source at the right of the translation
footnote 4	Reed Steiner and Lisa Matthewson	note	4 Demonstratives are also permitted in second position (i.e. immediately after the leftmost predicate or auxiliary in the clause), where they do not necessarily correspond to an argument position. In (i), for example, the demonstrative xéʔe cannot be interpreted as the subject argument of the main predicate qʷnóxʷ ‘sick’, because this predicate is intransitive and has a second-person singular subject. The demonstrative also cannot easily be interpreted as the object argument of the embedded predicate, because this would violate the adjunct island constraint (Huang 1982).	page 5, footnote
§2	nɬeʔkepmxcín	cited form	xéʔe	page 5
§2	nɬeʔkepmxcín	cited form	qʷnóxʷ	page 5, ‘sick’
footnote 4 (i) line 1	nɬeʔkepmxcín	transcription	? xʷúy̓ kʷ xéʔe qʷnóx̣ʷ ʔe ʔúpinxʷ us	page 5, engine language
footnote 4 (i) line 2	nɬeʔkepmxcín	segmentation	xʷúy̓=kʷ xéʔe qʷnóx̣ʷ ʔe=ʔúpi-n-[t]-∅-[e]xʷ=us	page 5, engine language
footnote 4 (i) line 3	nɬeʔkepmxcín	gloss	PROSP=2SG.SBJ DIST sick COMP=eat-CTR-TR-3OBJ-2SG.ERG=3SBJV	page 5, engine english
footnote 4 (i) line 4	Reed Steiner and Lisa Matthewson	translation	≠ ‘You’ll get sick if you eat that.’	page 5, engine english
footnote 4 (i) line 5	Reed Steiner and Lisa Matthewson	translation	‘You’ll get that sick if you eat it.’	page 5, engine english, cited SF | BP 17 April 2025, the authors' translation of the speaker's sentence
footnote 4 (i) line 5	Reed Steiner and Lisa Matthewson	citation	(SF | BP 17 April 2025)	the tag or source at the right of the translation
footnote 4 (i) line 6	Bev Phillips	speaker comment	Consultant’s comment: “I think it’s okay, I don't know. As long as the other person knows what the xéʔe is. The xéʔe belongs to the qʷnóxʷ, but you're not saying what the thing you're eating is. It [the xéʔe] is about the sick.”	page 5, engine english
footnote 4 (i)	nɬeʔkepmxcín	cited form	xéʔe	in the speaker comment, page 5
footnote 4	Reed Steiner and Lisa Matthewson	note	These second-position demonstratives likely involve some kind of situation deixis (Koch 2008, Reisinger & Huijsmans 2021), which we set aside for future research.	page 5
§2	Reed Steiner and Lisa Matthewson	language	ʔayʔaǰuθəm	Comox-Sliammon, Central Salish, the language of footnote 13's (i)
§2	Reed Steiner and Lisa Matthewson	note	We assume that demonstratives never replace determiners in nɬeʔkepmxcín, but always co- occur with determiners when appearing with a nominal restriction. This differs from some Central Salish languages, e.g. ʔayʔaǰuθəm (Reisinger & Huijsmans 2021). Cases seen below where there is no audible determiner are analyzed as underlyingly containing the determiner (h)e=, which is often reduced or dropped (Koch 2004:270), especially after a word ending in a vowel (Kroeber 1997:379; see also Thompson & Thompson 1992:146).5 Nominal demonstratives in nɬeʔkepmxcín form a syntactic constituent with their DP or oblique phrase. There are two main pieces of evidence for this. First, the entire phrase can be left-dislocated as a single unit, as shown in (6). Assuming this left-peripheral internal topic position can only be occupied by one phrase at a time (Koch 2006), this is evidence of constituency.	page 6
(6) line 1	Reed Steiner and Lisa Matthewson	note	Context: Your friend’s bag catches on a nail and starts to tear.	page 6, engine english
(6) line 2	nɬeʔkepmxcín	transcription	[xʔé tk nɬém̓mntn] xʷúy̓ ƛ̓əp cáʕpne	page 6, engine language
(6) line 3	nɬeʔkepmxcín	segmentation	xʔé t=k=n-ɬém̓-mn-tn xʷúy̓=∅=ƛ̓əp cáʕ-p-n-[t]-∅-ne	page 6, engine language
(6) line 4	nɬeʔkepmxcín	gloss	PROX OBL=DET=LOC-enter-INS-INS PROSP=3SBJ=2CL rip-INCH-CTR-TR-3OBJ-1SG.ERG	page 6, engine english
(6) line 5	nɬeʔkepmxcín	transcription	ʔe q̓ʷác̕ne ws	page 6, engine language
(6) line 6	nɬeʔkepmxcín	segmentation	ʔe=q̓ʷác̕-n-[t]-∅-ne=ws	page 6, engine language
(6) line 7	nɬeʔkepmxcín	gloss	COMP=fill-CTR-TR-3OBJ-1SG.ERG=3SBJV	page 6, engine english
(6) line 8	Reed Steiner and Lisa Matthewson	translation	'This bag will rip if I fill it up.'	page 6, engine english
§2	Reed Steiner and Lisa Matthewson	note	(more literally: This bag, it will rip if I fill it up.) (VF | KBG 23 April 2025) The second piece of evidence supporting constituency is that demonstratives always follow quantifiers; they cannot precede them.6 This rigid ordering would be difficult to explain if the quantifier formed a constituent with the DP, but the demonstrative did not.	page 6
(7) line 1	Reed Steiner and Lisa Matthewson	note	Context: There are several broken baskets. You’re asked if you’re gonna fix them today.	page 6, engine english
(7a) line 1	nɬeʔkepmxcín	transcription	xʷúy̓ cucuténe tékm [xéʔe tə c̓y̓c̓íy̓e]	page 6, engine language
(7a) line 2	nɬeʔkepmxcín	segmentation	xʷúy̓=∅ cw~cw-[n]-t-∅-ene tékm xéʔe t=e=c̓y̓~c̓y̓e	page 6, engine language
(7a) line 3	nɬeʔkepmxcín	gloss	PROSP=∅ AUG~fix-CTR-TR-3OBJ-1SG.ERG all DIST OBL=DET=AUG~basket	page 6, engine english
(7a) line 4	Reed Steiner and Lisa Matthewson	translation	‘I’m gonna fix all of these baskets.’	page 6, engine english, cited SF | BP 17 April 2025, the authors' translation of the speaker's sentence
(7a) line 4	Reed Steiner and Lisa Matthewson	citation	(SF | BP 17 April 2025)	the tag or source at the right of the translation
footnote 5	Reed Steiner and Lisa Matthewson	note	5 There may be individual or dialect variation on this point. Mandy Na’zinek Jimmie observes (p.c.) that for her, the direct determiner is always audible after a demonstrative. For speakers who do drop the determiner, it can always be re-inserted without changing the judgements, as for example in (i) (an adapted version of (9a) below).	page 6, footnote
§2	Reed Steiner and Lisa Matthewson	name	Na’zinek	Mandy Na’zinek Jimmie, thanked in the acknowledgement
footnote 5 (i) line 1	Reed Steiner and Lisa Matthewson	note	Context: Researcher holds two identical cups and gestures toward one of them.	page 6, engine english
footnote 5 (i) line 2	nɬeʔkepmxcín	transcription	kʷénte xʔé (e) zéw̓tn	page 6, engine language
footnote 5 (i) line 3	nɬeʔkepmxcín	segmentation	kʷen-t-∅-e xʔé (e)=zéw̓-tn	page 6, engine language
footnote 5 (i) line 4	nɬeʔkepmxcín	gloss	take-TR-30BJ-IMP PROX DET=scoop-INS	page 6, engine english
footnote 5 (i) line 5	Reed Steiner and Lisa Matthewson	translation	‘Take a cup.’	page 6, engine english, cited SF | KBG 15 June 2026, the authors' translation of the speaker's sentence
footnote 5 (i) line 5	Reed Steiner and Lisa Matthewson	citation	(SF | KBG 15 June 2026)	the tag or source at the right of the translation
footnote 6	Reed Steiner and Lisa Matthewson	note	6 On one occasion, kʷaɬtèzetkʷ did accept a demonstrative before a quantifier, although it is unclear how robust these judgements are. See discussion in section 4.2.	page 6, footnote
§2	Reed Steiner and Lisa Matthewson	name	kʷaɬtèzetkʷ	Bernice Garcia's traditional name, KBG in the tags
(7b) line 1	nɬeʔkepmxcín	transcription	*xʷúy̓ cucuténe xéʔe tékm tə c̕y̕c̕íy̕e	page 7, engine language
(7b) line 2	nɬeʔkepmxcín	segmentation	xʷúy̓=∅ cw~cw-[n]-t-∅-ene xéʔe tékm t=e=c̕y̕~c̕íy̕e	page 7, engine language
(7b) line 3	nɬeʔkepmxcín	gloss	PROSP=∅ AUG~fix-CTR-TR-3OBJ-1SG.ERG DIST all OBL=DET=AUG~basket	page 7, engine english
(7b) line 4	Reed Steiner and Lisa Matthewson	translation	Intended: ‘I’m gonna fix all of these baskets.’	page 7, engine english, cited SF | BP 17 April 2025; Steiner 2026, the authors' translation of the speaker's sentence
(7b) line 4	Reed Steiner and Lisa Matthewson	citation	(SF | BP 17 April 2025; Steiner 2026)	the tag or source at the right of the translation
§2	nɬeʔkepmxcín	cited form	xʔé	page 7, ‘this, these’
§2	nɬeʔkepmxcín	cited form	ɬə́n̓e	page 7, ‘this/that (no longer present)’
§2	nɬeʔkepmxcín	cited form	kʷukʷ	page 7, ‘this/that (not visible)’
§2	Reed Steiner and Lisa Matthewson	note	The nominal demonstrative paradigm is given in Table 1. By far the most common are the proximal demonstrative xʔé ‘this, these’ and the distal demonstrative xéʔe ‘that, those.’ Less common are the evidential demonstratives, which encode presence and visibility instead of deictic distance, and which require more research. ɬə́n̓e ‘this/that (no longer present)’ relates to an individual which has left the immediate situation, and kʷukʷ ‘this/that (not visible)’ relates to an individual which is not visible in the immediate situation, but may be present. In our fieldwork so far, we have focused primarily on xéʔe.7	page 7
Table 1 line 1	Reed Steiner and Lisa Matthewson	note	Nominal demonstratives in nɬeʔkepmxcín	page 7, the caption
Table 1 heads	Reed Steiner and Lisa Matthewson	note	Evidence Neutral | Previous Direct Evidence | Non-visible	page 7, the column heads. The rows are Proximal and Distal
Table 1 Proximal, Evidence Neutral	nɬeʔkepmxcín	transcription	xʔé	page 7, the cell of Proximal, Evidence Neutral
Table 1 Proximal, Evidence Neutral	Reed Steiner and Lisa Matthewson	translation	‘this, these’	page 7
Table 1 Distal, Evidence Neutral	nɬeʔkepmxcín	transcription	xéʔe	page 7, the cell of Distal, Evidence Neutral
Table 1 Distal, Evidence Neutral	Reed Steiner and Lisa Matthewson	translation	‘that, those’	page 7
Table 1 Previous Direct Evidence	nɬeʔkepmxcín	transcription	ɬə́n̓e	page 7, the cell of Previous Direct Evidence
Table 1 Previous Direct Evidence	Reed Steiner and Lisa Matthewson	translation	‘this/that (no longer present)’	page 7
Table 1 Non-visible	nɬeʔkepmxcín	transcription	kʷukʷ	page 7, the cell of Non-visible
Table 1 Non-visible	Reed Steiner and Lisa Matthewson	translation	‘this/that (not visible)’	page 7
§2	Reed Steiner and Lisa Matthewson	note	Nobody has yet looked at the definiteness properties of these demonstratives. We begin to do that in the following section.	page 7
§3	Reed Steiner and Lisa Matthewson	heading	3 Definiteness properties of nɬeʔkepmxcín demonstratives	page 7
§3.1	Reed Steiner and Lisa Matthewson	heading	3.1 Overview of the section	page 7
§3.1	Reed Steiner and Lisa Matthewson	language	nɬeʔkepmxcín	the language of this paper, a.k.a. Thompson River Salish, Northern Interior Salish, ISO 639-3 thp
§3.1	Reed Steiner and Lisa Matthewson	note	In this section we apply a range of definiteness diagnostics to the nɬeʔkepmxcín demonstratives. In section 3.2, we investigate whether demonstratives are acceptable in non-unique contexts. In section 3.3, we explore whether the demonstratives are compatible with immediate situation uniqueness. Section 3.4 looks at larger situation uniqueness, and 3.5 examines global uniqueness. In Section 3.6 we look at part-whole bridging, and in Section 3.7 at relational anaphora bridging. Section 3.8 discusses some variable cases and exceptions. In Section 3.9 we summarize the generalizations.	page 7
§3.1	Reed Steiner and Lisa Matthewson	language	St'át'imcets	St’át’imcets with straight apostrophes, in a reference entry
footnote 7	Reed Steiner and Lisa Matthewson	note	7 The demonstratives ɬʔé and ɬéʔe are excluded from this table, since we have not been able to reliably elicit them outside of lexicalized constructions like the greeting hén̓ ɬeʔ kʷ. Based on textual data alone, it is unclear whether these are nominal or adverbial demonstratives. We hypothesize that ɬʔé is proximal and ɬéʔe is distal, in line with the evidence-neutral demonstratives (proximal xʔé and distal xéʔe) and with demonstrative adverbs (e.g. proximal nʔé and distal néʔe), but the precise semantics of these demonstratives is currently unknown to linguistics.	page 7, footnote
§3.1	nɬeʔkepmxcín	cited form	ɬʔé	page 7
§3.1	nɬeʔkepmxcín	cited form	ɬéʔe	page 7
§3.1	nɬeʔkepmxcín	cited form	hén̓	page 7
§3.1	nɬeʔkepmxcín	cited form	ɬeʔ	page 7
§3.1	nɬeʔkepmxcín	cited form	xʔé	page 7
§3.1	nɬeʔkepmxcín	cited form	xéʔe	page 7
§3.1	nɬeʔkepmxcín	cited form	nʔé	page 7
§3.1	nɬeʔkepmxcín	cited form	néʔe	page 7
§3.1	Reed Steiner and Lisa Matthewson	note	In brief, the data will show that nɬeʔkepmxcín demonstratives do not enforce familiarity and they do not in themselves have anti-uniqueness effects, similar to St'át'imcets (Matthewson 2022). They are compatible with an analysis according to which they convey weak definiteness (uniqueness). The data further reveal the novel finding that demonstratives with non-oblique DPs are semantically different from demonstratives with oblique DPs, with only the latter requiring anti- uniqueness.	page 7
§3.2	Reed Steiner and Lisa Matthewson	heading	3.2 Non-unique contexts	page 8
§3.2	Reed Steiner and Lisa Matthewson	note	The first diagnostic we examine involves contexts where the referent is not unique in the immediate speech situation. We test this in (8), where two identical cups are presented to the consultant at an equal distance from the researcher, and the researcher asks the consultant to take a cup without gesturing or differentiating either cup from the other. In this context, only a plain DP is acceptable, marked with an oblique in (8a) as expected of the patient of an unergative predicate. It is not acceptable to use a demonstrative with a plain DP (8b) or a demonstrative with an oblique (8c).	page 8
(8) line 1	Reed Steiner and Lisa Matthewson	note	Context: Researcher holds two identical cups at an equal distance and asks for the consultant to take one without gesturing.	page 8, engine english
(8a) line 1	Reed Steiner and Lisa Matthewson	note	Plain DP:	page 8, engine english
(8a) line 2	nɬeʔkepmxcín	transcription	kʷnéme tk zéw̓tn	page 8, engine language
(8a) line 3	nɬeʔkepmxcín	segmentation	kʷn-m-[x]e t=k=zéw̓-tn	page 8, engine language
(8a) line 4	nɬeʔkepmxcín	gloss	take-CTR.MID-IMP OBL=DET=scoop-INS	page 8, engine english
(8a) line 5	Reed Steiner and Lisa Matthewson	translation	‘Take a cup.’	page 8, engine english, cited VF | BP 4 June 2026; SF | KBG 15 June 2026, the authors' translation of the speaker's sentence
(8a) line 5	Reed Steiner and Lisa Matthewson	citation	(VF | BP 4 June 2026; SF | KBG 15 June 2026)	the tag or source at the right of the translation
(8b) line 1	Reed Steiner and Lisa Matthewson	note	Demonstrative + plain DP:	page 8, engine english
(8b) line 2	nɬeʔkepmxcín	transcription	# kʷnéme xéʔe zéw̓tn	page 8, engine language
(8b) line 3	nɬeʔkepmxcín	segmentation	kʷn-m-[x]e xéʔe [e]=zéw̓-tn	page 8, engine language
(8b) line 4	nɬeʔkepmxcín	gloss	take-CTR.MID-IMP DIST DET=scoop-INS	page 8, engine english
(8b) line 5	Reed Steiner and Lisa Matthewson	translation	Intended: ‘Take a cup.’	page 8, engine english, cited SF | BP 4 June 2026; SF | KBG 15 June 2026, the authors' translation of the speaker's sentence
(8b) line 5	Reed Steiner and Lisa Matthewson	citation	(SF | BP 4 June 2026; SF | KBG 15 June 2026)	the tag or source at the right of the translation
(8c) line 1	Reed Steiner and Lisa Matthewson	note	Demonstrative + oblique:	page 8, engine english
(8c) line 2	nɬeʔkepmxcín	transcription	# kʷnéme xéʔe tk zéw̓tn	page 8, engine language
(8c) line 3	nɬeʔkepmxcín	segmentation	kʷn-m-[x]e xéʔe t=k=zéw̓-tn	page 8, engine language
(8c) line 4	nɬeʔkepmxcín	gloss	take-CTR.MID-IMP DIST OBL=DET=scoop-INS	page 8, engine english
(8c) line 5	Reed Steiner and Lisa Matthewson	translation	Intended: ‘Take a cup.’	page 8, engine english, cited SF | BP 4 June 2026; SF | KBG 15 June 2026, the authors' translation of the speaker's sentence
(8c) line 5	Reed Steiner and Lisa Matthewson	citation	(SF | BP 4 June 2026; SF | KBG 15 June 2026)	the tag or source at the right of the translation
§3.2	Reed Steiner and Lisa Matthewson	note	Crucially, gesture can be used to create uniqueness in a situation where the referent would not otherwise be unique. In (9), two identical cups are presented, but one of them is differentiated via gesture. This gesturing makes the demonstratives licit when they would not otherwise be, cf. (8b) and (8c).	page 8
(9) line 1	Reed Steiner and Lisa Matthewson	note	Context: Researcher holds two identical cups and gestures toward one of them.	page 8, engine english
(9a) line 1	Reed Steiner and Lisa Matthewson	note	Demonstrative + plain DP:	page 8, engine english
(9a) line 2	nɬeʔkepmxcín	transcription	kʷénte xʔé (e) zéw̓tn	page 8, engine language
(9a) line 3	nɬeʔkepmxcín	segmentation	kʷén-t-∅-e xʔé [e]=zéw̓-tn	page 8, engine language
(9a) line 4	nɬeʔkepmxcín	gloss	take-TR-3OBJ-IMP PROX DET=scoop-INS	page 8, engine english
(9a) line 5	Reed Steiner and Lisa Matthewson	translation	‘Take this cup.’	page 8, engine english, cited SF | KBG 15 June 2026, the authors' translation of the speaker's sentence
(9a) line 5	Reed Steiner and Lisa Matthewson	citation	(SF | KBG 15 June 2026)	the tag or source at the right of the translation
(9b) line 1	Reed Steiner and Lisa Matthewson	note	Demonstrative + oblique:	page 9, engine english
(9b) line 2	nɬeʔkepmxcín	transcription	kʷénte xʔé te zéw̓tn	page 9, engine language
(9b) line 3	nɬeʔkepmxcín	segmentation	kʷén-t-∅-e xʔé t=e=zéw̓-tn	page 9, engine language
(9b) line 4	nɬeʔkepmxcín	gloss	take-TR-3OBJ-IMP PROX OBL=DET=scoop-INS	page 9, engine english
(9b) line 5	Reed Steiner and Lisa Matthewson	translation	‘Take this cup.’	page 9, engine english, cited VF | KBG 15 June 2026, the authors' translation of the speaker's sentence
(9b) line 5	Reed Steiner and Lisa Matthewson	citation	(VF | KBG 15 June 2026)	the tag or source at the right of the translation
§3.2	Reed Steiner and Lisa Matthewson	note	Discussion between consultant and researcher:	page 9
§3.2	Reed Steiner and Lisa Matthewson	note	RS: But it only works if I’m putting one close to you or gesturing to it?	page 9
§3.2	Reed Steiner and Lisa Matthewson	note	KBG: Yeah. I like it when you use your face, too [gestures with chin].	page 9
§3.2	Reed Steiner and Lisa Matthewson	note	This is evidence that demonstratives identify a unique referent. If a referent is not unique, and no gesture is used to pick out a unique referent, then the demonstrative is not acceptable. But if a gesture is used to create uniqueness, the demonstrative becomes acceptable. See section 4.2.2 for further discussion.	page 9
§3.3	Reed Steiner and Lisa Matthewson	heading	3.3 Immediate situation uniqueness	page 9
§3.3	Reed Steiner and Lisa Matthewson	note	The second definiteness diagnostic we look at is whether the relevant phrase is felicitous in immediate situation unique contexts.8 These are contexts in which the discourse participants know that there is exactly one individual of the relevant type in the immediate situation of their conversation (cf. Schwarz 2009:21). In languages that distinguish definites from indefinites, definites will be not only felicitous, but required, in such contexts. This can be seen for English in (10). In a language that distinguishes weak from strong definites, the prediction is that the weak definite would be used in these contexts, since uniqueness is satisfied but familiarity is not: the bed has not previously been mentioned.	page 9
(10) line 1	Reed Steiner and Lisa Matthewson	note	Context: You have exactly one bed in your bedroom. You walk into your bedroom and notice something unusual. You say: The/#a bed is broken! In languages with no definite/indefinite distinction, such as St’át’imcets, an indefinite determiner is licensed in immediate situation unique contexts. This is shown in (11). The lake has not previously been mentioned in the story, and is therefore not familiar in the discourse, but it is uniquely identifiable. 8 The term goes back to Hawkins (1978), as does the term ‘larger situation’ uniqueness, discussed in the next sub-section.	page 9, engine english
(11) line 1	Reed Steiner and Lisa Matthewson	note	Context: He got to the top of Mission Mountain.	page 10, engine english
(11) line 2	St’át’imcets	segmentation	Nilh s=7áts̓x-en-as láti7 t=s=ts̓íla=s=a	page 10, engine language, Carl Alexander's sentence, after Alexander et al. 2025:55
(11) line 3	St’át’imcets	gloss	COP NMLZ=get.seen-DIR-3ERG at+there.VIS DET=NMLZ=like=3POSS=EXIS	page 10, engine english, Carl Alexander's sentence, after Alexander et al. 2025:55
(11) line 4	St’át’imcets	segmentation	[lh]=nká7=as s-ca7-s láti7 ta=nxwisten-átkw7=a	page 10, engine language, Carl Alexander's sentence, after Alexander et al. 2025:55
(11) line 5	St’át’imcets	gloss	COMP=where=3SBJV NMLZ-high-3POSS at+there.VIS DET=Bridge.River-water=EXIS	page 10, engine english, Carl Alexander's sentence, after Alexander et al. 2025:55
(11) line 6	St’át’imcets	segmentation	lhel=ta=tsal̓álh=a.	page 10, engine language, Carl Alexander's sentence, after Alexander et al. 2025:55
(11) line 7	St’át’imcets	gloss	from=DET=lake=EXIS	page 10, engine english, Carl Alexander's sentence, after Alexander et al. 2025:55
(11) line 8	Alexander et al. 2025	translation	‘Then he saw how much higher the Bridge River was than the/#a lake.’	page 10, engine english, cited St’át’imcets; Carl Alexander; Alexander et al. 2025:55, Carl Alexander's St’át’imcets sentence as Alexander et al. 2025:55 give it
(11) line 9	Reed Steiner and Lisa Matthewson	citation	(St’át’imcets; Carl Alexander; Alexander et al. 2025:55)	page 10, engine english
§3.3	Reed Steiner and Lisa Matthewson	language	nɬeʔkepmxcín	the language of this paper, a.k.a. Thompson River Salish, Northern Interior Salish, ISO 639-3 thp
§3.3	Reed Steiner and Lisa Matthewson	note	Our proposal that nɬeʔkepmxcín demonstratives are weak definites predicts that they will be felicitous in immediate situation uniqueness contexts. This is correct, but importantly, demonstratives are only felicitous in these contexts with a plain DP, and not with an oblique, as shown in (12b) and (12c).	page 10
(12) line 1	Reed Steiner and Lisa Matthewson	note	Context: Your grandkids are sleeping over and you hear a crash. You go into the room and see the bed broken. You ask:	page 10, engine english
(12a) line 1	Reed Steiner and Lisa Matthewson	note	Plain DP:	page 10, engine english
(12a) line 2	nɬeʔkepmxcín	transcription	kénm e smaʕ̓ts ɬ npúytn	page 10, engine language
(12a) line 3	nɬeʔkepmxcín	segmentation	kénm=∅ e=s=maʕ’-t=s ɬ=n-púyt-tn	page 10, engine language
(12a) line 4	nɬeʔkepmxcín	gloss	WH=3SBJ D/C=NMLZ=break-INTR=3POSS DET.REM=LOC-lie.down-INS	page 10, engine english
(12a) line 5	Reed Steiner and Lisa Matthewson	translation	‘How did the bed break?’	page 10, engine english, cited VF | BP 16 April 2026, the authors' translation of the speaker's sentence
(12a) line 5	Reed Steiner and Lisa Matthewson	citation	(VF | BP 16 April 2026)	the tag or source at the right of the translation
(12b) line 1	Reed Steiner and Lisa Matthewson	note	Demonstrative + plain DP:	page 10, engine english
(12b) line 2	nɬeʔkepmxcín	transcription	kénm e smaʕ̓ts xéʔe ɬ npúytn	page 10, engine language
(12b) line 3	nɬeʔkepmxcín	segmentation	kénm=∅ e=s=maʕ̓-t=s xéʔe ɬ=n-púyt-tn	page 10, engine language
(12b) line 4	nɬeʔkepmxcín	gloss	WH=3SBJ D/C=NMLZ=break-INTR=3POSS DIST DET.REM=LOC-lie.down-INS	page 10, engine english
(12b) line 5	Reed Steiner and Lisa Matthewson	translation	‘How did that bed break?’	page 10, engine english, cited SF | BP 16 April 2026, the authors' translation of the speaker's sentence
(12b) line 5	Reed Steiner and Lisa Matthewson	citation	(SF | BP 16 April 2026)	the tag or source at the right of the translation
(12c) line 1	Reed Steiner and Lisa Matthewson	note	Demonstrative + oblique:	page 10, engine english
(12c) line 2	nɬeʔkepmxcín	transcription	# kénm e smaʕ̓ts xéʔe tk npúytn	page 10, engine language
(12c) line 3	nɬeʔkepmxcín	segmentation	kénm=∅ e=s=maʕ̓-t=s xéʔe t=k=n-púyt-tn	page 10, engine language
(12c) line 4	nɬeʔkepmxcín	gloss	WH=3SBJ D/C=NMLZ=break-INTR=3POSS DIST OBL=DET=LOC-lie.down-INS	page 10, engine english
(12c) line 5	Reed Steiner and Lisa Matthewson	translation	Intended: ‘How did that bed break?’	page 10, engine english, cited SF | BP 16 April 2026, the authors' translation of the speaker's sentence
(12c) line 5	Reed Steiner and Lisa Matthewson	citation	(SF | BP 16 April 2026)	the tag or source at the right of the translation
(12c) line 6	Bev Phillips	speaker comment	Consultant’s comment on (c): “Only if you’re talking about more than one. You’re being specific to one breaking.”	page 10, engine english
§3.3	nɬeʔkepmxcín	cited form	xéʔe	page 10
§3.3	Reed Steiner and Lisa Matthewson	note	A similar dataset is given in (13). Again, the demonstrative xéʔe in and of itself allows uniqueness (13b), but the presence of the oblique gives rise to anti-uniqueness effects (13c).	page 10
(13) line 1	Reed Steiner and Lisa Matthewson	note	Context: Your brother butchered a deer. You tell him:	page 11, engine english
(13a) line 1	Reed Steiner and Lisa Matthewson	note	Plain DP:	page 11, engine english
(13a) line 2	nɬeʔkepmxcín	transcription	ʔe néxcemxʷ ɬ sxʷáwkʷ	page 11, engine language
(13a) line 3	nɬeʔkepmxcín	segmentation	ʔe=nex-t-sem-exʷ=∅ ɬ=s-xʷáwkʷ	page 11, engine language
(13a) line 4	nɬeʔkepmxcín	gloss	POSS=give-TR-1SG.OBJ-2SG.ERG=3SBJ DET.REM=NMLZ-heart	page 11, engine english
(13a) line 5	Reed Steiner and Lisa Matthewson	translation	‘You give me the heart.’9 (VF | BP 16 April 2026)	page 11, engine english, cited VF | BP 16 April 2026, the authors' translation of the speaker's sentence
(13b) line 1	Reed Steiner and Lisa Matthewson	note	Demonstrative + plain DP:	page 11, engine english
(13b) line 2	nɬeʔkepmxcín	transcription	ʔe néxcemxʷ xéʔe ɬ sxʷáwkʷ	page 11, engine language
(13b) line 3	nɬeʔkepmxcín	segmentation	ʔe=nex-t-sem-exʷ=∅ xéʔe ɬ=s-xʷáwkʷ	page 11, engine language
(13b) line 4	nɬeʔkepmxcín	gloss	POSS=give-TR-1SG.OBJ-2SG.ERG=3SBJ DIST DET.REM=NMLZ-heart	page 11, engine english
(13b) line 5	Reed Steiner and Lisa Matthewson	translation	‘You give me that heart.’	page 11, engine english, cited SF | BP 16 April 2026, the authors' translation of the speaker's sentence
(13b) line 5	Reed Steiner and Lisa Matthewson	citation	(SF | BP 16 April 2026)	the tag or source at the right of the translation
(13c) line 1	Reed Steiner and Lisa Matthewson	note	Demonstrative + oblique:	page 11, engine english
(13c) line 2	nɬeʔkepmxcín	transcription	#ʔe néxcemxʷ xéʔe tk sxʷáwkʷ	page 11, engine language
(13c) line 3	nɬeʔkepmxcín	segmentation	ʔe=nex-t-sem-exʷ=∅ xéʔe t=k=s-xʷáwkʷ	page 11, engine language
(13c) line 4	nɬeʔkepmxcín	gloss	POSS=give-TR-1SG.OBJ-2SG.ERG=3SBJ DIST OBL=DET=NMLZ-heart	page 11, engine english
(13c) line 5	Reed Steiner and Lisa Matthewson	translation	Intended: ‘You give me that heart.’	page 11, engine english, cited SF | BP 16 April 2026, the authors' translation of the speaker's sentence
(13c) line 5	Reed Steiner and Lisa Matthewson	citation	(SF | BP 16 April 2026)	the tag or source at the right of the translation
(13c) line 6	Bev Phillips	speaker comment	Consultant’s comment on (c): “Yeah you don’t need to say the xéʔe unless you’re talking about more than one heart. It makes it sound like there’s a choice, you want one of them.”	page 11, engine english
(13c)	nɬeʔkepmxcín	cited form	xéʔe	in the speaker comment, page 11
§3.3	Reed Steiner and Lisa Matthewson	note	Another similar dataset is given in (14). The demonstrative with a plain DP is acceptable when there is only one fish on the table (14b), but it is unacceptable in the same context when combined with an oblique (14c).	page 11
(14) line 1	Reed Steiner and Lisa Matthewson	note	Context: Two family members are splitting a whole fish. One of them wants to eat the head.	page 11, engine english
(14a) line 1	nɬeʔkepmxcín	transcription	xʷúy̓ n̓ ʔúpinxʷ e sx̣ʷámqeʔ	page 11, engine language
(14a) line 2	nɬeʔkepmxcín	segmentation	xʷúy̓=∅=n̓ ʔúpi-n-[t]-∅-[e]xʷ e=s-x̣ʷám-qin	page 11, engine language
(14a) line 3	nɬeʔkepmxcín	gloss	PROSP=3SBJ=Q eat-CTR-TR-3OBJ-2SG.ERG DET=NMLZ-fish-head	page 11, engine english
(14a) line 4	Reed Steiner and Lisa Matthewson	translation	‘Are you gonna eat the fish head?’	page 11, engine english, cited VF | BP 5 February 2026, the authors' translation of the speaker's sentence
(14a) line 4	Reed Steiner and Lisa Matthewson	citation	(VF | BP 5 February 2026)	the tag or source at the right of the translation
(14b) line 1	nɬeʔkepmxcín	transcription	xʷúy̓ n̓ ʔúpinxʷ xéʔe sx̣ʷámqeʔ	page 11, engine language
(14b) line 2	nɬeʔkepmxcín	segmentation	xʷúy̕=∅=n̕ ʔúpi-n-[t]-∅-[e]xʷ xéʔe [e]=s-x̣ʷám-qin	page 11, engine language
(14b) line 3	nɬeʔkepmxcín	gloss	PROSP=3SBJ=Q eat-CTR-TR-3OBJ-2SG.ERG DIST DET=NMLZ-fish-head	page 11, engine english
(14b) line 4	Reed Steiner and Lisa Matthewson	translation	‘Are you gonna eat that fish head?’	page 11, engine english, cited SF | BP 5 February 2026, the authors' translation of the speaker's sentence
(14b) line 4	Reed Steiner and Lisa Matthewson	citation	(SF | BP 5 February 2026)	the tag or source at the right of the translation
(14c) line 1	nɬeʔkepmxcín	transcription	#xʷúy̓ n̓ ʔúpinxʷ xéʔe tk sx̣ʷámqeʔ	page 11, engine language
(14c) line 2	nɬeʔkepmxcín	segmentation	xʷúy̓=∅=n̓ ʔúpi-n-[t]-∅-[e]xʷ xéʔe t=k=s-x̣ʷám-qin	page 11, engine language
(14c) line 3	nɬeʔkepmxcín	gloss	PROSP=3SBJ=Q eat-CTR-TR-3OBJ-2SG.ERG DIST OBL=DET=NMLZ-fish-head	page 11, engine english
(14c) line 4	Reed Steiner and Lisa Matthewson	translation	Intended: ‘Are you gonna eat that fish head?’	page 11, engine english, cited SF | BP 5 February 2026, the authors' translation of the speaker's sentence
(14c) line 4	Reed Steiner and Lisa Matthewson	citation	(SF | BP 5 February 2026)	the tag or source at the right of the translation
§3.3	Reed Steiner and Lisa Matthewson	note	Discussion of (c) between consultant and researcher:	page 11
footnote 9	Reed Steiner and Lisa Matthewson	note	9 The English prompt for these examples was ‘Give me the heart.’ BP comments that the nɬeʔkepmxcín she offered is polite and does not sound like a command. It merely puts the idea into the addressee’s mind.	page 11, footnote
§3.3	Reed Steiner and Lisa Matthewson	note	BP: If there’s more than one, yes.	page 12
§3.3	Reed Steiner and Lisa Matthewson	note	RS: If they're only eating one fish, and there’s no other fish, would it make sense? BP: No.	page 12
§3.3	Reed Steiner and Lisa Matthewson	note	Although demonstratives with plain DPs are acceptable in immediate situation unique contexts, they are scarcely volunteered in such contexts, as can be seen by the fact that in (12)-(14), the (a) versions without any demonstratives are the ones that are volunteered by the speaker. There does need to be some pragmatic reason to use the demonstrative instead of a regular DP, but more research is needed to determine what contextual factors license a demonstrative. Example (15) is similar to (12)-(14) but involves a maximal plural referent; the relevant phrases pick out all the ears that should be on the portrait.10	page 12
(15) line 1	Reed Steiner and Lisa Matthewson	note	Context: Brent drew a portrait, but he forgot to draw the ears.	page 12, engine english
(15a) line 1	Reed Steiner and Lisa Matthewson	note	Plain DP:	page 12, the heading of (15a), carries footnote 11, written here without its digit
(15a) line 2	nɬeʔkepmxcín	transcription	ɬépnxʷ e c̓əq̓ʷtéxʷ e ƛ̓én̓i	page 12, engine language
(15a) line 3	nɬeʔkepmxcín	segmentation	ɬép-n-[t]-∅-[e]xʷ=∅ e=c̓əq̓ʷ-t-∅-éxʷ e=ƛ̓én̓i	page 12, engine language
(15a) line 4	nɬeʔkepmxcín	gloss	forget-CTR-TR-3OBJ-2SG.ERG=3SBJ DET=draw-TR-3OBJ-2SG.ERG DET=ear	page 12, engine english
(15a) line 5	Reed Steiner and Lisa Matthewson	translation	‘You forgot to draw the ears.’	page 12, engine english, cited VF | BP 12 February 2026, the authors' translation of the speaker's sentence
(15a) line 5	Reed Steiner and Lisa Matthewson	citation	(VF | BP 12 February 2026)	the tag or source at the right of the translation
(15b) line 1	Reed Steiner and Lisa Matthewson	note	Demonstrative + plain DP:	page 12, engine english
(15b) line 2	nɬeʔkepmxcín	transcription	? ɬépnxʷ e c̓əq̓ʷtéxʷ xéʔe ƛ̓én̓i	page 12, engine language
(15b) line 3	nɬeʔkepmxcín	segmentation	ɬép-n-[t]-∅-[e]xʷ=∅ e=c̓əq̓ʷ-t-∅-éxʷ xéʔe [e]=ƛ̓én̓i	page 12, engine language
(15b) line 4	nɬeʔkepmxcín	gloss	forget-CTR-TR-3OBJ-2SG.ERG=3SBJ DET=draw-TR-3OBJ-2SG.ERG DIST DET=ear	page 12, engine english
(15b) line 5	Reed Steiner and Lisa Matthewson	translation	‘You forgot to draw those ears.’	page 12, engine english, cited SF | BP 12 February 2026, the authors' translation of the speaker's sentence
(15b) line 5	Reed Steiner and Lisa Matthewson	citation	(SF | BP 12 February 2026)	the tag or source at the right of the translation
(15b) line 6	Bev Phillips	speaker comment	Consultant’s comment on (b): “I guess you could say that.”	page 12, engine english
(15c) line 1	Reed Steiner and Lisa Matthewson	note	Demonstrative + oblique:	page 12, engine english
(15c) line 2	nɬeʔkepmxcín	transcription	#/?ɬépnxʷ e c̕əq̕ʷtéxʷ xéʔe	page 12, engine language
(15c) line 3	nɬeʔkepmxcín	segmentation	ɬép-n-[t]-∅-[e]xʷ=∅ e=c̕əq̕ʷ-t-∅-éxʷ xéʔe	page 12, engine language
(15c) line 4	nɬeʔkepmxcín	gloss	forget-CTR-TR-3OBJ-2SG.ERG=3SBJ DET=draw-TR-3OBJ-2SG.ERG DIST	page 12, engine english
(15c) line 5	nɬeʔkepmxcín	transcription	tk ƛ̓én̓i	page 12, engine language
(15c) line 6	nɬeʔkepmxcín	segmentation	t=k=ƛ̓én̓i	page 12, engine language
(15c) line 7	nɬeʔkepmxcín	gloss	OBL=DET=ear	page 12, engine english
(15c) line 8	Reed Steiner and Lisa Matthewson	translation	Intended: ‘You forgot to draw those ears.’	page 12, engine english, cited SF | BP 12 February 2026, the authors' translation of the speaker's sentence
(15c) line 8	Reed Steiner and Lisa Matthewson	citation	(SF | BP 12 February 2026)	the tag or source at the right of the translation
(15c) line 9	Bev Phillips	speaker comment	Consultant’s comment on (c): “No, that won't work unless you're being very specific about what ears. ... You're saying ‘that ears,’ so is he copying a certain diagram? You’re looking at a diagram of something else, and he’s supposed to put on ears, but he hasn’t.”	page 12, engine english
footnote 10	Reed Steiner and Lisa Matthewson	note	10 Henry Davis (p.c.) asks why the direct determiner e is used in (15a) and in (16a) below, since the body parts to be drawn do not exist yet, and we might expect the unrealized determiner k (see Koch 2008:47-48). We do not know the answer to this; more research is required into the use-conditions of the determiners for our consultants.	page 12, footnote
footnote 11	Reed Steiner and Lisa Matthewson	note	11 As noted by Ella Hannon, it is surprising that the complement of ɬép is not nominalized in (15). We do not have an explanation for this.	page 12, footnote
§3.3	nɬeʔkepmxcín	cited form	ɬép	page 12
§3.3	Reed Steiner and Lisa Matthewson	name	kʷałtèzetkʷ	Bernice Garcia's traditional name, KBG in the tags, written with ł
§3.3	Reed Steiner and Lisa Matthewson	name	kʷałtèzetkʷ’s	Bernice Garcia's traditional name in the possessive
§3.3	Reed Steiner and Lisa Matthewson	note	The strength of these judgements may vary slightly. BP has strong anti-uniqueness judgements whenever demonstratives co-occur with oblique phrases. kʷałtèzetkʷ has more flexible judgements: she sometimes accepts demonstratives with obliques in unique contexts. However, kʷałtèzetkʷ’s judgments align with BP’s when she is asked for elaboration. Crucially, kʷałtèzetkʷ’s judgments never go in the other direction: a demonstrative with an oblique is never accepted in a unique situation while a demonstrative with a plain DP is rejected.	page 13
§3.3	Reed Steiner and Lisa Matthewson	note	Representative examples of kʷałtèzetkʷ’s responses are given in (16)-(17). In (16), kʷałtèzetkʷ has parallel (anti-)uniqueness judgments to BP.	page 13
(16) line 1	Reed Steiner and Lisa Matthewson	note	Context: Brent drew a portrait, but he forgot to draw the nose.	page 13, engine english
(16a) line 1	Reed Steiner and Lisa Matthewson	note	Plain DP:	page 13, engine english
(16a) line 2	nɬeʔkepmxcín	transcription	kénm ƛ̓uʔ tetéʔ ks c̓əqtéxʷ	page 13, engine language
(16a) line 3	nɬeʔkepmxcín	segmentation	kénm=∅=ƛ̓uʔ te~téʔ=∅ k=s=cəq-t-∅-éxʷ	page 13, engine language
(16a) line 4	nɬeʔkepmxcín	gloss	WH=3SBJ=EXCL AUG~NEG=3SBJ D/C=NMLZ=draw-TR-3OBJ-2SG.ERG	page 13, engine english
(16a) line 5	nɬeʔkepmxcín	transcription	e p̓sáqs	page 13, engine language
(16a) line 6	nɬeʔkepmxcín	segmentation	e=p̓s-áqs	page 13, engine language
(16a) line 7	nɬeʔkepmxcín	gloss	DET=nose-nose	page 13, engine english
(16a) line 8	Reed Steiner and Lisa Matthewson	translation	‘Why didn’t you draw the nose?’	page 13, engine english, cited SF | KBG 15 June 2026, the authors' translation of the speaker's sentence
(16a) line 8	Reed Steiner and Lisa Matthewson	citation	(SF | KBG 15 June 2026)	the tag or source at the right of the translation
(16b) line 1	Reed Steiner and Lisa Matthewson	note	Demonstrative + plain DP:	page 13, engine english
(16b) line 2	nɬeʔkepmxcín	transcription	kénm ƛ̓uʔ tetéʔ ks c̓əqtéxʷ xéʔe	page 13, engine language
(16b) line 3	nɬeʔkepmxcín	segmentation	kénm=∅=ƛ̓uʔ te~téʔ=∅ k=s=cəq-t-∅-éxʷ xéʔe	page 13, engine language
(16b) line 4	nɬeʔkepmxcín	gloss	WH=3SBJ=EXCL AUG~NEG=3SBJ D/C=NMLZ=draw-TR-3OBJ-2SG.ERG DIST	page 13, engine english
(16b) line 5	nɬeʔkepmxcín	transcription	e p̓sáqs	page 13, engine language
(16b) line 6	nɬeʔkepmxcín	segmentation	e=p̓s-áqs	page 13, engine language
(16b) line 7	nɬeʔkepmxcín	gloss	DET=nose-nose	page 13, engine english
(16b) line 8	Reed Steiner and Lisa Matthewson	translation	‘Why didn’t you draw the nose?’	page 13, engine english, cited SF | KBG 15 June 2026, the authors' translation of the speaker's sentence
(16b) line 8	Reed Steiner and Lisa Matthewson	citation	(SF | KBG 15 June 2026)	the tag or source at the right of the translation
(16b) line 9	kʷaɬtèzetkʷ (Bernice Garcia)	speaker comment	Consultant’s comment on (b): “Yeah, it’s okay.”	page 13, engine english
(16c) line 1	Reed Steiner and Lisa Matthewson	note	Demonstrative + oblique:	page 13, engine english
(16c) line 2	nɬeʔkepmxcín	transcription	# kénm ƛ̓uʔ tetéʔ ks c̓əqtéxʷ xéʔe	page 13, engine language
(16c) line 3	nɬeʔkepmxcín	segmentation	kénm=∅=ƛ̓uʔ te~téʔ=∅ k=s=cəq-t-∅-éxʷ xéʔe	page 13, engine language
(16c) line 4	nɬeʔkepmxcín	gloss	WH=3SBJ=EXCL AUG~NEG=3SBJ D/C=NMLZ=draw-TR-3OBJ-2SG.ERG DIST	page 13, engine english
(16c) line 5	nɬeʔkepmxcín	transcription	xéʔe tk p̕sáqs	page 13, engine language
(16c) line 6	nɬeʔkepmxcín	segmentation	xéʔe t=k=p̕s-áqs	page 13, engine language
(16c) line 7	nɬeʔkepmxcín	gloss	DIST OBL=DET=nose-nose	page 13, engine english
(16c) line 8	Reed Steiner and Lisa Matthewson	translation	‘Why didn’t you draw the nose?’	page 13, engine english, cited SF | KBG 15 June 2026, the authors' translation of the speaker's sentence
(16c) line 8	Reed Steiner and Lisa Matthewson	citation	(SF | KBG 15 June 2026)	the tag or source at the right of the translation
(16c) line 9	kʷaɬtèzetkʷ (Bernice Garcia)	speaker comment	Consultant’s comment on (c): “No, xéʔe in there doesn’t make it sound right.”	page 13, engine english
(16c)	nɬeʔkepmxcín	cited form	xéʔe	in the speaker comment, page 13
§3.3	Reed Steiner and Lisa Matthewson	note	In (17), kʷałtèzetkʷ is more permissive, allowing a demonstrative with an oblique in a unique context. This case might be an instance of a systematic exception, in which demonstratives with obliques are permitted in reference to a subpart of a unique individual (see 3.8.2.), but this is not made explicit in the consultant’s comments.	page 13
(17) line 1	Reed Steiner and Lisa Matthewson	note	Context: Brent and Bruce are sitting at opposite ends of a table. Brent is eating a whole fish, but he hasn't touched the head. Bruce is hungry, so he asks if Brent is gonna eat the head.	page 14, engine english
(17a) line 1	nɬeʔkepmxcín	transcription	xʷúy̓ n̓ ʔúpinxʷ e sx̣ʷámqeʔ	page 14, engine language
(17a) line 2	nɬeʔkepmxcín	segmentation	xʷúy̕=∅=n̕ ʔúpi-n-[t]-∅-[e]xʷ e=s-x̣ʷám-qeʔ	page 14, engine language
(17a) line 3	nɬeʔkepmxcín	gloss	PROSP=3SBJ=Q eat-CTR-TR-3OBJ-2SG.ERG DET=NMLZ-fish-head	page 14, engine english
(17a) line 4	Reed Steiner and Lisa Matthewson	translation	‘Are you gonna eat the fish head?'’	page 14, engine english, cited VF | KBG 14 April 2026, the authors' translation of the speaker's sentence
(17a) line 4	Reed Steiner and Lisa Matthewson	citation	(VF | KBG 14 April 2026)	the tag or source at the right of the translation
(17b) line 1	nɬeʔkepmxcín	transcription	xʷúy̓ n̓ ʔúpinxʷ xʔé sx̣ʷámqeʔ	page 14, engine language
(17b) line 2	nɬeʔkepmxcín	segmentation	xʷúy̓=∅=n̓ ʔúpi-n-[t]-∅-[e]xʷ xʔé [e]=s-x̣ʷám-qeʔ	page 14, engine language
(17b) line 3	nɬeʔkepmxcín	gloss	PROSP=3SBJ=Q eat-CTR-TR-3OBJ-2SG.ERG PROX DET=NMLZ-fish-head	page 14, engine english
(17b) line 4	Reed Steiner and Lisa Matthewson	translation	‘Are you gonna eat that fish head?’	page 14, engine english, cited SF | KBG 14 April 2026, the authors' translation of the speaker's sentence
(17b) line 4	Reed Steiner and Lisa Matthewson	citation	(SF | KBG 14 April 2026)	the tag or source at the right of the translation
(17b) line 5	kʷaɬtèzetkʷ (Bernice Garcia)	speaker comment	Consultant's comment on (c): "Yeah, it sounds like he's pointing to it."	page 14, engine english
(17c) line 1	nɬeʔkepmxcín	transcription	xʷúy̓ n̓ ʔúpinxʷ xʔé tk sx̣ʷámqeʔ	page 14, engine language
(17c) line 2	nɬeʔkepmxcín	segmentation	xʷúy̓=∅=n̓ ʔúpi-n-[t]-∅-[e]xʷ xʔé t=k=s-x̣ʷám-qeʔ	page 14, engine language
(17c) line 3	nɬeʔkepmxcín	gloss	PROSP=3SBJ=Q eat-CTR-TR-3OBJ-2SG.ERG PROX OBL=DET=NMLZ-fish-head	page 14, engine english
(17c) line 4	Reed Steiner and Lisa Matthewson	translation	‘Are you gonna eat that fish head?’	page 14, engine english, cited SF | KBG 14 April 2026, the authors' translation of the speaker's sentence
(17c) line 4	Reed Steiner and Lisa Matthewson	citation	(SF | KBG 14 April 2026)	the tag or source at the right of the translation
§3.3	Reed Steiner and Lisa Matthewson	note	Discussion between consultant and researcher about (c):	page 14
§3.3	Reed Steiner and Lisa Matthewson	note	KBG: Yeah that's about the same, too.	page 14
§3.3	Reed Steiner and Lisa Matthewson	note	RS: That’s okay with the one fish here? No other fish on the table.	page 14
§3.3	Reed Steiner and Lisa Matthewson	note	KBG: Mhm.	page 14
§3.3	Reed Steiner and Lisa Matthewson	note	The clear trend is towards the generalization that xéʔe with a plain DP is compatible with immediate situation uniqueness and xéʔe with an oblique is not. The variation that exists could reflect a dialect difference or a change in progress, but it is also likely to at least partly be due to the extreme context-sensitivity of the effects. All it takes to alleviate anti-uniqueness is for a speaker to enrich the context slightly in their minds, and this may tend to happen more for some consultants than for others.	page 14
§3.3	Reed Steiner and Lisa Matthewson	note	The felicity of demonstratives with plain DPs in contexts involving immediate situation uniqueness supports our proposal that they are weak definites: in these contexts, uniqueness is satisfied, but not familiarity. The infelicity of (or dispreference for) demonstratives with obliques in these contexts suggests that the oblique adds an anti-uniqueness requirement.	page 14
§3.4	Reed Steiner and Lisa Matthewson	heading	3.4 Larger situation uniqueness	page 14
§3.4	Reed Steiner and Lisa Matthewson	note	The fourth definiteness diagnostic we look at is whether the relevant phrase is felicitous in larger situation unique contexts. These are contexts in which the discourse participants know there is exactly one individual of the relevant type in a larger situation, outside of the immediate situation of their conversation (see for example Schwarz 2009:21). For languages that distinguish definites from indefinites, the definite determiner is predicted to be obligatory in large situation uniqueness contexts, and the indefinite determiner is predicted to be infelicitous. And demonstratives that require anti-uniqueness are predicted to be infelicitous here. This can be seen for English in (18). (18) The/#a/#that prime minister is in Vancouver today.	page 14
§3.4	Reed Steiner and Lisa Matthewson	language	nɬeʔkepmxcín	the language of this paper, a.k.a. Thompson River Salish, Northern Interior Salish, ISO 639-3 thp
§3.4	Reed Steiner and Lisa Matthewson	note	In languages that distinguish weak from strong definites, the weak definite is predicted to be felicitous in larger situation uniqueness contexts, since uniqueness is satisfied (and familiarity is not necessarily satisfied). Thus, our proposal that nɬeʔkepmxcín demonstratives are weak definites predicts that they should be acceptable in larger situation unique contexts.	page 15
§3.4	Reed Steiner and Lisa Matthewson	note	This prediction holds up: demonstratives are dispreferred when compared to plain DPs, but not outright rejected. The dispreference will be discussed in greater detail in Section 4. Demonstratives must combine with plain DPs to be acceptable in larger situation unique contexts: demonstratives with obliques are not felicitous with a unique referent. This is shown in (19) and (20).	page 15
(19) line 1	Reed Steiner and Lisa Matthewson	note	Context: You’re talking to a friend from a different community. They tell you their chief received a gift. You don’t know their chief, but suspect they're grateful.	page 15, engine english
(19a) line 1	Reed Steiner and Lisa Matthewson	note	Plain DP:	page 15, engine english
(19a) line 2	nɬeʔkepmxcín	transcription	kʷukʷscút nke ɬeʔ kʷúkʷpiʔ	page 15, engine language
(19a) line 3	nɬeʔkepmxcín	segmentation	kʷukʷ-s-t-∅-sút=∅=nke ɬ=eʔ-kʷúkʷpiʔ	page 15, engine language
(19a) line 4	nɬeʔkepmxcín	gloss	save-CAUS-TR-3OBJ-RFL=3SBJ=INFER DET.REM=2SG.POSS-chief	page 15, engine english
(19a) line 5	Reed Steiner and Lisa Matthewson	translation	‘Your chief must be grateful.’	page 15, engine english, cited VF | BP 5 February 2026, the authors' translation of the speaker's sentence
(19a) line 5	Reed Steiner and Lisa Matthewson	citation	(VF | BP 5 February 2026)	the tag or source at the right of the translation
(19b) line 1	Reed Steiner and Lisa Matthewson	note	Demonstrative + plain DP:	page 15, engine english
(19b) line 2	nɬeʔkepmxcín	transcription	? kʷukʷscút nke xéʔe ɬeʔ kʷúkʷpiʔ	page 15, engine language
(19b) line 3	nɬeʔkepmxcín	segmentation	kʷukʷ-s-t-∅-sút=∅=nke xéʔe ɬ=eʔ-kʷúkʷpiʔ	page 15, engine language
(19b) line 4	nɬeʔkepmxcín	gloss	save-CAUS-TR-3OBJ-RFL=3SBJ=INFER DIST DET.REM=2SG.POSS-chief	page 15, engine english
(19b) line 5	Reed Steiner and Lisa Matthewson	translation	‘Your chief must be grateful.’	page 15, engine english, cited SF | BP 5 February 2026, the authors' translation of the speaker's sentence
(19b) line 5	Reed Steiner and Lisa Matthewson	citation	(SF | BP 5 February 2026)	the tag or source at the right of the translation
(19b) line 6	Bev Phillips	speaker comment	Consultant’s comment on (b): “I don’t know if you need to put xéʔe in there. I don’t know about xéʔe. I’m unsure about that. I would not, but maybe.”	page 15, engine english
(19b)	nɬeʔkepmxcín	cited form	xéʔe	in the speaker comment, page 15
(19c) line 1	Reed Steiner and Lisa Matthewson	note	Demonstrative + oblique (k= determiner):	page 15, engine english
(19c) line 2	nɬeʔkepmxcín	transcription	# kʷukʷscút nke xéʔe tk eʔkʷúkʷpiʔ	page 15, engine language
(19c) line 3	nɬeʔkepmxcín	segmentation	kʷukʷ-s-t-∅-sút=∅=nke xéʔe t=k=eʔ-kʷúkʷpiʔ	page 15, engine language
(19c) line 4	nɬeʔkepmxcín	gloss	save-CAUS-TR-3OBJ-RFL=3SBJ=INFER DIST OBL=DET=2SG.POSS-chief	page 15, engine english
(19c) line 5	Reed Steiner and Lisa Matthewson	translation	‘Your chief must be grateful.’	page 15, engine english, cited SF | BP 5 February 2026, the authors' translation of the speaker's sentence
(19c) line 5	Reed Steiner and Lisa Matthewson	citation	(SF | BP 5 February 2026)	the tag or source at the right of the translation
(19c) line 6	Bev Phillips	speaker comment	Consultant’s comment on (c): “No. You must have two chiefs by the sound of it, so no.”	page 15, engine english
(19d) line 1	Reed Steiner and Lisa Matthewson	note	Demonstrative + oblique (e= determiner):	page 15, engine english
(19d) line 2	nɬeʔkepmxcín	transcription	# kʷukʷscút nke xéʔe te eʔkʷúpiʔ	page 15, engine language
(19d) line 3	nɬeʔkepmxcín	segmentation	kʷukʷ-s-t-∅-sút=∅=nke xéʔe t=e=eʔ-kʷúpiʔ	page 15, engine language
(19d) line 4	nɬeʔkepmxcín	gloss	save-CAUS-TR-3OBJ-RFL=3SBJ=INFER DIST OBL=DET=2SG.POSS-chief	page 15, engine english
(19d) line 5	Reed Steiner and Lisa Matthewson	translation	‘Your chief must be grateful.’	page 15, engine english, cited SF | BP 5 February 2026, the authors' translation of the speaker's sentence
(19d) line 5	Reed Steiner and Lisa Matthewson	citation	(SF | BP 5 February 2026)	the tag or source at the right of the translation
(20) line 1	Reed Steiner and Lisa Matthewson	note	Context: A child is asking an adult about the sky.	page 15, engine english
(20a) line 1	nɬeʔkepmxcín	transcription	c̓iy t hen̓ es x̣zúms e sƛ̓íq̓t	page 15, engine language
(20a) line 2	nɬeʔkepmxcín	segmentation	c̓iy=∅ t=hen̓ e=s=x̣zúm=s e=s-ƛ̓íq̓t	page 15, engine language
(20a) line 3	nɬeʔkepmxcín	gloss	like=3SBJ OBL=WH D/C=NMLZ=big=3POSS DET=NMLZ-sky	page 15, engine english
(20a) line 4	Reed Steiner and Lisa Matthewson	translation	‘How big is the sky?’	page 15, engine english, cited VF | BP 4 June 2026, the authors' translation of the speaker's sentence
(20a) line 4	Reed Steiner and Lisa Matthewson	citation	(VF | BP 4 June 2026)	the tag or source at the right of the translation
(20b) line 1	nɬeʔkepmxcín	transcription	? c̓iy t hen̓ es x̣zúms xéʔe e sƛ̓íq̓t	page 16, engine language
(20b) line 2	nɬeʔkepmxcín	segmentation	c̓iy=∅ t=hen̓ e=s=x̣zúm=s xéʔe e=s-ƛ̓íq̓t	page 16, engine language
(20b) line 3	nɬeʔkepmxcín	gloss	like OBL=WH D/C=NMLZ=big=3POSS DIST DET=NMLZ-sky	page 16, engine english
(20b) line 4	Reed Steiner and Lisa Matthewson	translation	‘How big is the sky?’	page 16, engine english, cited SF | BP 4 June 2026, the authors' translation of the speaker's sentence
(20b) line 4	Reed Steiner and Lisa Matthewson	citation	(SF | BP 4 June 2026)	the tag or source at the right of the translation
(20c) line 1	nɬeʔkepmxcín	transcription	# c̓iy t hen̓ es x̣zúms xéʔe	page 16, engine language
(20c) line 2	nɬeʔkepmxcín	segmentation	c̓iy=∅ t=hen̓ e=s=x̣zúm=s xéʔe	page 16, engine language
(20c) line 3	nɬeʔkepmxcín	gloss	like=3SBJ OBL=WH D/C=NMLZ=big=3POSS DIST	page 16, engine english
(20c) line 4	nɬeʔkepmxcín	transcription	tk sƛ̓íq̓t	page 16, engine language
(20c) line 5	nɬeʔkepmxcín	segmentation	t=k=s-ƛ̓íq̓t	page 16, engine language
(20c) line 6	nɬeʔkepmxcín	gloss	OBL=DET=NMLZ-sky	page 16, engine english
(20c) line 7	Reed Steiner and Lisa Matthewson	translation	‘How big is the sky?’	page 16, engine english, cited SF | BP 4 June 2026, the authors' translation of the speaker's sentence
(20c) line 7	Reed Steiner and Lisa Matthewson	citation	(SF | BP 4 June 2026)	the tag or source at the right of the translation
(20c) line 8	Bev Phillips	speaker comment	Consultant’s comment on (c): “No. Sounds like there’s more than one sky.”	page 16, engine english
§3.4	Reed Steiner and Lisa Matthewson	name	kʷałtèzetkʷ	Bernice Garcia's traditional name, KBG in the tags, written with ł
§3.4	Reed Steiner and Lisa Matthewson	note	Similar to the immediate situation unique contexts, the strength of the anti-uniqueness requirement varies. BP reliably rejects demonstratives with obliques when the referent is unique. kʷałtèzetkʷ usually accepts demonstratives with obliques in these contexts, but agrees with BP’s judgements when questioned further, albeit less strongly.	page 16
(21) line 1	Reed Steiner and Lisa Matthewson	note	Context: You’re talking to a friend from a different community. They tell you their chief is gonna receive a gift. You don’t know their chief, but suspect they will be grateful.	page 16, engine english
(21a) line 1	Reed Steiner and Lisa Matthewson	note	Plain DP:	page 16, engine english
(21a) line 2	nɬeʔkepmxcín	transcription	ném xʷúy̓ kʷukʷstéxʷ e skiʔéwɬep	page 16, engine language
(21a) line 3	nɬeʔkepmxcín	segmentation	ném=∅ xʷúy̓ kʷukʷ-s-t-∅-éxʷ e=s-kiʔ-éwɬ-ep	page 16, engine language
(21a) line 4	nɬeʔkepmxcín	gloss	intense=3SBJ PROSP save-CAUS-TR-3OBJ-2SG.ERG DET=NMLZ-front-canoe-2PL.POSS	page 16, engine english
(21a) line 5	nɬeʔkepmxcín	transcription	e xʷúy̓ téʔe n̓etéxʷ	page 16, engine language
(21a) line 6	nɬeʔkepmxcín	segmentation	e=xʷúy̓=∅ téʔe n̓-n-t-∅-éxʷ	page 16, engine language
(21a) line 7	nɬeʔkepmxcín	gloss	D/C=PROSP=3SBJ DEM.LOC give-CTR-TR-3OBJ-2SG.ERG	page 16, engine english
(21a) line 8	Reed Steiner and Lisa Matthewson	translation	‘Y’all’s chief will be very grateful when you give it to him.’	page 16, engine english, cited VF | KBG 23 February 2026, the authors' translation of the speaker's sentence
(21a) line 9	Reed Steiner and Lisa Matthewson	citation	(VF | KBG 23 February 2026)	page 16, engine english
(21a) line 10	kʷaɬtèzetkʷ (Bernice Garcia)	speaker comment	Consultant’s comment on (a): “You're giving your chief like a great honour by giving him whatever you give him.”	page 16, engine english
(21b) line 1	Reed Steiner and Lisa Matthewson	note	Demonstrative + plain DP:	page 17, engine english
(21b) line 2	nɬeʔkepmxcín	transcription	ném xʷúy̓ kʷukʷstéxʷ xéʔe	page 17, engine language
(21b) line 3	nɬeʔkepmxcín	segmentation	ném=∅ xʷúy̓ kʷukʷ-s-t-∅-éxʷ xéʔe	page 17, engine language
(21b) line 4	nɬeʔkepmxcín	gloss	intense=3SBJ PROSP save-CAUS-TR-3OBJ-2SG.ERG DIST	page 17, engine english
(21b) line 5	nɬeʔkepmxcín	transcription	skiʔéwɬep e xʷúy̓ téʔe	page 17, engine language
(21b) line 6	nɬeʔkepmxcín	segmentation	[e]=s-kiʔ-éwɬ-ep e=xʷúy̓=∅ téʔe	page 17, engine language
(21b) line 7	nɬeʔkepmxcín	gloss	DET=NMLZ-front-canoe-2PL.POSS COP?=PROSP=3SBJ DEM.LOC	page 17, engine english
(21b) line 8	nɬeʔkepmxcín	transcription	n̓etéxʷ	page 17, engine language
(21b) line 9	nɬeʔkepmxcín	segmentation	n̓-n-t-∅-éxʷ	page 17, engine language
(21b) line 10	nɬeʔkepmxcín	gloss	give-CTR-TR-3OBJ-2SG.ERG	page 17, engine english
(21b) line 11	Reed Steiner and Lisa Matthewson	translation	‘Y’all’s chief will be very grateful when you give it to him.’	page 17, engine english, cited SF | KBG 23 February 2026, the authors' translation of the speaker's sentence
(21b) line 12	Reed Steiner and Lisa Matthewson	citation	(SF | KBG 23 February 2026)	page 17, engine english
(21c) line 1	Reed Steiner and Lisa Matthewson	note	Demonstrative + oblique:	page 17, engine english
(21c) line 2	nɬeʔkepmxcín	transcription	? ném xʷúy̓ kʷukʷstéxʷ xéʔe	page 17, engine language
(21c) line 3	nɬeʔkepmxcín	segmentation	ném=∅ xʷúy̓ kʷukʷ-s-t-∅-éxʷ xéʔe	page 17, engine language
(21c) line 4	nɬeʔkepmxcín	gloss	intense=3SBJ PROSP save-CAUS-TR-3OBJ-2SG.ERG DIST	page 17, engine english
(21c) line 5	nɬeʔkepmxcín	transcription	tk skiʔéwɬep e xʷúy̓ téʔe	page 17, engine language
(21c) line 6	nɬeʔkepmxcín	segmentation	t=k=s-kiʔ-éwɬ-ep e=xʷúy̓=∅ téʔe	page 17, engine language
(21c) line 7	nɬeʔkepmxcín	gloss	OBL=DET=NMLZ-front-canoe-2PL.POSS COP?=PROSP=3SBJ DEM.LOC	page 17, engine english
(21c) line 8	nɬeʔkepmxcín	transcription	netéxʷ	page 17, engine language
(21c) line 9	nɬeʔkepmxcín	segmentation	n-n-t-∅-éxʷ	page 17, engine language
(21c) line 10	nɬeʔkepmxcín	gloss	give-CTR-TR-3OBJ-2SG.ERG	page 17, engine english
(21c) line 11	Reed Steiner and Lisa Matthewson	translation	‘Y’all’s chief will be very grateful when you give it to him.’	page 17, engine english, cited SF | KBG 23 February 2026, the authors' translation of the speaker's sentence
(21c) line 12	Reed Steiner and Lisa Matthewson	citation	(SF | KBG 23 February 2026)	page 17, engine english
§3.4	Reed Steiner and Lisa Matthewson	note	Discussion of (c) between consultant and researcher:	page 17
§3.4	kʷaɬtèzetkʷ (Bernice Garcia)	speaker comment	KBG: Yep, it’s okay.	page 17, KBG in the discussion of (21c)
§3.4	Reed Steiner	note	RS: Does it sound like there's more than one chief?	page 17, RS, the researcher, in the discussion of (21c)
§3.4	kʷaɬtèzetkʷ (Bernice Garcia)	speaker comment	KBG: Nope. Well, maybe it does when you put that tk in there.	page 17, KBG in the discussion of (21c)
§3.4	kʷaɬtèzetkʷ (Bernice Garcia)	speaker comment	RS: [repeats (c)] KBG: Yeah it sounds like you’re talking about one particular leader.	page 17, RS repeats (c) and KBG answers, in the discussion of (21c)
§3.4	Reed Steiner and Lisa Matthewson	note	The felicity of nɬeʔkepmxcín demonstratives in larger situation unique contexts supports that they are weak definites. The infelicity of demonstratives with obliques is predictable if obliques introduce an anti-uniqueness requirement.	page 17
§3.5	Reed Steiner and Lisa Matthewson	heading	3.5 Global situation uniqueness	page 17
§3.5	Reed Steiner and Lisa Matthewson	language	nɬeʔkepmxcín	the language of this paper, a.k.a. Thompson River Salish, Northern Interior Salish, ISO 639-3 thp
§3.5	Reed Steiner and Lisa Matthewson	name	kʷałtèzetkʷ	Bernice Garcia's traditional name, KBG in the tags, written with ł
§3.5	Reed Steiner and Lisa Matthewson	note	In this section we investigate whether demonstratives can refer to individuals that are unique in the global situation, e.g. astronomical bodies like the moon and sun. Cross-linguistically, definites that relate to globally unique individuals do not necessarily pattern in the same way as other larger- situation unique definites (see e.g. Simpson and Biswas 2016 on Bangla; Gao 2025 on Wu).12 In nɬeʔkepmxcín, judgements vary when the referent is globally unique. For BP, globally unique entities pattern the same way as other unique entities: demonstratives with plain DPs are acceptable, and demonstratives with obliques are not. For kʷałtèzetkʷ, judgements vary between sessions. In some sessions, she patterns like BP: demonstratives with plain DPs are acceptable, and demonstratives with obliques are not. In other sessions, all demonstratives are unacceptable in globally unique contexts.	page 17
§3.5	Reed Steiner and Lisa Matthewson	note	Examples (22) - (24) show that BP treats astronomical bodies in the same way as other unique individuals: demonstratives with plain DPs are acceptable, but demonstratives with obliques are not. This is consistent with her judgements on immediate and larger-situation unique contexts.13	page 18
(22) line 1	Reed Steiner and Lisa Matthewson	note	Context: There’s going to be a moon tomorrow. The weather channel predicts that it’s going to look especially big. After hearing that, you tell your friend that the moon's gonna be big tomorrow.	page 18, engine english
(22a) line 1	Reed Steiner and Lisa Matthewson	note	Plain DP:	page 18, engine english
(22a) line 2	nɬeʔkepmxcín	transcription	xʷúy̓ xʔzúm e máʕxetn tk spiʔx̣éwt	page 18, engine language
(22a) line 3	nɬeʔkepmxcín	segmentation	xʷúy̓=∅ x̣zúm e=máʕxetn t=k=spiʔx̣éwt	page 18, engine language
(22a) line 4	nɬeʔkepmxcín	gloss	PROSP=3SBJ big DET=moon OBL=DET=one.day.away	page 18, engine english
(22a) line 5	Reed Steiner and Lisa Matthewson	translation	‘The moon is gonna be big tomorrow.’	page 18, engine english, cited VF | BP 5 February 2026, the authors' translation of the speaker's sentence
(22a) line 5	Reed Steiner and Lisa Matthewson	citation	(VF | BP 5 February 2026)	the tag or source at the right of the translation
(22b) line 1	Reed Steiner and Lisa Matthewson	note	Demonstrative + plain DP:	page 18, engine english
(22b) line 2	nɬeʔkepmxcín	transcription	xʷúy̓ x̣zúm xéʔe máʕxetn tk spiʔx̣éwt	page 18, engine language
(22b) line 3	nɬeʔkepmxcín	segmentation	xʷúy̓=∅ x̣zúm xéʔe [e]=máʕxetn t=k=spiʔx̣éwt	page 18, engine language
(22b) line 4	nɬeʔkepmxcín	gloss	PROSP=3SBJ big DIST DET=moon OBL=DET=one.day.away	page 18, engine english
(22b) line 5	Reed Steiner and Lisa Matthewson	translation	‘The moon is gonna be big tomorrow.’	page 18, engine english, cited SF | BP 5 February 2026, the authors' translation of the speaker's sentence
(22b) line 5	Reed Steiner and Lisa Matthewson	citation	(SF | BP 5 February 2026)	the tag or source at the right of the translation
footnote 12	Reed Steiner and Lisa Matthewson	note	12 Non-unique astronomical bodies, such as stars, are correctly predicted to be possible with demonstratives as long as there is a pointing gesture, either with or without an oblique marker. This is because the pointing itself narrows the discourse situation within which the uniqueness of the demonstrative is evaluated; see Wolter (2006), among others, and section 4.2.2.	page 18, footnote
footnote 12 (i) line 1	Reed Steiner and Lisa Matthewson	note	Context (from Bombi et al. in prep.): It’s night, and we are sitting outside, looking at the night sky. At some point, you say:	page 18, engine english
footnote 12 (i) line 2	nɬeʔkepmxcín	transcription	ném nukʷ ʔesc̓ék̓ʷ xéʔe tk kʷəkʷúsn̓ ti	page 18, engine language
footnote 12 (i) line 3	nɬeʔkepmxcín	segmentation	ném=∅=nukʷ ʔes-c̓ékʷ xéʔe t=k=kʷəkʷúsn̓ ti	page 18, engine language
footnote 12 (i) line 4	nɬeʔkepmxcín	gloss	intense=3sbj=SENSE STAT-bright DIST OBL=DET=star hey	page 18, engine english
footnote 12 (i) line 5	Reed Steiner and Lisa Matthewson	translation	‘That star is brighter than the others, look!’ (pointing) (VF | KBG 9 February 2026)	page 18, engine english, cited VF | KBG 9 February 2026, the authors' translation of the speaker's sentence
footnote 13	Reed Steiner and Lisa Matthewson	note	13 Marianne Huijsmans (p.c.) tells us that in ʔayʔaǰuθəm (Central Salish; a.k.a. Comox-Sliammon), demonstratives are not possible on globally unique astronomical bodies. An example is given in (i).	page 18, footnote
§3.5	Reed Steiner and Lisa Matthewson	language	ʔayʔaǰuθəm	Comox-Sliammon, Central Salish, the language of footnote 13's (i)
footnote 13 (i) line 1	Reed Steiner and Lisa Matthewson	note	Context: Remarking on a bright night with a full moon.	page 18, engine english
footnote 13 (i) line 2	ʔayʔaǰuθəm	transcription	hɛhəw šeyɩtmot tin̓ nanat… tihmot #tita/#tɛʔɛ/tə t̓əgəm.	page 18, engine language, reported by Marianne Huijsmans (p.c.), footnote 13
footnote 13 (i) line 3	ʔayʔaǰuθəm	segmentation	hihiw šay-it-mut tin̓ nanat... tih-mut #təy̓ta/#tiʔi/tə t̓əgəm	page 18, engine language, reported by Marianne Huijsmans (p.c.), footnote 13
footnote 13 (i) line 4	ʔayʔaǰuθəm	gloss	really bright?-STAT-INT PROX.DEM evening big-INT #DIST.DEM/#PROX.DEM/DET moon	page 18, engine english, reported by Marianne Huijsmans (p.c.), footnote 13
footnote 13 (i) line 5	Marianne Huijsmans (p.c.)	translation	‘It's a really bright night... #That/#this/the moon is big.’ (ʔayʔaǰuθəm)	page 18, engine english, the ʔayʔaǰuθəm example of footnote 13
footnote 13 (i) line 6	a ʔayʔaǰuθəm speaker consulted by Marianne Huijsmans	speaker comment	Consultant’s comment: “You don’t say tita t̓əgəm.”	page 18, engine residue, reported in footnote 13
footnote 13 (i)	ʔayʔaǰuθəm	cited form	t̓əgəm	‘moon’, in the consultant's comment of footnote 13
(22c) line 1	Reed Steiner and Lisa Matthewson	note	Demonstrative + oblique:	page 19, engine english
(22c) line 2	nɬeʔkepmxcín	transcription	# xʷúy̓ x̣zúm xéʔe tk máʕxetn tk spiʔx̣éwt	page 19, engine language
(22c) line 3	nɬeʔkepmxcín	segmentation	xʷúy̓=∅ x̣zúm xéʔe t=k=máʕxetn t=k=spiʔx̣éwt	page 19, engine language
(22c) line 4	nɬeʔkepmxcín	gloss	PROSP=3SBJ big DIST OBL=DET=moon OBL=DET=one.day.away	page 19, engine english
(22c) line 5	Reed Steiner and Lisa Matthewson	translation	Intended: ‘The moon is gonna be big tomorrow.’	page 19, engine english, cited SF | BP 5 February 2026, the authors' translation of the speaker's sentence
(22c) line 5	Reed Steiner and Lisa Matthewson	citation	(SF | BP 5 February 2026)	the tag or source at the right of the translation
§3.5	Reed Steiner and Lisa Matthewson	note	Discussion of (c) between consultant and researcher:	page 19
§3.5	Reed Steiner and Lisa Matthewson	note	BP: No. I don’t know about that one. There’s only one moon that we can see.	page 19
§3.5	Reed Steiner and Lisa Matthewson	note	RS: If there were two moons, would that be okay?	page 19
§3.5	Reed Steiner and Lisa Matthewson	note	BP: Yes, because you're talking about one [moon] specifically by the sounds of it.	page 19
(23) line 1	Reed Steiner and Lisa Matthewson	rule	a. Plain DP:	page 19, engine english
(23) line 2	Reed Steiner and Lisa Matthewson	rule	kʔéw e sk̓ʷák̓ʷest tue tmíxʷ	page 19, engine language
(23) line 3	Reed Steiner and Lisa Matthewson	rule	k<ʔ>ew=∅ e=sk̓ʷák̓ʷest tu=e=tmíxʷ	page 19, engine language
(23) line 4	Reed Steiner and Lisa Matthewson	rule	far<INCH>=3SBJ DET=sun from=DET=land	page 19, engine english
§3.5	Reed Steiner and Lisa Matthewson	note	‘The sun is far from the earth.’ (VF | BP 29 January 2026) b. Demonstrative + plain DP:	page 19
§3.5	nɬeʔkepmxcín	cited form	kʔéw	page 19
§3.5	nɬeʔkepmxcín	cited form	xéʔe	page 19
§3.5	nɬeʔkepmxcín	cited form	e=sk̓ʷák̓ʷest	page 19
§3.5	nɬeʔkepmxcín	cited form	tmíxʷ	page 19
§3.5	nɬeʔkepmxcín	cited form	k<ʔ>ew=∅	page 19
§3.5	nɬeʔkepmxcín	cited form	[e]=sk̓ʷák̓ʷest	page 19
§3.5	nɬeʔkepmxcín	cited form	tu=e=tmíxʷ	page 19
§3.5	nɬeʔkepmxcín	cited form	sk̓ʷák̓ʷest	page 19
§3.5	nɬeʔkepmxcín	cited form	tmixʷ	page 19
§3.5	Reed Steiner and Lisa Matthewson	note	? kʔéw xéʔe e=sk̓ʷák̓ʷest tue tmíxʷ k<ʔ>ew=∅ xéʔe [e]=sk̓ʷák̓ʷest tu=e=tmíxʷ far<INCH>=3SBJ DIST DET=sun from=DET=land ‘The sun is far from the earth.’ (SF | BP 16 April 2026) Consultant’s comment on (b): “That works sometimes in certain places, so maybe you were talking about some other stuff and now you want to bring back the conversation specifically to talking about the sun. So then you could say xéʔe kʔéw xéʔe e sk̓ʷák̓ʷest tue tmixʷ pe … [‘The sun is far from the earth but …’] and then you want to compare it back to something else. Like it’s for some reason that you’re being more specific.” c. Demonstrative + oblique:	page 19
§3.5	nɬeʔkepmxcín	cited form	t=k=sk̓ʷák̓ʷest	page 19
§3.5	Reed Steiner and Lisa Matthewson	note	# kʔéw xéʔe tk sk̓ʷák̓ʷest tue tmíxʷ k<ʔ>ew=∅ xéʔe t=k=sk̓ʷák̓ʷest tu=e=tmíxʷ far<INCH>=3SBJ DIST OBL=DET=sun from=DET=land ‘The sun is far from the earth.’ (SF | BP 16 April 2026) Consultant’s comment on (c): “It’s like you’re looking at somewhere there is more than one sun, like in a photo or something.”	page 19
(24) line 1	Reed Steiner and Lisa Matthewson	rule	a. Plain DP:	page 19, engine english
(24) line 2	Reed Steiner and Lisa Matthewson	rule	ném e sc̓éɬc e máʕxetn	page 19, engine residue
(24) line 3	Reed Steiner and Lisa Matthewson	rule	ném=∅ e=s=c̓éɬ-t=s e=máʕxetn	page 19, engine language
(24) line 4	Reed Steiner and Lisa Matthewson	rule	intense=3SBJ DET=NMLZ=cold-INTR=3POSS DET=moon	page 19, engine english
§3.5	Reed Steiner and Lisa Matthewson	note	‘The moon is very cold.’ (VF | BP 4 June 2026) b. Demonstrative + plain DP:	page 19
§3.5	nɬeʔkepmxcín	cited form	ném	page 20
§3.5	nɬeʔkepmxcín	cited form	sc̓éɬc	page 20
§3.5	nɬeʔkepmxcín	cited form	máʕxetn	page 20
§3.5	nɬeʔkepmxcín	cited form	ném=∅	page 20
§3.5	nɬeʔkepmxcín	cited form	e=s=c̓éɬ=s	page 20
§3.5	nɬeʔkepmxcín	cited form	e=máʕxetn	page 20
§3.5	Reed Steiner and Lisa Matthewson	note	ném e sc̓éɬc xéʔe e máʕxetn ném=∅ e=s=c̓éɬ=s xéʔe e=máʕxetn intense=3SBJ DET=MLZ=cold-INTR=3POSS DIST DET=moon ‘The moon is very cold.’ (SF | BP 4 June 2026) c. Demonstrative + oblique:	page 20
§3.5	nɬeʔkepmxcín	cited form	t=k=máʕxetn	page 20
§3.5	Reed Steiner and Lisa Matthewson	note	# ném e sc̓éɬc xéʔe tk máʕxetn ném=∅ e=s=c̓éɬ=s xéʔe t=k=máʕxetn intense=3SBJ DET=NMLZ=cold-INTR=3POSS DIST OBL=DET=moon Intended: ‘The moon is very cold.’ (SF | BP 4 June 2026) Consultant’s comment on (c): “No. cause there’s only one.” For kʷałtèzetkʷ, judgements vary between sessions. In some sessions, demonstratives with plain DPs are acceptable with unique astronomical bodies, but demonstratives with obliques are infelicitous, e.g. in (25). These judgements are consistent with immediate and larger situation unique contexts, and with BP’s judgements on globally unique entities.	page 20
(25) line 1	Reed Steiner and Lisa Matthewson	note	Context: Noticing that the moon has risen.	page 20, engine english
(25a) line 1	Reed Steiner and Lisa Matthewson	note	Plain DP:	page 20, engine english
(25a) line 2	nɬeʔkepmxcín	transcription	wéziyx ʔéyɬ e máʕxetn	page 20, engine language
(25a) line 3	nɬeʔkepmxcín	segmentation	wéz-iyx=∅ ʔéyɬ e máʕxetn	page 20, engine language
(25a) line 4	nɬeʔkepmxcín	gloss	appear-AUT=3SBJ now DET=moon	page 20, engine english
(25a) line 5	Reed Steiner and Lisa Matthewson	translation	‘The moon has risen.’	page 20, engine english, cited VF | KBG 20 April 2026, the authors' translation of the speaker's sentence
(25a) line 5	Reed Steiner and Lisa Matthewson	citation	(VF | KBG 20 April 2026)	the tag or source at the right of the translation
(25b) line 1	Reed Steiner and Lisa Matthewson	note	Demonstrative + plain DP:	page 20, engine english
(25b) line 2	nɬeʔkepmxcín	transcription	wéziyx ʔéyɬ xéʔe máʕxetn	page 20, engine language
(25b) line 3	nɬeʔkepmxcín	segmentation	wéz-iyx=∅ ʔéyɬ xéʔe [e]=máʕxetn	page 20, engine language
(25b) line 4	nɬeʔkepmxcín	gloss	appear-AUT=3SBJ now DIST DET=moon	page 20, engine english
(25b) line 5	Reed Steiner and Lisa Matthewson	translation	‘The moon has risen.’	page 20, engine english, cited SF | KBG 20 April 2026, the authors' translation of the speaker's sentence
(25b) line 5	Reed Steiner and Lisa Matthewson	citation	(SF | KBG 20 April 2026)	the tag or source at the right of the translation
(25b) line 6	kʷaɬtèzetkʷ (Bernice Garcia)	speaker comment	Consultant’s comment on (b): “Yeah, sounds like it’s been a really long month.”	page 20, engine english
(25c) line 1	Reed Steiner and Lisa Matthewson	note	Demonstrative + oblique:	page 20, engine english
(25c) line 2	nɬeʔkepmxcín	transcription	# wéziyx ʔéyɬ xéʔe tk máʕxetn	page 20, engine language
(25c) line 3	nɬeʔkepmxcín	segmentation	wéz-iyx=∅ ʔéyɬ xéʔe t=k=máʕxetn	page 20, engine language
(25c) line 4	nɬeʔkepmxcín	gloss	appear-AUT=3SBJ then DIST OBL=DET=moon	page 20, engine english
(25c) line 5	Reed Steiner and Lisa Matthewson	translation	‘The moon has risen.’	page 20, engine english, cited SF | KBG 20 April 2026, the authors' translation of the speaker's sentence
(25c) line 5	Reed Steiner and Lisa Matthewson	citation	(SF | KBG 20 April 2026)	the tag or source at the right of the translation
(25c) line 6	kʷaɬtèzetkʷ (Bernice Garcia)	speaker comment	Consultant’s comment on (c): “Sounds like there’s more than one moon.”	page 20, engine english
§3.5	Reed Steiner and Lisa Matthewson	note	In other contexts, kʷałtèzetkʷ rejects demonstratives outright on astronomical bodies, both with plain DPs like (26b) and (27b), and with obliques like (26c) and (27c). kʷałtèzetkʷ comments on (26b) and (26c) that the demonstratives are infelicitous because there is only one moon, but comments on (27c) that her judgements on the matter may vary.	page 20
(26) line 1	Reed Steiner and Lisa Matthewson	note	Context: You notice that the moon is full and point it out to your friend, who isn't looking at the sky.	page 21, engine english
(26a) line 1	Reed Steiner and Lisa Matthewson	note	Plain DP:	page 21, engine english
(26a) line 2	nɬeʔkepmxcín	transcription	q̓ʷác̓t nukʷ e máʔx̣etn	page 21, engine language
(26a) line 3	nɬeʔkepmxcín	segmentation	q̓ʷác̓-t=∅=nukʷ e=máʔx̣etn	page 21, engine language
(26a) line 4	nɬeʔkepmxcín	gloss	full-INTR=3SBJ=SENSE DET=moon	page 21, engine english
(26a) line 5	Reed Steiner and Lisa Matthewson	translation	‘The moon is full.’	page 21, engine english, cited SF | KBG 15 June 2026, the authors' translation of the speaker's sentence
(26a) line 5	Reed Steiner and Lisa Matthewson	citation	(SF | KBG 15 June 2026)	the tag or source at the right of the translation
(26b) line 1	Reed Steiner and Lisa Matthewson	note	Demonstrative + plain DP:	page 21, engine english
(26b) line 2	nɬeʔkepmxcín	transcription	# q̓ʷác̓it nukʷ xéʔe máʔx̣etn	page 21, engine language
(26b) line 3	nɬeʔkepmxcín	segmentation	q̓ʷác̓-[i]t=∅=nukʷ xéʔe [e]=máʔx̣etn	page 21, engine language
(26b) line 4	nɬeʔkepmxcín	gloss	full-INTR=3SBJ=SENSE DIST DET=moon	page 21, engine english
(26b) line 5	Reed Steiner and Lisa Matthewson	translation	Intended: ‘The moon is full.’	page 21, engine english, cited SF | KBG 15 June 2026, the authors' translation of the speaker's sentence
(26b) line 5	Reed Steiner and Lisa Matthewson	citation	(SF | KBG 15 June 2026)	the tag or source at the right of the translation
(26b) line 6	kʷaɬtèzetkʷ (Bernice Garcia)	speaker comment	Consultant’s comment on (b): “No, there’s only one moon.”	page 21, engine english
(26c) line 1	Reed Steiner and Lisa Matthewson	note	Demonstrative + oblique:	page 21, engine english
(26c) line 2	nɬeʔkepmxcín	transcription	# q̓ʷác̓it nukʷ xéʔe tk máʔx̣etn	page 21, engine language
(26c) line 3	nɬeʔkepmxcín	segmentation	q̓ʷác̓-[i]t=∅=nukʷ xéʔe t=k=máʔx̣etn	page 21, engine language
(26c) line 4	nɬeʔkepmxcín	gloss	full-INTR=3SBJ=SENSE DIST OBL=DET=moon	page 21, engine english
(26c) line 5	Reed Steiner and Lisa Matthewson	translation	Intended: ‘The moon is full.’	page 21, engine english, cited SF | KBG 15 June 2026, the authors' translation of the speaker's sentence
(26c) line 5	Reed Steiner and Lisa Matthewson	citation	(SF | KBG 15 June 2026)	the tag or source at the right of the translation
(26c) line 6	kʷaɬtèzetkʷ (Bernice Garcia)	speaker comment	Consultant’s comment on (c): “Nope, still one moon.”	page 21, engine english
(27) line 1	Reed Steiner and Lisa Matthewson	note	Context: You hear on the weather channel that the moon is gonna be full tomorrow.	page 21, engine english
(27a) line 1	Reed Steiner and Lisa Matthewson	note	Plain DP:	page 21, engine english
(27a) line 2	nɬeʔkepmxcín	transcription	ʔéx cúʔit ném ekʷu q̓ʷác̓it e máʔx̣etn	page 21, engine language
(27a) line 3	nɬeʔkepmxcín	segmentation	ʔéx=∅ cú<y̓>-t ném=∅=ekʷu q̓ʷác̓-[i]t=∅ e=máʔx̣etn	page 21, engine language
(27a) line 4	nɬeʔkepmxcín	gloss	IPFV=3SBJ say<PL>-INTR intense=3SBJ=RPRT full-INTR=3SBJ DET=moon	page 21, engine english
(27a) line 5	nɬeʔkepmxcín	transcription	cʔéyɬ	page 21, engine language
(27a) line 6	nɬeʔkepmxcín	segmentation	c-ʔéyɬ	page 21, engine language
(27a) line 7	nɬeʔkepmxcín	gloss	EMPH-now	page 21, engine english
(27a) line 8	Reed Steiner and Lisa Matthewson	translation	‘They are saying that moon will be really full now.'	page 21, engine english, cited VF | KBG 15 June 2026, the authors' translation of the speaker's sentence
(27a) line 8	Reed Steiner and Lisa Matthewson	citation	(VF | KBG 15 June 2026)	the tag or source at the right of the translation
(27b) line 1	Reed Steiner and Lisa Matthewson	note	Demonstrative + plain DP:	page 21, engine english
(27b) line 2	nɬeʔkepmxcín	transcription	# ʔéx cúʔit ném ekʷu q̓ʷác̓it xéʔe	page 21, engine language
(27b) line 3	nɬeʔkepmxcín	segmentation	ʔéx=∅ cú<y̓>-t ném=∅=ekʷu q̓ʷác̓-[i]t=∅ xéʔe	page 21, engine language
(27b) line 4	nɬeʔkepmxcín	gloss	IPFV=3SBJ say<PL>-INTR intense=3SBJ=RPRT full-INTR=3SBJ DIST	page 21, engine english
(27b) line 5	nɬeʔkepmxcín	transcription	máʔx̣etn cʔéyɬ	page 21, engine language
(27b) line 6	nɬeʔkepmxcín	segmentation	[e]=máʔx̣etn c-ʔéyɬ	page 21, engine language
(27b) line 7	nɬeʔkepmxcín	gloss	DET=moon EMPH-now	page 21, engine english
(27b) line 8	Reed Steiner and Lisa Matthewson	translation	Intended: ‘They are saying that moon will be really full now.'	page 21, engine english, cited SF | KBG 15 Jun 2026, the authors' translation of the speaker's sentence
(27b) line 8	Reed Steiner and Lisa Matthewson	citation	(SF | KBG 15 Jun 2026)	the tag or source at the right of the translation
(27b) line 9	kʷaɬtèzetkʷ (Bernice Garcia)	speaker comment	Consultant's comment on (b): “Nope, I don't like that xéʔe in there.”	page 21, engine english
(27b)	nɬeʔkepmxcín	cited form	xéʔe	in the speaker comment, page 21
(27c) line 1	Reed Steiner and Lisa Matthewson	note	Demonstrative + oblique:	page 22, engine english
(27c) line 2	nɬeʔkepmxcín	transcription	# ʔéx cúʔit ném ekʷu q̓ʷác̓it	page 22, engine language
(27c) line 3	nɬeʔkepmxcín	segmentation	ʔéx=∅ cú<y̓>-t ném=∅=ekʷu q̓ʷác̓-[i]t=∅	page 22, engine language
(27c) line 4	nɬeʔkepmxcín	gloss	IPFV=3SBJ say<PL>-INTR intense=3SBJ=RPRT full-INTR=3SBJ	page 22, engine english
(27c) line 5	nɬeʔkepmxcín	transcription	xéʔe tk maʔx̣etn cʔéyɬ	page 22, engine language
(27c) line 6	nɬeʔkepmxcín	segmentation	xéʔe t=k=maʔx̣etn cʔéyɬ	page 22, engine language
(27c) line 7	nɬeʔkepmxcín	gloss	DIST OBL=DET=moon now	page 22, engine english
(27c) line 8	Reed Steiner and Lisa Matthewson	translation	Intended: They are saying that moon will be really full now.'	page 22, engine english, cited SF | KBG 15 Jun 2026, the authors' translation of the speaker's sentence
(27c) line 8	Reed Steiner and Lisa Matthewson	citation	(SF | KBG 15 Jun 2026)	the tag or source at the right of the translation
(27c) line 9	kʷaɬtèzetkʷ (Bernice Garcia)	speaker comment	Consultant’s comment on (c): “Still, I don't like that xéʔe – today, anyhow, I don’t like it. Tomorrow I might change.”	page 22, engine english
(27c)	nɬeʔkepmxcín	cited form	xéʔe	in the speaker comment, page 22
§3.5	Reed Steiner and Lisa Matthewson	name	kʷałtèzetkʷ's	Bernice Garcia's traditional name in the possessive, straight apostrophe
§3.5	Reed Steiner and Lisa Matthewson	note	kʷałtèzetkʷ's variation can be explained pragmatically. If demonstratives signify uniqueness, and astronomical bodies are globally unique, then demonstratives are redundant and uncommunicative in most contexts. This explains why demonstratives are rejected in (26b) and (27b). However, because this is a pragmatic effect, demonstratives do not contradict the description given by the DP, which explains why she sometimes accepts them in (25b), and why she acknowledges her own variation in comments on (27c).	page 22
§3.5	Reed Steiner and Lisa Matthewson	name	Šimík	Radek Šimík, cited on demonstratives
§3.5	Reed Steiner and Lisa Matthewson	note	Note also KBG’s comment about ‘a long month’ in (25b). This suggests a possible emotive/affective use of the demonstrative, since the month is not actually longer; it just feels like it. Affective uses are known to alleviate anti-uniqueness effects in English and other languages (see for example Wolter 2006 , Simonenko & Carlier 2022 , Renans et al. 2025 ). 14 Importantly, kʷałtèzetkʷ does not accept the demonstrative with the oblique in (25c), in the same context. This suggests that the anti-uniqueness effect of the oblique is strong enough to resist even affective contexts, and it reveals that even for KBG there is a contrast between demonstratives with plain DPs and with obliques.15 The generalization, then, is that demonstratives with plain DPs are not strictly unacceptable with globally unique individuals, although they may be rejected for pragmatic reasons. 14 On affective uses of demonstratives, see also Lakoff (1974), Davis & Potts (2010), Potts & Schwarz (2010), Šimík (2016), among others.	page 22
footnote 15	Reed Steiner and Lisa Matthewson	note	15 Another example of a potential affective effect is shown in (i). The consultant may be referencing a mental distancing impact of the demonstrative.	page 22, footnote
footnote 15 (i) line 1	Reed Steiner and Lisa Matthewson	note	Context: Noticing that the moon is new.	page 22, engine english
footnote 15 (i) line 2	nɬeʔkepmxcín	transcription	a. cíyci e máʕxetn cʔéyɬ	page 22, engine language
footnote 15 (i) line 3	nɬeʔkepmxcín	segmentation	cíyci=∅ e=máʕxetn c-ʔéyɬ	page 22, engine language
footnote 15 (i) line 4	nɬeʔkepmxcín	gloss	new=3SBJ DET=moon EMPH-now	page 22, engine english
footnote 15 (i) line 5	Reed Steiner and Lisa Matthewson	translation	‘The moon is new tonight.’	page 22, engine english, cited VF | KBG 15 June 2026, the authors' translation of the speaker's sentence
footnote 15 (i) line 5	Reed Steiner and Lisa Matthewson	citation	(VF | KBG 15 June 2026)	the tag or source at the right of the translation
footnote 15 (i) line 6	nɬeʔkepmxcín	transcription	b. # cíyci xéʔe e máʕxetn cʔéyɬ	page 22, engine language
footnote 15 (i) line 7	nɬeʔkepmxcín	segmentation	cíyci=∅ xéʔe e=máʕxetn c-ʔéyɬ	page 22, engine language
footnote 15 (i) line 8	nɬeʔkepmxcín	gloss	new=3SBJ DIST DET=moon EMPH-now	page 22, engine english
footnote 15 (i) line 9	Reed Steiner and Lisa Matthewson	translation	‘The moon is new tonight.’	page 22, engine english
footnote 15 (i) line 10	kʷaɬtèzetkʷ (Bernice Garcia)	speaker comment	Consultant’s comment on (b): “No. I don’t like that xéʔe in there. For me it makes it impersonal or something.” (VF | KBG 15 June 2026)	page 22, engine english
footnote 15 (i)	nɬeʔkepmxcín	cited form	xéʔe	in the speaker comment, page 22
§3.5	Reed Steiner and Lisa Matthewson	note	Demonstratives with obliques, however, are always incompatible with globally unique individuals because they require anti-uniqueness.	page 23
§3.6	Reed Steiner and Lisa Matthewson	heading	3.6 Part-whole bridging	page 23
§3.6	Reed Steiner and Lisa Matthewson	note	In part-whole bridging contexts, a definite description is used for some unique sub-part (the ‘part’) of a unique individual that was already introduced in the context (the ‘whole’). Even if the part has not yet been mentioned, it can still be uniquely identified through its relationship to the whole. The part does not have to be familiar, but it does have to be unique.	page 23
§3.6	Reed Steiner and Lisa Matthewson	note	In languages with a definiteness contrast, definites are required for part-whole bridging, and indefinites are infelicitous. Morphemes that induce anti-uniqueness are also infelicitous. This is shown for English in (28).	page 23
§3.6	Reed Steiner and Lisa Matthewson	note	(28) The house was so old that the/#a/#that roof was full of holes.	page 23
§3.6	Reed Steiner and Lisa Matthewson	language	nɬeʔkepmxcín	the language of this paper, a.k.a. Thompson River Salish, Northern Interior Salish, ISO 639-3 thp
§3.6	Reed Steiner and Lisa Matthewson	note	Schwarz (2009) predicts that weak/uniqueness definites are licensed by part-whole bridging, while strong/familiarity definites are not. According to Ahn & Zhu (2025:435), demonstratives are generally assumed to be incompatible with bridging; however, they show that Mandarin demonstratives are compatible with part-whole bridging.16 If the nɬeʔkepmxcín demonstratives are uniqueness definites as in our proposal, we predict that they will be compatible with part-whole bridging.	page 23
§3.6	Reed Steiner and Lisa Matthewson	note	Our investigation reveals that nɬeʔkepmxcín demonstratives are possible with part-whole bridging, as predicted. Data are provided in (29)-(31). As with previous data, demonstratives with obliques are rejected with unique referents.17	page 23
(29) line 1	Reed Steiner and Lisa Matthewson	note	Context: You are telling someone what you found when you were walking and stumbled across an old house.	page 23, engine english
(29a) line 1	Reed Steiner and Lisa Matthewson	note	Plain DP:	page 23, engine english
(29a) line 2	nɬeʔkepmxcín	transcription	te qeɬmíns e cítxʷ ʔesx̣ə́tx̣təq	page 23, engine language
(29a) line 3	nɬeʔkepmxcín	segmentation	t=e=[s]=qeɬmín=s e=cítxʷ ʔes-x̣ə́t~x̣təq=∅	page 23, engine language
(29a) line 4	nɬeʔkepmxcín	gloss	OBL=DET=NMLZ=old=3POSS DET=house STAT-AUG~have.holes=3SBJ	page 23, engine english
footnote 16	Reed Steiner and Lisa Matthewson	note	16 Wolter (2006:76) observes that in English, demonstratives are only licensed in bridging contexts when they are contrastively focused. In bridging contexts, a definite determiner is licensed and when all else is equal, the definite is preferred. In contrastive contexts, demonstratives are licit as there is uniqueness within a smaller situation. See related discussion in section 4.	page 23, footnote
footnote 17	Reed Steiner and Lisa Matthewson	note	17 Readers may notice that in (29), the roof-phrase has possessive marking, and in subsequent testing with the same consultant it was revealed that the possessive cannot felicitously be removed. Cross-linguistically, it is not uncommon for possessed DPs to be preferred or even required in part-whole bridging environments; see for example Grubic 2015:125;164) on Ngamo (West Chadic) and Royer (2024:72) on Chuj (Mayan). We include these data here because third-person possessive pronouns in Salish do not introduce their own uniqueness, or definiteness of any sort; cf. (i).	page 23, footnote
footnote 17 (i) line 1	Reed Steiner and Lisa Matthewson	note	Context: She has more than one chair.	page 23, engine english
footnote 17 (i) line 2	nɬeʔkepmxcín	transcription	p̓én̓ts e ɬqʷáptns tuɬ e snúk̓ʷeʔs	page 23, engine language
footnote 17 (i) line 3	nɬeʔkepmxcín	segmentation	p̓én̓t-s-[t]-∅-[s] e=ɬqʷ-áp-tn-s tu=ɬe=snúk̓ʷeʔ-s	page 23, engine language
footnote 17 (i) line 4	nɬeʔkepmxcín	gloss	return-CAUS-TR-3OBJ-3ERG DET=sit.down-bottom-INS-3POSS from-DET.REM=friend-3POSS	page 23, engine english
footnote 17 (i) line 5	Reed Steiner and Lisa Matthewson	translation	‘She took her chair to her friend’s house.’	page 23, engine english, cited VF | KBG 15 June 2026, the authors' translation of the speaker's sentence
footnote 17 (i) line 5	Reed Steiner and Lisa Matthewson	citation	(VF | KBG 15 June 2026)	the tag or source at the right of the translation
(29a) line 5	nɬeʔkepmxcín	transcription	e sq̓áy̓ɬxʷs	page 24, engine language
(29a) line 6	nɬeʔkepmxcín	segmentation	e=s-q̓ay̓-ɬxʷ-ss	page 24, engine language
(29a) line 7	nɬeʔkepmxcín	gloss	DET=NMLZ-shelter-house-3POSS	page 24, engine english
(29a) line 8	Reed Steiner and Lisa Matthewson	translation	‘Because the house is old, the roof has holes.’	page 24, engine english, cited VF | BP 23 April 2026, the authors' translation of the speaker's sentence
(29a) line 8	Reed Steiner and Lisa Matthewson	citation	(VF | BP 23 April 2026)	the tag or source at the right of the translation
(29b) line 1	Reed Steiner and Lisa Matthewson	note	Demonstrative + plain DP:	page 24, engine english
(29b) line 2	nɬeʔkepmxcín	transcription	te qeɬmíns e cítxʷ ʔesx̣ə́tx̣təq xéʔe	page 24, engine language
(29b) line 3	nɬeʔkepmxcín	segmentation	t=e=[s]=qeɬmín=s e=cítxʷ ʔes-x̣ə́t~x̣təq=∅ xéʔe	page 24, engine language
(29b) line 4	nɬeʔkepmxcín	gloss	OBL=DET=NMLZ=old=3POSS DET=house STAT-AUG~have.holes=3SBJ DIST	page 24, engine english
(29b) line 5	nɬeʔkepmxcín	transcription	e sq̓áy̓ɬxʷs	page 24, engine language
(29b) line 6	nɬeʔkepmxcín	segmentation	e=s-q̓ay̓-ɬxʷ-s	page 24, engine language
(29b) line 7	nɬeʔkepmxcín	gloss	DET=NMLZ-shelter-house-3POSS	page 24, engine english
(29b) line 8	Reed Steiner and Lisa Matthewson	translation	‘Because the house is old, the roof has holes.’	page 24, engine english, cited SF | BP 23 April 2026, the authors' translation of the speaker's sentence
(29b) line 8	Reed Steiner and Lisa Matthewson	citation	(SF | BP 23 April 2026)	the tag or source at the right of the translation
(29c) line 1	Reed Steiner and Lisa Matthewson	note	Demonstrative + oblique:	page 24, engine english
(29c) line 2	nɬeʔkepmxcín	transcription	# te qeɬmíns e cítxʷ ʔesx̣ə́tx̣t́q xéʔe	page 24, engine language
(29c) line 3	nɬeʔkepmxcín	segmentation	t=e=[s]=qeɬmín=s e=cítxʷ ʔes-x̣ə́t~x̣təq=∅ xéʔe	page 24, engine language
(29c) line 4	nɬeʔkepmxcín	gloss	OBL=DET=NMLZ=old=3POSS DET=house STAT-AUG~have.holes=3SBJ DIST	page 24, engine english
(29c) line 5	nɬeʔkepmxcín	transcription	tk sq̓áy̓ɬxʷs	page 24, engine language
(29c) line 6	nɬeʔkepmxcín	segmentation	t=k=s-q̓ay̓-ɬxʷ-s	page 24, engine language
(29c) line 7	nɬeʔkepmxcín	gloss	OBL=DET=NMLZ-shelter-house-3POSS	page 24, engine english
(29c) line 8	Reed Steiner and Lisa Matthewson	translation	Intended: ‘Because the house is old, that roof has holes.’	page 24, engine english, cited SF | BP 23 April 2026, the authors' translation of the speaker's sentence
(29c) line 8	Reed Steiner and Lisa Matthewson	citation	(SF | BP 23 April 2026)	the tag or source at the right of the translation
(29c) line 9	Bev Phillips	speaker comment	Consultant’s comment on (c): “No ‘cause it makes it sound like it has two roofs and you’re talking about one part of it.”	page 24, engine english
§3.6	Reed Steiner and Lisa Matthewson	note	In (30), the consultant does not prefer the use of the demonstrative in the part-whole bridging context. This makes sense, since as we observed above, plain DPs are almost always what is volunteered for all the definiteness diagnostics. Nonetheless, there is a clear contrast between (30b), where the demonstrative combines with a plain DP, and (30c), where the consultant firmly rejects it due to the anti-uniqueness of the oblique construction.	page 24
(30) line 1	Reed Steiner and Lisa Matthewson	note	Context: I am telling you about my son.	page 24, engine english
(30a) line 1	Reed Steiner and Lisa Matthewson	note	Plain DP:	page 24, engine english
(30a) line 2	nɬeʔkepmxcín	transcription	síx̣iyx nskʷúzeʔ we cíyci te cítxʷ	page 24, engine residue
(30a) line 3	nɬeʔkepmxcín	segmentation	síx̣-iyx=∅ n-s-kʷúzeʔ w=e=cíyci t=e=cítxʷ	page 24, engine language
(30a) line 4	nɬeʔkepmxcín	gloss	move-AUT=3SBJ 1SG.POSS-NMLZ-child to=DET=new OBL=DET=house	page 24, engine english
(30a) line 5	nɬeʔkepmxcín	transcription	ɬ spiʔx̣éwt us ḿaʕ̓t n cíʔe nq̓ʷyénktn	page 25, engine language
(30a) line 6	nɬeʔkepmxcín	segmentation	ɬ=spiʔx̣éwt=us máʕ̓-t n=cíʔe [e]=n-q̓ʷiy-énk-tn	page 25, engine language
(30a) line 7	nɬeʔkepmxcín	gloss	COMP=one.day.away=3SBJV broken-INTR at=there DET=LOC-cook-belly-INS	page 25, engine english
(30a) line 8	Reed Steiner and Lisa Matthewson	translation	‘My son moved into a new house yesterday. The oven is broken.’	page 25, engine english, cited VF | BP 23 April 2026, the authors' translation of the speaker's sentence
(30a) line 9	Reed Steiner and Lisa Matthewson	citation	(VF | BP 23 April 2026)	page 25, engine english
(30b) line 1	Reed Steiner and Lisa Matthewson	note	Demonstrative + plain DP:	page 25, engine english
(30b) line 2	nɬeʔkepmxcín	transcription	? síx̣iyx nskʷúzeʔ we cíyci te cítxʷ	page 25, engine language
(30b) line 3	nɬeʔkepmxcín	segmentation	síx̣-iyx n-s-kʷúzeʔ w=e=cíyci t=e=cítxʷ	page 25, engine language
(30b) line 4	nɬeʔkepmxcín	gloss	move-AUT 1SG.POSS-NMLZ-child to=DET=new OBL=DET=house	page 25, engine english
(30b) line 5	nɬeʔkepmxcín	transcription	ɬ spiʔx̣éwt us máʕ̓t n cíʔe xeʔe nq̓ʷyénktn	page 25, engine language
(30b) line 6	nɬeʔkepmxcín	segmentation	ɬ=spiʔx̣éwt=us máʕ̓-t n=cíʔe xéʔe [e]=n-q̓ʷiy-énk-tn	page 25, engine language
(30b) line 7	nɬeʔkepmxcín	gloss	COMP=one.day.away=3SBJV broken-INTR at=there DIST DET=LOC-cook-belly-INS	page 25, engine english
(30b) line 8	Reed Steiner and Lisa Matthewson	translation	‘My son moved into a new house yesterday. The oven is broken.’	page 25, engine english, cited SF | BP 23 April 2026, the authors' translation of the speaker's sentence
(30b) line 9	Reed Steiner and Lisa Matthewson	citation	(SF | BP 23 April 2026)	page 25, engine english
(30b) line 10	Bev Phillips	speaker comment	Consultant’s comment on (b): “I guess you could say that yes. Maybe? I don’t know about those xéʔes.”	page 25, engine english
(30c) line 1	Reed Steiner and Lisa Matthewson	note	Demonstrative + oblique:	page 25, engine english
(30c) line 2	nɬeʔkepmxcín	transcription	# síx̣iyx nskʷúzeʔ we cíyci te cítxʷ	page 25, engine language
(30c) line 3	nɬeʔkepmxcín	segmentation	síx̣-iyx n-skʷúzeʔ w=e=cíyci t=e=cítxʷ	page 25, engine language
(30c) line 4	nɬeʔkepmxcín	gloss	move-AUT 1SG.POSS-NMLZ-child to=DET=new OBL=DET=house	page 25, engine english
(30c) line 5	nɬeʔkepmxcín	transcription	ɬ spiʔx̣éwt us máʕ̓t n cíʔe xéʔe	page 25, engine language
(30c) line 6	nɬeʔkepmxcín	segmentation	ɬ=spiʔx̣éwt=us máʕ̓-t n-cíʔe xéʔe	page 25, engine language
(30c) line 7	nɬeʔkepmxcín	gloss	COMP=one.day.away=3SBJV broken-INTR at=there DIST	page 25, engine english
(30c) line 8	nɬeʔkepmxcín	transcription	tk nq̓ʷiyénktn	page 25, engine language
(30c) line 9	nɬeʔkepmxcín	segmentation	t=k=n-q̓ʷiy-énk-tn	page 25, engine language
(30c) line 10	nɬeʔkepmxcín	gloss	DET=LOC-cooked-belly-INS	page 25, engine english
(30c) line 11	Reed Steiner and Lisa Matthewson	translation	‘My son moved into a new house yesterday. That oven is broken.’	page 25, engine english, cited SF | BP 23 April 2026, the authors' translation of the speaker's sentence
(30c) line 12	Reed Steiner and Lisa Matthewson	citation	(SF | BP 23 April 2026)	page 25, engine english
(30c) line 13	Bev Phillips	speaker comment	Consultant’s comment on (c): “No it sounds like you have two and you’re saying one is broken.”	page 25, engine english
(31) line 1	Reed Steiner and Lisa Matthewson	note	Context: You're at a friend’s house. They have a kind of basket you'd expect to have a lid, but the lid is missing. Your friend sees you looking at it.	page 26, engine english
(31a) line 1	Reed Steiner and Lisa Matthewson	note	Plain DP:	page 26, the heading of (31a), carries footnote 18, written here without its digit
(31a) line 2	nɬeʔkepmxcín	transcription	q̓ʷuxʷtés xéʔe nskíxzeʔ pe	page 26, engine language
(31a) line 3	nɬeʔkepmxcín	segmentation	q̓ʷuxʷ-t-∅-és xéʔe n-skíxzeʔ pe	page 26, engine language
(31a) line 4	nɬeʔkepmxcín	gloss	weave-TR-3OBJ-3ERG=3SBJ DIST 1SG.POSS-mother but	page 26, engine english
(31a) line 5	nɬeʔkepmxcín	transcription	pipxítne te púyqetns	page 26, engine residue
(31a) line 6	nɬeʔkepmxcín	segmentation	pi-p-xí-t-∅-ne=∅ t=e=púy-q[i]n-tn-s	page 26, engine language
(31a) line 7	nɬeʔkepmxcín	gloss	lose-INCH-RDR-TR-3OBJ-1SG.ERG=3SBJ OBL=DET=invert-head-INS-3POSS	page 26, engine english
(31a) line 8	Reed Steiner and Lisa Matthewson	translation	‘My mother made that, but I lost the lid.’	page 26, engine english, cited VF | BP 28 May 2026, the authors' translation of the speaker's sentence
(31a) line 8	Reed Steiner and Lisa Matthewson	citation	(VF | BP 28 May 2026)	the tag or source at the right of the translation
(31b) line 1	Reed Steiner and Lisa Matthewson	note	Demonstrative + plain DP:	page 26, engine english
(31b) line 2	nɬeʔkepmxcín	transcription	q̓ʷuxʷtés xéʔe nskíxzeʔ pe	page 26, engine language
(31b) line 3	nɬeʔkepmxcín	segmentation	q̓ʷuxʷ-t-∅-és xéʔe n-skíxzeʔ pe	page 26, engine language
(31b) line 4	nɬeʔkepmxcín	gloss	weave-TR-3OBJ-3ERG=3SBJ DIST 1SG.POSS-mother but	page 26, engine english
(31b) line 5	nɬeʔkepmxcín	transcription	pipxítne xéʔe púyqetns	page 26, engine language
(31b) line 6	nɬeʔkepmxcín	segmentation	pi-p-xí-t-∅-ne=∅ xéʔe [e]=púy-q[i]n-tn-s	page 26, engine language
(31b) line 7	nɬeʔkepmxcín	gloss	lose-INCH-RDR-TR-3OBJ-1SG.ERG=3SBJ DIST DET=invert-head-INS-3POSS	page 26, engine english
(31b) line 8	Reed Steiner and Lisa Matthewson	translation	‘My mother made that, but I lost the lid.’	page 26, engine english, cited SF | BP 28 May 2026, the authors' translation of the speaker's sentence
(31b) line 8	Reed Steiner and Lisa Matthewson	citation	(SF | BP 28 May 2026)	the tag or source at the right of the translation
(31c) line 1	Reed Steiner and Lisa Matthewson	note	Demonstrative + oblique:	page 26, engine english
(31c) line 2	nɬeʔkepmxcín	transcription	# q̓ʷuxʷtés xéʔe nskíxzeʔ pe	page 26, engine language
(31c) line 3	nɬeʔkepmxcín	segmentation	q̓ʷuxʷ-t-∅-és xéʔe n-skíxzeʔ pe	page 26, engine language
(31c) line 4	nɬeʔkepmxcín	gloss	weave-TR-3OBJ-3ERG=3SBJ DIST 1SG.POSS-mother but	page 26, engine english
(31c) line 5	nɬeʔkepmxcín	segmentation	pipxítne xéʔe tk=púyqetns	page 26, engine language
(31c) line 6	nɬeʔkepmxcín	segmentation	pi-p-xí-t-∅-ne=∅ xéʔe t=k=púy-q[i]n-tn-s	page 26, engine language
(31c) line 7	nɬeʔkepmxcín	gloss	lose-INCH-RDR-TR-3OBJ-1SG.ERG=3SBJ DIST OBL=DET=invert-head-INS-3POSS	page 26, engine english
(31c) line 8	Reed Steiner and Lisa Matthewson	translation	Intended: ‘My mother made that, but I lost that lid.’	page 26, engine english, cited SF | BP 28 May 2026, the authors' translation of the speaker's sentence
(31c) line 8	Reed Steiner and Lisa Matthewson	citation	(SF | BP 28 May 2026)	the tag or source at the right of the translation
§3.6	Reed Steiner and Lisa Matthewson	name	kʷałtèzetkʷ	Bernice Garcia's traditional name, KBG in the tags, written with ł
§3.6	Reed Steiner and Lisa Matthewson	note	We only have minimal data from kʷałtèzetkʷ on part-whole bridging. Example (32) is a case where she accepted the demonstrative both with a plain DP and an oblique.	page 26
footnote 18	Reed Steiner and Lisa Matthewson	note	18 The object of the transitive predicate pipxítne ‘I lose (s.t.) of theirs’ is not the patient of the losing event (i.e. the thing that was lost) but its possessor (Thompson & Thompson 1996:239). The patient is instead optionally expressed as an oblique argument, marked with an oblique proclitic which is predictably absent before a demonstrative.	page 26, footnote
§3.6	nɬeʔkepmxcín	cited form	pipxítne	page 26, ‘I lose (s.t.) of theirs’
(32) line 1	Reed Steiner and Lisa Matthewson	note	Context: You are telling me ‘My younger brother butchered a deer yesterday …’19	page 27, engine english
(32a) line 1	nɬeʔkepmxcín	transcription	ʔéx néxcms te sxʷékʷəkʷs	page 27, engine language
(32a) line 2	nɬeʔkepmxcín	segmentation	ʔéx=∅ néx-t-s[e]m-[e]s t=e=s-xʷékʷ~əkʷ-s	page 27, engine language
(32a) line 3	nɬeʔkepmxcín	gloss	IPFV=3SBJ give-TR-1SG.OBJ-3ERG OBL=DET=NMLZ-heart~COS-3POSS	page 27, engine english
(32a) line 4	Reed Steiner and Lisa Matthewson	translation	‘He gave me the heart.’	page 27, engine english, cited VF | KBG 15 June 2026, the authors' translation of the speaker's sentence
(32a) line 4	Reed Steiner and Lisa Matthewson	citation	(VF | KBG 15 June 2026)	the tag or source at the right of the translation
(32b) line 1	nɬeʔkepmxcín	transcription	ʔéx néxcms xéʔe sxʷekʷəkʷs	page 27, engine language
(32b) line 2	nɬeʔkepmxcín	segmentation	ʔéx=∅ néx-t-s[e]m-[e]s xéʔe [e]=s-xʷékʷ~əkʷ-s	page 27, engine language
(32b) line 3	nɬeʔkepmxcín	gloss	IPFV=3SBJ give-TR-1SG.OBJ-3ERG DIST DET=NMLZ-heart~COS-3POSS	page 27, engine english
(32b) line 4	Reed Steiner and Lisa Matthewson	translation	‘He gave me the heart.’	page 27, engine english, cited SF | KBG 15 June 2026, the authors' translation of the speaker's sentence
(32b) line 4	Reed Steiner and Lisa Matthewson	citation	(SF | KBG 15 June 2026)	the tag or source at the right of the translation
(32c) line 1	nɬeʔkepmxcín	transcription	ʔéx néxcms xéʔe tk sxʷékʷəkʷs	page 27, engine language
(32c) line 2	nɬeʔkepmxcín	segmentation	ʔéx=∅ néx-t-s[e]m-[e]s xéʔe t=k=s-xʷékʷ~əkʷ-s	page 27, engine language
(32c) line 3	nɬeʔkepmxcín	gloss	IPFV=3SBJ give-TR-1SG.OBJ-3ERG DIST OBL=DET=NMLZ-heart~COS-3POSS	page 27, engine english
(32c) line 4	Reed Steiner and Lisa Matthewson	translation	‘He gave me that heart.’	page 27, engine english, cited SF | KBG 15 June 2026, the authors' translation of the speaker's sentence
(32c) line 4	Reed Steiner and Lisa Matthewson	citation	(SF | KBG 15 June 2026)	the tag or source at the right of the translation
§3.6	Reed Steiner and Lisa Matthewson	name	kʷałtèzetkʷ’s	Bernice Garcia's traditional name in the possessive
§3.6	Reed Steiner and Lisa Matthewson	note	More testing is needed to determine the full generalizations about kʷałtèzetkʷ’s judgements on part-whole bridging.	page 27
§3.6	Reed Steiner and Lisa Matthewson	note	For BP, the felicity of demonstratives in part-whole bridging is consistent with weak-definite uniqueness. The infelicity of demonstratives with obliques is consistent with the anti-uniqueness hypothesis.	page 27
§3.7	Reed Steiner and Lisa Matthewson	heading	3.7 Relational anaphora bridging	page 27
§3.7	Reed Steiner and Lisa Matthewson	language	nɬeʔkepmxcín	the language of this paper, a.k.a. Thompson River Salish, Northern Interior Salish, ISO 639-3 thp
§3.7	Reed Steiner and Lisa Matthewson	note	The final definiteness diagnostic we tested involves relational anaphora bridging. Typically, relational anaphora bridging requires a relational noun (such as author); see Schwarz (2009:129- 131). nɬeʔkepmxcín doesn’t have many relational nouns, so this type of bridging is a little challenging to test, but we have included some borrowings from English, as well as headless relative clauses, which are how English relational nouns are often paraphrased.	page 27
§3.7	Reed Steiner and Lisa Matthewson	note	According to Schwarz (2009), relational anaphora bridging shows up with a strong (familiar) definite article in languages that have a strong/weak definite distinction. Since nɬeʔkepmxcín, by hypothesis, lacks a dedicated familiar element, the prediction of our proposal is that in relational anaphora bridging contexts, nɬeʔkepmxcín will allow either a plain DP or a demonstrative with a plain DP. However, a demonstrative with an oblique should be unacceptable, since this type of phrase imposes anti-uniqueness.	page 27
§3.7	Reed Steiner and Lisa Matthewson	note	These predictions are upheld for BP, as illustrated in (33). The demonstrative with the oblique is the only unacceptable form.	page 27
footnote 19	Reed Steiner and Lisa Matthewson	note	19 Again we find that possessive marking is required for part-whole bridging. The consultant’s comments on the sentences in (32) if the possessive is removed are: (32a) “No, it’s not finished.” (32b) e sxʷékʷəkʷs, the deer’s heart, referring to that.” (32c): “But if it’s just sxʷékʷəkʷ it doesn’t sound right.”	page 27, footnote
§3.7	nɬeʔkepmxcín	cited form	sxʷékʷəkʷs	page 27
§3.7	nɬeʔkepmxcín	cited form	sxʷékʷəkʷ	page 27
(33) line 1	Reed Steiner and Lisa Matthewson	note	Context: Brent usually has a class on Thursdays. But this Thursday, I bump into him and ask zuzúʔt kʷn̕ ‘Aren't you late?’ He responds:	page 28, engine english
(33a) line 1	Reed Steiner and Lisa Matthewson	note	Plain DP:	page 28, engine english
(33a) line 2	nɬeʔkepmxcín	transcription	tetéʔ ks skʷúl cʔéyɬ te sqʷnóx̣ʷs	page 28, engine language
(33a) line 3	nɬeʔkepmxcín	segmentation	te~téʔ=∅ k=s=[s]kʷúl c-ʔéyɬ t=e=s=qʷnóx̣ʷ=s	page 28, engine language
(33a) line 4	nɬeʔkepmxcín	gloss	AUG~NEG=3SBJ D/C=NMLZ=school EMPH-now OBL=D/C=NMLZ=sick=3POSS	page 28, engine english
(33a) line 5	nɬeʔkepmxcín	transcription	e skʷuléyt	page 28, engine language
(33a) line 6	nɬeʔkepmxcín	segmentation	e=s=[s]kʷul-éyt	page 28, engine language
(33a) line 7	nɬeʔkepmxcín	gloss	DET=NMLZ=school-person	page 28, engine english
(33a) line 8	Reed Steiner and Lisa Matthewson	translation	‘There’s no class today because the teacher is sick.’	page 28, engine english, cited VF | BP 11 June 2026, the authors' translation of the speaker's sentence
(33a) line 8	Reed Steiner and Lisa Matthewson	citation	(VF | BP 11 June 2026)	the tag or source at the right of the translation
(33b) line 1	Reed Steiner and Lisa Matthewson	note	Demonstrative + plain DP:	page 28, engine english
(33b) line 2	nɬeʔkepmxcín	transcription	tetéʔ ks skʷúl cʔéyɬ te sqʷnóx̣ʷs	page 28, engine language
(33b) line 3	nɬeʔkepmxcín	segmentation	te~téʔ=∅ k=s=skʷúl c-ʔéyɬ t=e=s=qʷnóx̣ʷ=s	page 28, engine language
(33b) line 4	nɬeʔkepmxcín	gloss	AUG~NEG=3SBJ D/C=NMLZ=school EMPH-now OBL=D/C=NMLZ=sick=3POSS	page 28, engine english
(33b) line 5	nɬeʔkepmxcín	transcription	xéʔe e skʷuléyt	page 28, engine language
(33b) line 6	nɬeʔkepmxcín	segmentation	xéʔe e=s=[s]kʷul-éyt	page 28, engine language
(33b) line 7	nɬeʔkepmxcín	gloss	DIST DET=NMLZ=school-person	page 28, engine english
(33b) line 8	Reed Steiner and Lisa Matthewson	translation	‘There’s no class today because the teacher is sick.’	page 28, engine english, cited SF | BP 11 June 2026, the authors' translation of the speaker's sentence
(33b) line 8	Reed Steiner and Lisa Matthewson	citation	(SF | BP 11 June 2026)	the tag or source at the right of the translation
(33c) line 1	Reed Steiner and Lisa Matthewson	note	Demonstrative + oblique:	page 28, engine english
(33c) line 2	nɬeʔkepmxcín	transcription	# tetéʔ ks kʷúl cʔéyɬ te sqʷnóx̣ʷs	page 28, engine language
(33c) line 3	nɬeʔkepmxcín	segmentation	te~téʔ=∅ k=s=kʷúl cʔéyɬ t=e=s=qʷnóx̣ʷ=s	page 28, engine language
(33c) line 4	nɬeʔkepmxcín	gloss	AUG~NEG=3SBJ D/C=NMLZ=school now OBL=DET=NMLZ=sick=3POSS	page 28, engine english
(33c) line 5	nɬeʔkepmxcín	transcription	xéʔe tk skʷuléyt	page 28, engine language
(33c) line 6	nɬeʔkepmxcín	segmentation	xéʔe t=k=s-kʷul-éyt	page 28, engine language
(33c) line 7	nɬeʔkepmxcín	gloss	DIST OBL=DET=NMLZ-school-person	page 28, engine english
(33c) line 8	Reed Steiner and Lisa Matthewson	translation	Intended: ‘There’s no class today because that teacher is sick.’	page 28, engine english, cited SF | BP 11 June 2026, the authors' translation of the speaker's sentence
(33c) line 8	Reed Steiner and Lisa Matthewson	citation	(SF | BP 11 June 2026)	the tag or source at the right of the translation
§3.7	Reed Steiner and Lisa Matthewson	note	BP’s judgements remain consistent for English relational loanwords, as in (34), and headless relative clauses that paraphrase relational nouns, as in (35).	page 28
(34) line 1	Reed Steiner and Lisa Matthewson	note	Context: Brent knows a lot of people who work in film, and he’s always recommending movies that involve his friends.	page 28, engine english
(34a) line 1	Reed Steiner and Lisa Matthewson	note	Plain DP:	page 28, engine english
(34a) line 2	nɬeʔkepmxcín	transcription	ʔesk̓ʷén̓stxʷ ske xʔé tk spáqʷ	page 28, engine language
(34a) line 3	nɬeʔkepmxcín	segmentation	ʔes-k̓ʷén̓-s-t-∅-[e]xʷ=∅=ske xʔé t=k=s-páqʷ	page 28, engine language
(34a) line 4	nɬeʔkepmxcín	gloss	STAT-watch-CAUS-TR-3OBJ-2SG.ERG=3SBJ=WN PROX OBL=DET=NMLZ-view	page 28, engine english
(34a) line 5	nɬeʔkepmxcín	transcription	x̣əksténe e director	page 28, engine english
(34a) line 6	nɬeʔkepmxcín	segmentation	x̣ək-s-t-∅-ene=∅ e=director	page 28, engine english
(34a) line 7	nɬeʔkepmxcín	gloss	know-CAUS-TR-3OBJ-1SG.ERG=3SBJ DET=director	page 28, engine english
(34a) line 8	Reed Steiner and Lisa Matthewson	translation	‘You should watch this movie – I know the director.’	page 28, engine english, cited VF | BP 28 May 2026, the authors' translation of the speaker's sentence
(34a) line 8	Reed Steiner and Lisa Matthewson	citation	(VF | BP 28 May 2026)	the tag or source at the right of the translation
(34b) line 1	Reed Steiner and Lisa Matthewson	note	Demonstrative + plain DP:	page 29, engine english
(34b) line 2	nɬeʔkepmxcín	transcription	ʔesk̓ʷén̓stxʷ skeʔ xʔé tk spáqʷ	page 29, engine language
(34b) line 3	nɬeʔkepmxcín	segmentation	ʔes-k̓ʷén̓-s-t-∅-[e]xʷ=∅=ske xʔé t=k=s-páqʷ	page 29, engine language
(34b) line 4	nɬeʔkepmxcín	gloss	STAT-watch-CAUS-TR-3OBJ-2SG.ERG=3SBJ=WN PROX OBL=DET=NMLZ-view	page 29, engine english
(34b) line 5	nɬeʔkepmxcín	transcription	x̣əksténe xéʔe director	page 29, engine english
(34b) line 6	nɬeʔkepmxcín	segmentation	x̣ək-s-t-∅-ene=∅ xéʔe [e]=director	page 29, engine residue
(34b) line 7	nɬeʔkepmxcín	gloss	know-CAUS-TR-3OBJ-1SG.ERG=3SBJ DIST DET=director	page 29, engine english
(34b) line 8	Reed Steiner and Lisa Matthewson	translation	‘You should watch this movie – I know the director.’	page 29, engine english, cited SF | BP 28 May 2026, the authors' translation of the speaker's sentence
(34b) line 8	Reed Steiner and Lisa Matthewson	citation	(SF | BP 28 May 2026)	the tag or source at the right of the translation
(34c) line 1	Reed Steiner and Lisa Matthewson	note	Demonstrative + oblique:	page 29, engine english
(34c) line 2	nɬeʔkepmxcín	transcription	# ʔesk̓ʷén̓stxʷ ske xʔé tk spáqʷ	page 29, engine language
(34c) line 3	nɬeʔkepmxcín	segmentation	ʔes-k̓ʷén̓-s-t-∅-[e]xʷ=∅=ske xʔé t=k=s-páqʷ	page 29, engine language
(34c) line 4	nɬeʔkepmxcín	gloss	STAT-watch-CAUS-TR-3OBJ-2SG.ERG=3SBJ=WN PROX OBL=DET=NMLZ-view	page 29, engine english
(34c) line 5	nɬeʔkepmxcín	transcription	x̣əksténe xéʔe tk director	page 29, engine english
(34c) line 6	nɬeʔkepmxcín	segmentation	x̣ək-s-t-∅-ene=∅ xéʔe t=k=director	page 29, engine residue
(34c) line 7	nɬeʔkepmxcín	gloss	know-CAUS-TR-3OBJ-1SG.ERG=3SBJ DIST OBL=DET=director	page 29, engine english
(34c) line 8	Reed Steiner and Lisa Matthewson	translation	Intended: ‘You should watch this movie – I know that director.’	page 29, engine english, cited SF | BP 28 May 2026, the authors' translation of the speaker's sentence
(34c) line 8	Reed Steiner and Lisa Matthewson	citation	(SF | BP 28 May 2026)	the tag or source at the right of the translation
(34c) line 9	Bev Phillips	speaker comment	Consultant’s comment on (c): “Not in the context you have now, but there is a way if you’re talking about another, or there’s more than one director you’re talking about.”	page 29, engine english
(35) line 1	Reed Steiner and Lisa Matthewson	note	Context: Brent shows up late because the driver fell asleep at one of the stops. I ask zuzúʔt n̓ e bus ‘Was the bus late?’ He replies:	page 29, engine english
(35a) line 1	Reed Steiner and Lisa Matthewson	note	Plain DP:	page 29, engine english
(35a) line 2	nɬeʔkepmxcín	transcription	tetéʔ ks zuzúʔc e bus ƛ̓uʔ	page 29, engine language
(35a) line 3	nɬeʔkepmxcín	segmentation	te~téʔ=∅ k=s=zu~zúʔ-t=s e=bus ƛ̓uʔ	page 29, engine language
(35a) line 4	nɬeʔkepmxcín	gloss	AUG~NEG=3SBJ D/C=NMLZ=AUG~late-INTR=3POSS DET=bus but	page 29, engine english
(35a) line 5	nɬeʔkepmxcín	transcription	ʕʷóy̓t e ʔéx tx̣ʷqínm	page 29, engine language, carries footnote 20, written here without its digit
(35a) line 6	nɬeʔkepmxcín	segmentation	ʕʷóy̓-t=∅ e=ʔéx=∅ tx̣ʷ-qin-m	page 29, engine language
(35a) line 7	nɬeʔkepmxcín	gloss	sleep-INTR=3SBJ DET=IPFV=3SBJ straight-head-CTR.MID	page 29, engine english
(35a) line 8	Reed Steiner and Lisa Matthewson	translation	‘The bus wasn’t late, but the driver (lit. the one who drives) fell asleep.’	page 29, engine english, cited VF | BP 11 June 2026, the authors' translation of the speaker's sentence
(35a) line 9	Reed Steiner and Lisa Matthewson	citation	(VF | BP 11 June 2026)	page 29, engine residue
(35b) line 1	Reed Steiner and Lisa Matthewson	note	Demonstrative + plain DP:	page 29, engine english
(35b) line 2	nɬeʔkepmxcín	transcription	tetéʔ ks zuzúʔc e bus ƛ̓uʔ	page 29, engine language
(35b) line 3	nɬeʔkepmxcín	segmentation	te~téʔ=∅ k=s=zu~zúʔ-t=s e=bus ƛ̓uʔ	page 29, engine language
(35b) line 4	nɬeʔkepmxcín	gloss	AUG~NEG=3SBJ D/C=NMLZ=AUG~late-INTR=3POSS DET=bus but	page 29, engine english
(35b) line 5	nɬeʔkepmxcín	transcription	ʕʷóy̓t xéʔe e ʔéx tx̣ʷqínm	page 29, engine language
(35b) line 6	nɬeʔkepmxcín	segmentation	ʕʷoy̓-t=∅ xéʔe e=ʔéx=∅ tx̣ʷ-qin-m	page 29, engine language
(35b) line 7	nɬeʔkepmxcín	gloss	sleep-INTR=3SBJ DIST DET=IPFV=3SBJ straight-head-CTR.MID	page 29, engine english
footnote 20	Reed Steiner and Lisa Matthewson	note	20 The segmentation of this form is uncertain; BP translates it as ‘to drive’.	page 29, footnote
(35b) line 8	Reed Steiner and Lisa Matthewson	translation	‘The bus wasn’t late, but the driver (lit. the one who drives) fell asleep.’	page 30, engine english, cited SF | BP 11 June 2026, the authors' translation of the speaker's sentence
(35b) line 9	Reed Steiner and Lisa Matthewson	citation	(SF | BP 11 June 2026)	page 30, engine residue
(35c) line 1	Reed Steiner and Lisa Matthewson	note	Demonstrative + oblique:	page 30, engine english
(35c) line 2	nɬeʔkepmxcín	transcription	# tetéʔ ks zuzúʔc e bus ƛ̓uʔ ʕʷóy̓t	page 30, engine language
(35c) line 3	nɬeʔkepmxcín	segmentation	te~téʔ=∅ k=s=zu~zúʔ-t=s e=bus ƛ̓uʔ ʕʷóy̓-t=∅	page 30, engine language
(35c) line 4	nɬeʔkepmxcín	gloss	AUG~NEG=3SBJ D/C=NMLZ=AUG~late-INTR=3POSS DET=bus but sleep-INTR=3SBJ	page 30, engine english
(35c) line 5	nɬeʔkepmxcín	transcription	xéʔe tk ʔéx tx̣ʷqínm	page 30, engine language
(35c) line 6	nɬeʔkepmxcín	segmentation	xéʔe t=k=ʔéx=∅ tx̣ʷ-qín-m	page 30, engine language
(35c) line 7	nɬeʔkepmxcín	gloss	DIST OBL=DET=IPFV=3SBJ straight-head-CTR.MID	page 30, engine english
(35c) line 8	Reed Steiner and Lisa Matthewson	translation	Intended: ‘The bus wasn’t late, but that driver (lit. the one who drives) fell asleep.’	page 30, engine english, cited SF | BP 11 June 2026, the authors' translation of the speaker's sentence
(35c) line 9	Reed Steiner and Lisa Matthewson	citation	(SF | BP 11 June 2026)	page 30, engine residue
§3.7	Reed Steiner and Lisa Matthewson	name	kʷałtèzetkʷ’s	Bernice Garcia's traditional name in the possessive
§3.7	Reed Steiner and Lisa Matthewson	name	kʷałtèzetkʷ	Bernice Garcia's traditional name, KBG in the tags, written with ł
§3.7	Reed Steiner and Lisa Matthewson	note	kʷałtèzetkʷ’s judgements require more research. Our only data point is given in (36). Unlike in previous examples, kʷałtèzetkʷ accepts a demonstrative with an oblique, even though the referent is unique (36c). When asked for further comments, she translates the demonstrative with an oblique as ‘that particular bus driver’.	page 30
(36) line 1	Reed Steiner and Lisa Matthewson	note	Context: Brent shows up late because the driver fell asleep at one of the stops. I ask, zuzúʔt n̓ e bus ‘Was the bus late?’ He replies:	page 30, engine english
(36a) line 1	Reed Steiner and Lisa Matthewson	note	Plain DP:	page 30, engine english
(36a) line 2	nɬeʔkepmxcín	transcription	tetéʔ ks zuzúʔc e bus ƛ̓uʔ	page 30, engine language
(36a) line 3	nɬeʔkepmxcín	segmentation	te~téʔ=∅ k=s=zu~zúʔ-t=s e=bus ƛ̓uʔ	page 30, engine language
(36a) line 4	nɬeʔkepmxcín	gloss	AUG~NEG=3SBJ D/C=NMLZ=AUG~late-ADJ=3POSS DET=bus but	page 30, engine english
(36a) line 5	nɬeʔkepmxcín	transcription	nʕʷoy̓túɬ e bus driver ʔé ƛ̓uʔ xéʔ	page 30, engine language
(36a) line 6	nɬeʔkepmxcín	segmentation	n-ʕʷoy̓-t-úɬ=∅ e=bus driver ʔé=∅=ƛ̓uʔ=xéʔ	page 30, engine language
(36a) line 7	nɬeʔkepmxcín	gloss	LOC-sleep-INTR-HAB=3SBJ DET=bus driver COP=3SBJ=EXCL=DIST	page 30, engine english
(36a) line 8	nɬeʔkepmxcín	transcription	s x̣ánistis	page 30, engine language
(36a) line 9	nɬeʔkepmxcín	segmentation	[e]=s=x̣ani-s-t-i-[e]s	page 30, engine language
(36a) line 10	nɬeʔkepmxcín	gloss	D/C=NMLZ=hurt-CAUS-TR-1PL.OBJ-3ERG	page 30, engine english
(36a) line 11	Reed Steiner and Lisa Matthewson	translation	‘The bus wasn’t late, but the driver fell asleep so he could have hurt us.’	page 30, engine english, cited VF | KBG 15 June 2026, the authors' translation of the speaker's sentence
(36a) line 12	Reed Steiner and Lisa Matthewson	citation	(VF | KBG 15 June 2026)	page 30, engine english
(36b) line 1	Reed Steiner and Lisa Matthewson	note	Demonstrative + plain DP:	page 31, engine english
(36b) line 2	nɬeʔkepmxcín	transcription	tetéʔ ks zuzúʔc e bus ƛ̓uʔ	page 31, engine language
(36b) line 3	nɬeʔkepmxcín	segmentation	te~téʔ=∅ k=s=zu~zúʔ-t=s e=bus ƛ̓uʔ	page 31, engine language
(36b) line 4	nɬeʔkepmxcín	gloss	AUG~NEG=3SBJ D/C=NMLZ=AUG~late-ADJ=3POSS DET=bus but	page 31, engine english
(36b) line 5	nɬeʔkepmxcín	transcription	nʕʷoy̓túɬ xéʔe e bus driver ʔé ƛ̓uʔ xéʔ	page 31, engine language
(36b) line 6	nɬeʔkepmxcín	segmentation	n-ʕʷoy̓-t-úɬ=∅ xéʔe e=bus driver ʔé=∅=ƛ̓uʔ=xéʔ	page 31, engine language
(36b) line 7	nɬeʔkepmxcín	gloss	LOC-sleep-INTR-HAB=3SBJ DIST DET=bus driver COP=3SBJ=EXCL=DIST	page 31, engine english
(36b) line 8	nɬeʔkepmxcín	transcription	s x̣ánistis	page 31, engine language
(36b) line 9	nɬeʔkepmxcín	segmentation	s=x̣ani-s-t-i-[e]s	page 31, engine language
(36b) line 10	nɬeʔkepmxcín	gloss	NMLZ=hurt-CAUS-TR-1PL.OBJ-3ERG	page 31, engine english
(36b) line 11	Reed Steiner and Lisa Matthewson	translation	‘The bus wasn’t late, but the driver fell asleep so he could have hurt us.’	page 31, engine english, cited SF | KBG 15 June 2026, the authors' translation of the speaker's sentence
(36b) line 12	Reed Steiner and Lisa Matthewson	citation	(SF | KBG 15 June 2026)	page 31, engine english
(36c) line 1	Reed Steiner and Lisa Matthewson	note	Demonstrative + oblique:	page 31, engine english
(36c) line 2	nɬeʔkepmxcín	transcription	tetéʔ ks zuzúʔc e bus ƛ̓uʔ	page 31, engine language
(36c) line 3	nɬeʔkepmxcín	segmentation	te~téʔ=∅ k=s=zu~zúʔ-t=s e=bus ƛ̓uʔ	page 31, engine language
(36c) line 4	nɬeʔkepmxcín	gloss	AUG~NEG=3SBJ D/C=NMLZ=AUG~late-ADJ=3POSS DET=bus but	page 31, engine english
(36c) line 5	nɬeʔkepmxcín	transcription	nʕʷoy̓túɬ xéʔe tk bus driver	page 31, engine language
(36c) line 6	nɬeʔkepmxcín	segmentation	n-ʕʷoy̓t-úɬ=∅ xéʔe t=k=bus driver	page 31, engine language
(36c) line 7	nɬeʔkepmxcín	gloss	LOC-sleep-INTR-HAB=3SBJ DIST OBL=DET=bus driver	page 31, engine english
(36c) line 8	nɬeʔkepmxcín	transcription	ʔé ƛ̓u xéʔ s x̣ánistis	page 31, engine language
(36c) line 9	nɬeʔkepmxcín	segmentation	ʔé=∅=ƛ̓u=xéʔ s=x̣ani-s-t-i-[e]s	page 31, engine language
(36c) line 10	nɬeʔkepmxcín	gloss	COP=3SBJ=2CL=DIST NMLZ=hurt-CAUS-TR-1PL.OBJ-3ERG	page 31, engine english
(36c) line 11	Reed Steiner and Lisa Matthewson	translation	‘The bus wasn’t late, but the driver fell asleep so he could have hurt us.’	page 31, engine english, cited SF | KBG 15 June 2026, the authors' translation of the speaker's sentence
(36c) line 12	Reed Steiner and Lisa Matthewson	citation	(SF | KBG 15 June 2026)	page 31, engine english
§3.7	Reed Steiner and Lisa Matthewson	note	Discussion between consultant and researcher about (c):	page 31
§3.7	nɬeʔkepmxcín	cited form	ʔéy	page 31
§3.7	Reed Steiner and Lisa Matthewson	note	KBG: ʔéy, that’s good.	page 31
§3.7	Reed Steiner and Lisa Matthewson	note	RS: Does it sound like more than one bus driver?	page 31
§3.7	Reed Steiner and Lisa Matthewson	note	KBG: Nope, that particular bus driver.	page 31
§3.7	Reed Steiner and Lisa Matthewson	note	More research is needed to determine how robust these judgements are. One possible explanation is that the demonstrative with an oblique is contrasting the sleepy bus driver with some other bus driver, but this has not been tested.	page 31
§3.7	Reed Steiner and Lisa Matthewson	note	Despite this variation, relational anaphora contexts provide good evidence that demonstratives in nɬeʔkepmxcín are agnostic to familiarity. If demonstratives with plain DPs can be used for part- whole bridging (§3.6) and relational anaphora bridging (§3.7), then familiarity does not impact their acceptability.	page 31
§3.7	Reed Steiner and Lisa Matthewson	note	For BP, relational anaphora contexts also provide good evidence that demonstratives with obliques require anti-uniqueness to be felicitous. They can be used neither for part-whole bridging (§3.6) nor for relational anaphora bridging (§3.7). What both kinds of bridging have in common is that the definite description must be unique. If demonstratives with obliques are acceptable in neither context, then it must be the uniqueness of the referent that causes infelicity.	page 31
§3.8	Reed Steiner and Lisa Matthewson	heading	3.8 Exceptions	page 32
§3.8	Reed Steiner and Lisa Matthewson	note	We have seen so far that demonstratives with obliques are generally unacceptable when the referent is unique, but there are a number of exceptional cases. The first consistent exception involves gradable adjective predicates (§3.8.1). The second consistent exception involves sub-part readings (§3.8.2). There are also exceptional cases we have yet to fully explain, which may involve gesture, joint attention, and spatially disjoined situations (§3.8.3). Exceptions are unsurprising, since demonstratives are highly discourse and context sensitive, but more research is needed to explain these precise sensitivities.	page 32
§3.8.1	Reed Steiner and Lisa Matthewson	heading	3.8.1 Gradable adjective predicates	page 32
§3.8.1	Reed Steiner and Lisa Matthewson	language	nɬeʔkepmxcín	the language of this paper, a.k.a. Thompson River Salish, Northern Interior Salish, ISO 639-3 thp
§3.8.1	Reed Steiner and Lisa Matthewson	note	Gradable adjectives (e.g. tall, short, long, pretty) imply comparison. For instance, the English adjective tall is true of someone who is six feet tall in the context of a social gathering, but false of that same person in the context of a professional basketball team. Evaluating whether a gradable adjective is true requires comparison against some standard, which depends on the context. In nɬeʔkepmxcín, implicit comparison seems to license demonstratives with obliques, even when the referent is unique in the immediate context. In (37), a unique egg is identified, and the unique chicken that laid it can be identified with a plain DP, a demonstrative with a plain DP, or a demonstrative with an oblique. Recall that BP consistently rejects demonstratives with obliques that violate anti-uniqueness when the predicate is not a gradable adjective.	page 32
(37) line 1	Reed Steiner and Lisa Matthewson	note	Context: You’re at a market and the eggs there are huge. You pick up an egg and remark on its size to your friend: x̣əzx̣zúm xʔé tk ʔeʔúseʔ ‘This egg is huge!’ Your friend, who has not seen the chicken before, guesses that the chicken who laid it must be really fat.	page 32, engine english
(37a) line 1	Reed Steiner and Lisa Matthewson	note	Plain DP:	page 32, engine english
(37a) line 2	nɬeʔkepmxcín	transcription	q̓ʷʔúc nke e cíkn	page 32, engine language
(37a) line 3	nɬeʔkepmxcín	segmentation	q̓ʷʔuc=∅=nke e=cíkn	page 32, engine language
(37a) line 4	nɬeʔkepmxcín	gloss	fat=3SBJ=INFER DET=chicken	page 32, engine english
(37a) line 5	Reed Steiner and Lisa Matthewson	translation	‘The chicken must be fat.’	page 32, engine english, cited VF | BP 21 May 2026, the authors' translation of the speaker's sentence
(37a) line 5	Reed Steiner and Lisa Matthewson	citation	(VF | BP 21 May 2026)	the tag or source at the right of the translation
(37b) line 1	Reed Steiner and Lisa Matthewson	note	Demonstrative + plain DP:	page 32, engine english
(37b) line 2	nɬeʔkepmxcín	transcription	q̓ʷʔúc nke xéʔe cíkn	page 32, engine language
(37b) line 3	nɬeʔkepmxcín	segmentation	q̓ʷʔuc=∅=nke xéʔe [e]=cíkn	page 32, engine language
(37b) line 4	nɬeʔkepmxcín	gloss	fat=3SBJ=INFER DIST DET=chicken	page 32, engine english
(37b) line 5	Reed Steiner and Lisa Matthewson	translation	‘That chicken must be fat.’	page 32, engine english, cited SF | BP 21 May 2026, the authors' translation of the speaker's sentence
(37b) line 5	Reed Steiner and Lisa Matthewson	citation	(SF | BP 21 May 2026)	the tag or source at the right of the translation
(37c) line 1	Reed Steiner and Lisa Matthewson	note	Demonstrative + oblique (k= determiner):	page 32, engine english
(37c) line 2	nɬeʔkepmxcín	transcription	q̓ʷʔúc nke xéʔe tk cíkn	page 32, engine language
(37c) line 3	nɬeʔkepmxcín	segmentation	q̓ʷʔuc=∅=nke xéʔe t=k=cíkn	page 32, engine language
(37c) line 4	nɬeʔkepmxcín	gloss	fat?=3SBJ=INFER DIST OBL=DET=chicken	page 32, engine english
(37c) line 5	Reed Steiner and Lisa Matthewson	translation	‘That chicken must be fat.’	page 32, engine english, cited SF | BP 21 May 2026, the authors' translation of the speaker's sentence
(37c) line 5	Reed Steiner and Lisa Matthewson	citation	(SF | BP 21 May 2026)	the tag or source at the right of the translation
(4b) line 1	Reed Steiner and Lisa Matthewson	note	Demonstrative + oblique (e= determiner):	page 33, engine english
(4b) line 2	nɬeʔkepmxcín	transcription	q̓ʷʔúc nke xéʔe te cíkn	page 33, engine language
(4b) line 3	nɬeʔkepmxcín	segmentation	q̓ʷʔuc=∅=nke xéʔe t=e=cíkn	page 33, engine language
(4b) line 4	nɬeʔkepmxcín	gloss	fat?=3SBJ=INFER DIST OBL=DET=chicken	page 33, engine english
(4b) line 5	Reed Steiner and Lisa Matthewson	translation	‘That chicken must be fat.’	page 33, engine english, cited SF | BP 21 May 2026, the authors' translation of the speaker's sentence
(4b) line 5	Reed Steiner and Lisa Matthewson	citation	(SF | BP 21 May 2026)	the tag or source at the right of the translation
§3.8.1	Reed Steiner and Lisa Matthewson	note	Similarly in (38), there is only one unique salmon in the context. It can be referenced with a plain DP, a demonstrative with a plain DP, or a demonstrative with an oblique.	page 33
(38) line 1	Reed Steiner and Lisa Matthewson	note	Context: Danica and Ella are watching TV. Bruce comes home carrying a really big salmon. There are no other salmon in the room. Ella says k̓ʷén̓ete xéʔe tk sqyéytn ‘Look at that salmon’ to get Danica’s attention.	page 33, engine english
(38a) line 1	Reed Steiner and Lisa Matthewson	note	Plain DP:	page 33, engine english
(38a) line 2	nɬeʔkepmxcín	transcription	zéxt e sqyéytn	page 33, engine language
(38a) line 3	nɬeʔkepmxcín	segmentation	zéx-t=∅ e=s-qy-éytn	page 33, engine language
(38a) line 4	nɬeʔkepmxcín	gloss	long-INTR=3SBJ DET=NMLZ-damp-harvest	page 33, engine english
(38a) line 5	Reed Steiner and Lisa Matthewson	translation	‘The salmon is long.’	page 33, engine english, cited SF | BP 11 June 2026, the authors' translation of the speaker's sentence
(38a) line 5	Reed Steiner and Lisa Matthewson	citation	(SF | BP 11 June 2026)	the tag or source at the right of the translation
(38b) line 1	Reed Steiner and Lisa Matthewson	note	Demonstrative + plain DP:	page 33, engine english
(38b) line 2	nɬeʔkepmxcín	transcription	zéxt xéʔe e sqyéytn	page 33, engine language
(38b) line 3	nɬeʔkepmxcín	segmentation	zéx-t=∅ xéʔe e=s-qy-éytn	page 33, engine language
(38b) line 4	nɬeʔkepmxcín	gloss	long-INTR=3SBJ DIST DET=NMLZ-damp-harvest	page 33, engine english
(38b) line 5	Reed Steiner and Lisa Matthewson	translation	‘That salmon is long.’	page 33, engine english, cited SF | BP 11 June 2026, the authors' translation of the speaker's sentence
(38b) line 5	Reed Steiner and Lisa Matthewson	citation	(SF | BP 11 June 2026)	the tag or source at the right of the translation
(38c) line 1	Reed Steiner and Lisa Matthewson	note	Demonstrative + oblique:	page 33, engine english
(38c) line 2	nɬeʔkepmxcín	transcription	zéxt xéʔe tk sqyéytn	page 33, engine language
(38c) line 3	nɬeʔkepmxcín	segmentation	zéx-t=∅ xéʔe t=k=s-qy-éytn	page 33, engine language
(38c) line 4	nɬeʔkepmxcín	gloss	long-INTR=3SBJ DIST OBL=DET=NMLZ-damp-harvest	page 33, engine english
(38c) line 5	Reed Steiner and Lisa Matthewson	translation	‘That salmon is long.’	page 33, engine english, cited SF | BP 11 June 2026, the authors' translation of the speaker's sentence
(38c) line 5	Reed Steiner and Lisa Matthewson	citation	(SF | BP 11 June 2026)	the tag or source at the right of the translation
§3.8.1	Reed Steiner and Lisa Matthewson	note	On the surface, these cases seem to violate anti-uniqueness, since there is no other individual in the immediate context of the utterance that matches the description. However, this anti- uniqueness violation is only surface-level. By comparing the individual against some standard degree of comparison, the gradable adjective implies some baseline individual which meets that standard. Even if the individual that the demonstrative refers to is unique in the immediate speech context, the semantics of comparison makes that individual non-unique. How to best formalize this effect remains to be worked out, but the empirical generalization remains that comparison implies non-uniqueness.	page 33
§3.8.2	Reed Steiner and Lisa Matthewson	heading	3.8.2 Sub-part readings of demonstratives with obliques	page 33
§3.8.2	Reed Steiner and Lisa Matthewson	note	When an individual can be sub-divided into smaller parts that still meet the description of the NP, demonstratives with obliques are acceptable with a sub-part reading: instead of relating to the entire individual, they relate only to a sub-part of that individual. This can be seen in comments on (29c), but more examples are provided here.	page 33
§3.8.2	Reed Steiner and Lisa Matthewson	note	In (39) and (40), there is a unique fence, which can be subdivided into individual fence posts. Unsurprisingly, plain DPs (39a), (40a) and demonstratives with plain DPs (39b), (40b) are both acceptable. Although demonstratives with obliques would not usually be acceptable with a unique referent, they are acceptable here with a sub-part reading, where the demonstrative relates only to one non-unique section of the fence (39c), (40c).21 Note BP’s comment on (40c): she rejects the demonstrative with an oblique when it refers to the entire fence, but accepts it when it refers to just one part of a fence.	page 33
(39) line 1	Reed Steiner and Lisa Matthewson	note	Context: Your fence is broken! One day, Sander walks by and sees it. He walks right up to the fence, inspects the damage, and promises to fix it tomorrow.	page 34, engine english
(39a) line 1	Reed Steiner and Lisa Matthewson	note	Plain DP:	page 34, engine english
(39a) line 2	nɬeʔkepmxcín	transcription	xʷúy̓ cuxícn ɬeʔ sk̓íx	page 34, engine language
(39a) line 3	nɬeʔkepmxcín	segmentation	xʷúy̓=∅ cw-xi-t-s[i]-[e]n [t]=ɬ=eʔ-s-k̓íx	page 34, engine language
(39a) line 4	nɬeʔkepmxcín	gloss	PROSP=3SBJ fix-RDR-TR-2SG.OBJ-1SG.ERG OBL=DET.REM=2SG.POSS-NMLZ-fence	page 34, engine english
(39a) line 5	Reed Steiner and Lisa Matthewson	translation	‘I’m gonna fix the fence for you.’	page 34, engine english, cited VF | KBG 14 April 2026, the authors' translation of the speaker's sentence
(39a) line 5	Reed Steiner and Lisa Matthewson	citation	(VF | KBG 14 April 2026)	the tag or source at the right of the translation
(39b) line 1	Reed Steiner and Lisa Matthewson	note	Demonstrative + plain DP:	page 34, engine english
(39b) line 2	nɬeʔkepmxcín	transcription	xʷúy̓ cuxícn xʔé ɬeʔ sk̓íx	page 34, engine language
(39b) line 3	nɬeʔkepmxcín	segmentation	xʷúy̓=∅ cw-xi-t-s[i]-[e]n xʔé ɬ=eʔ-s-k̓íx	page 34, engine language
(39b) line 4	nɬeʔkepmxcín	gloss	PROSP=3SBJ fix-RDR-TR-2SG.OBJ-1SG.ERG PROX DET=2SG.POSS-NMLZ-fence	page 34, engine english
(39b) line 5	Reed Steiner and Lisa Matthewson	translation	‘I’m gonna fix this fence for you.’	page 34, engine english, cited SF | KBG 14 April 2026, the authors' translation of the speaker's sentence
(39b) line 5	Reed Steiner and Lisa Matthewson	citation	(SF | KBG 14 April 2026)	the tag or source at the right of the translation
(39b) line 6	kʷaɬtèzetkʷ (Bernice Garcia)	speaker comment	Consultant’s comment on (b): “Yeah, it sounds like he's standing right where it’s broken.”	page 34, engine english
(39c) line 1	Reed Steiner and Lisa Matthewson	note	Demonstrative + oblique:	page 34, engine english
(39c) line 2	nɬeʔkepmxcín	transcription	xʷúy̓ cuxícn xʔé tk eʔsk̓íx	page 34, engine language
(39c) line 3	nɬeʔkepmxcín	segmentation	xʷúy̓=∅ cw-xi-t-s[i]-[e]n xʔé t=k=eʔ-s-k̓íx	page 34, engine language
(39c) line 4	nɬeʔkepmxcín	gloss	PROSP=3SBJ fix-RDR-TR-2SG.OBJ-1SG.ERG PROX OBL=DET=2SG.POSS-NMLZ-fence	page 34, engine english
(39c) line 5	Reed Steiner and Lisa Matthewson	translation	‘I’m gonna fix this fence for you.’	page 34, engine english, cited SF | KBG 14 April 2026, the authors' translation of the speaker's sentence
(39c) line 5	Reed Steiner and Lisa Matthewson	citation	(SF | KBG 14 April 2026)	the tag or source at the right of the translation
footnote 21	Reed Steiner and Lisa Matthewson	note	21 A sub-part reading is sometimes accessible even when there is no oblique. In (i), a demonstrative with a plain DP gets interpreted as a specific part of a fence rather than an entire fence.	page 34, footnote
footnote 21 (i) line 1	Reed Steiner and Lisa Matthewson	note	Context: Your fence is broken! One day, Sander walks by and sees it. He walks right up to the fence, inspects the damage, and promises to fix it tomorrow.	page 34, engine english
footnote 21 (i) line 2	nɬeʔkepmxcín	transcription	xʷúy̓ cuténe xʔé sk̓íx tk spiʔx̣éwt	page 34, engine language
footnote 21 (i) line 3	nɬeʔkepmxcín	segmentation	xʷúy̓=∅ cw-[n]-t-∅-́ne xʔé [e]=s-k̓íx t=k=spiʔx̣éwt	page 34, engine language
footnote 21 (i) line 4	nɬeʔkepmxcín	gloss	PROSP=3SBJ fix-CTR-TR-3OBJ-1SG.ERG PROX DET=NMLZ-fence OBL=DET=one.day.away	page 34, engine english
footnote 21 (i) line 5	Reed Steiner and Lisa Matthewson	translation	‘I’m gonna fix this fence tomorrow.’	page 34, engine english, cited SF | BP 16 April 2026, the authors' translation of the speaker's sentence
footnote 21 (i) line 5	Reed Steiner and Lisa Matthewson	citation	(SF | BP 16 April 2026)	the tag or source at the right of the translation
footnote 21 (i) line 6	Bev Phillips	speaker comment	Consultant’s comment: “It's just that you're being very specific about that spot, the section of the fence by the sounds of it.”	page 34, engine english
footnote 21	Reed Steiner and Lisa Matthewson	note	The sub-part reading of demonstratives with plain DPs is likely just conversational implicature: the fence is unique, so using a demonstrative instead of a regular DP implies extra specificity. Regardless of the explanation, these cases are not incompatible with our analysis. Demonstratives with obliques require a partitive reading when the individual in question is unique; demonstratives with plain DPs do not. Consultant’s comment on (c): “It sounds like he’s gonna fix just that part.”	page 34
(40) line 1	Reed Steiner and Lisa Matthewson	note	Context: For weeks and weeks, Sander keeps telling you he’s gonna fix the fence, but he never does it. You’re starting to get frustrated. You bump into each other in a cafe and you ask him again if he’s ever gonna fix that damn fence.	page 35, engine english
(40a) line 1	Reed Steiner and Lisa Matthewson	note	Plain DP:	page 35, engine english
(40a) line 2	nɬeʔkepmxcín	transcription	xʷúy̓ n̓ meɬ cutéxʷ ɬ sk̓íx	page 35, engine language
(40a) line 3	nɬeʔkepmxcín	segmentation	xʷúy̓=∅=n̓=meɬ cw-[n]-t-∅-éxʷ ɬ=s-k̓íx	page 35, engine language
(40a) line 4	nɬeʔkepmxcín	gloss	PROSP=3SBJ=Q=2CL fix-CTR-TR-3OBJ-2SG.ERG DET=NMLZ-fence	page 35, engine english
(40a) line 5	Reed Steiner and Lisa Matthewson	translation	‘Are you ever gonna fix the fence?’	page 35, engine english, cited VF | BP 16 April 2026, the authors' translation of the speaker's sentence
(40a) line 5	Reed Steiner and Lisa Matthewson	citation	(VF | BP 16 April 2026)	the tag or source at the right of the translation
(40b) line 1	Reed Steiner and Lisa Matthewson	note	Demonstrative + Plain DP:	page 35, engine english
(40b) line 2	nɬeʔkepmxcín	transcription	? xʷúy̓ n̓ meɬ cutéxʷ xéʔe ɬ sk̓íx	page 35, engine language
(40b) line 3	nɬeʔkepmxcín	segmentation	xʷúy̓=∅=n̓=meɬ cw-[n]-t-∅-éxʷ xéʔe ɬ=s-k̓íx	page 35, engine language
(40b) line 4	nɬeʔkepmxcín	gloss	PROSP=3SBJ=Q=2CL fix-CTR-TR-3OBJ-2SG.ERG DIST DET=NMLZ-fence	page 35, engine english
(40b) line 5	Reed Steiner and Lisa Matthewson	translation	‘Are you ever gonna fix that fence?’	page 35, engine english, cited SF | BP 16 April 2026, the authors' translation of the speaker's sentence
(40b) line 5	Reed Steiner and Lisa Matthewson	citation	(SF | BP 16 April 2026)	the tag or source at the right of the translation
(40b) line 6	Bev Phillips	speaker comment	Consultant’s comment on (b): “Yeah, but you said he doesn’t have any more jobs, so I don’t need to say xéʔe. I could use it, but I don’t have to be specific.”	page 35, engine english
(40c) line 1	Reed Steiner and Lisa Matthewson	note	Demonstrative +oblique:	page 35, engine english
(40c) line 2	nɬeʔkepmxcín	transcription	# xʷúy̓ n̓ meɬ cutéxʷ xéʔe tk sk̓íx	page 35, engine language
(40c) line 3	nɬeʔkepmxcín	segmentation	xʷúy̓=∅=n̓=meɬ cw-[n]-t-∅-éxʷ xéʔe t=k=s-k̓íx	page 35, engine language
(40c) line 4	nɬeʔkepmxcín	gloss	PROSP=3SBJ=Q=2CL fix-CTR-TR-3OBJ-2SG.ERG DIST OBL=DET=NMLZ-fence	page 35, engine english
(40c) line 5	Reed Steiner and Lisa Matthewson	translation	Intended: ‘Are you ever gonna fix that fence?’	page 35, engine english, cited SF | BP 16 April 2026, the authors' translation of the speaker's sentence
(40c) line 5	Reed Steiner and Lisa Matthewson	citation	(SF | BP 16 April 2026)	the tag or source at the right of the translation
(40c) line 6	Bev Phillips	speaker comment	Consultant’s comment on (c): “No, you’re being specific. It makes it sound like there’s more than one fence. You don’t need to say it. There's only one fence he has to fix. How many holes? Only one. So why would you say xéʔe tk s k̓íx if there's only one fence? If there’s many more parts that are broken, then yeah: xéʔe tk sk̓íx.”	page 35, engine english
§3.8.2	Reed Steiner and Lisa Matthewson	note	Another example of a sub-part reading being induced by the oblique is given in (41).	page 35
(41) line 1	Reed Steiner and Lisa Matthewson	note	Context: You're cooking with Brent. Part of the bread he’s using is moldy. You indicate which spot and tell him to cut off that piece.	page 35, engine english
(41a) line 1	Reed Steiner and Lisa Matthewson	note	Demonstrative + oblique:	page 35, engine english
(41a) line 2	nɬeʔkepmxcín	transcription	ník̓ete xéʔe tk səplíl	page 35, engine language
(41a) line 3	nɬeʔkepmxcín	segmentation	ník̓-n-t-∅-e xéʔe t=k=səplíl	page 35, engine language
(41a) line 4	nɬeʔkepmxcín	gloss	cut-CTR-TR-3OBJ-IMP DIST OBL=DET=bread	page 35, engine english
(41a) line 5	Reed Steiner and Lisa Matthewson	translation	‘Cut that (part) of the bread.’	page 35, engine english, cited SF | BP 4 June 2026, the authors' translation of the speaker's sentence
(41a) line 5	Reed Steiner and Lisa Matthewson	citation	(SF | BP 4 June 2026)	the tag or source at the right of the translation
(41b) line 1	Reed Steiner and Lisa Matthewson	note	Demonstrative + plain DP:	page 35, engine english
(41b) line 2	nɬeʔkepmxcín	transcription	# ník̕ete xéʔe səplíl	page 35, engine language
(41b) line 3	nɬeʔkepmxcín	segmentation	ník̓-n-t-∅-e xéʔe [e]=səplíl	page 35, engine language
(41b) line 4	nɬeʔkepmxcín	gloss	cut-CTR-TR-3OBJ-IMP DIST DET=bread	page 35, engine english
(41b) line 5	Reed Steiner and Lisa Matthewson	translation	‘Cut that bread.’	page 35, engine english
(41b) line 6	Reed Steiner and Lisa Matthewson	translation	≠ ‘Cut that (part) of the bread.’	page 35, engine english, cited SF | BP 4 June 2026, the authors' translation of the speaker's sentence
(41b) line 6	Reed Steiner and Lisa Matthewson	citation	(SF | BP 4 June 2026)	the tag or source at the right of the translation
(41b) line 7	Bev Phillips	speaker comment	Consultant's comment on (b): “It’s getting too vague, unless you and him really know what you're talking about. You could say it, but it might not come across as what you're thinking it's coming across as.”	page 36, engine english
§3.8.2	Reed Steiner and Lisa Matthewson	note	Sub-part readings of demonstratives with obliques factor heavily into our analysis. We argue that the oblique functions as a partitive when it forms a constituent with a demonstrative (literally ‘that (one) of a/the NP’). This analysis explains why demonstratives with obliques require anti- uniqueness, and it gets the sub-part readings discussed in this section ‘for free’.	page 36
§3.8.3	Reed Steiner and Lisa Matthewson	heading	3.8.3 Other exceptions involving joint attention	page 36
§3.8.3	Reed Steiner and Lisa Matthewson	note	A final set of exceptions seems to involve joint attention, although more testing is needed to determine precisely what the generalizations are. In contexts where the speaker is creating joint attention where there may not have been joint attention previously, the demonstrative with an oblique is required.	page 36
(42) line 1	Reed Steiner and Lisa Matthewson	note	Context: Ella and Danica are watching TV. They turn the TV on, and the first thing that appears is a man talking into the camera. There are no other men on the screen.	page 36, engine english
(42a) line 1	Reed Steiner and Lisa Matthewson	note	Plain DP:	page 36, engine english
(42a) line 2	nɬeʔkepmxcín	transcription	# zóqʷ ƛ̓əm̓ e sqáyxʷ	page 36, engine language
(42a) line 3	nɬeʔkepmxcín	segmentation	zóqʷ=∅=ƛ̓əm̓ e=s-qáyxʷ	page 36, engine language
(42a) line 4	nɬeʔkepmxcín	gloss	die=3SBJ=2CL DET=NMLZ-man	page 36, engine english
(42a) line 5	Reed Steiner and Lisa Matthewson	translation	Intended ‘The man is dead [now].’	page 36, engine english, cited SF | BP 11 June 2026, the authors' translation of the speaker's sentence
(42a) line 5	Reed Steiner and Lisa Matthewson	citation	(SF | BP 11 June 2026)	the tag or source at the right of the translation
(42a) line 6	Bev Phillips	speaker comment	Consultant’s comment on (a): “Nope, it’s too vague.”	page 36, engine english
(42b) line 1	Reed Steiner and Lisa Matthewson	note	Demonstrative + plain DP:	page 36, engine english
(42b) line 2	nɬeʔkepmxcín	transcription	# zóqʷ ƛ̓əm̓ xéʔe sqáyxʷ	page 36, engine language
(42b) line 3	nɬeʔkepmxcín	segmentation	zóqʷ=∅=ƛ̓əm̓ xéʔe [e]=s-qáyxʷ	page 36, engine language
(42b) line 4	nɬeʔkepmxcín	gloss	die=3SBJ=2CL DIST DET=NMLZ-man	page 36, engine english
(42b) line 5	Reed Steiner and Lisa Matthewson	translation	Intended: ‘That man is dead [now].’	page 36, engine english, cited SF | BP 11 June 2026, the authors' translation of the speaker's sentence
(42b) line 5	Reed Steiner and Lisa Matthewson	citation	(SF | BP 11 June 2026)	the tag or source at the right of the translation
(42c) line 1	Reed Steiner and Lisa Matthewson	note	Demonstrative + oblique:	page 36, engine english
(42c) line 2	nɬeʔkepmxcín	transcription	zóqʷ ƛ̓əm̓ xéʔe tk sqáyxʷ	page 36, engine language
(42c) line 3	nɬeʔkepmxcín	segmentation	zóqʷ=∅=ƛ̓əm̓ xéʔe t=k=s-qáyxʷ	page 36, engine language
(42c) line 4	nɬeʔkepmxcín	gloss	die=3SBJ=2CL DIST OBL=DET=NMLZ-man	page 36, engine english
(42c) line 5	Reed Steiner and Lisa Matthewson	translation	‘That man is dead [now].’	page 36, engine english, cited VF | BP 11 June 2026, the authors' translation of the speaker's sentence
(42c) line 5	Reed Steiner and Lisa Matthewson	citation	(VF | BP 11 June 2026)	the tag or source at the right of the translation
§3.8.3	Reed Steiner and Lisa Matthewson	note	This generalization extends to gradable adjective predicates: demonstratives are only acceptable with obliques in this context.	page 36
(43) line 1	Reed Steiner and Lisa Matthewson	note	Context: Ella and Danica are watching TV. They turn the TV on, and the first thing that appears is a man talking into the camera. There are no other men on the screen.	page 37, engine english
(43a) line 1	Reed Steiner and Lisa Matthewson	note	Demonstrative + plain DP:	page 37, engine english
(43a) line 2	nɬeʔkepmxcín	transcription	# ƛ̓áx̣t xéʔe sqáyxʷ	page 37, engine language
(43a) line 3	nɬeʔkepmxcín	segmentation	ƛ̓áx̣-t=∅ xéʔe [e]=s-qáyxʷ	page 37, engine language
(43a) line 4	nɬeʔkepmxcín	gloss	tall-INTR=3SBJ DIST DET=NMLZ-man	page 37, engine english
(43a) line 5	Reed Steiner and Lisa Matthewson	translation	Intended: ‘That man is tall.’	page 37, engine english, cited SF | BP 11 June 2026, the authors' translation of the speaker's sentence
(43a) line 5	Reed Steiner and Lisa Matthewson	citation	(SF | BP 11 June 2026)	the tag or source at the right of the translation
(43b) line 1	Reed Steiner and Lisa Matthewson	note	Demonstrative + oblique:	page 37, engine english
(43b) line 2	nɬeʔkepmxcín	transcription	ƛ̓áx̣t xéʔe tk sqáyxʷ	page 37, engine language
(43b) line 3	nɬeʔkepmxcín	segmentation	ƛ̓áx̣-t=∅ xéʔe t=k=s-qáyxʷ	page 37, engine language
(43b) line 4	nɬeʔkepmxcín	gloss	tall-INTR=3SBJ DIST OBL=DET=NMLZ-man	page 37, engine english
(43b) line 5	Reed Steiner and Lisa Matthewson	translation	‘That man is tall!’	page 37, engine english, cited SF | BP 11 June 2026, the authors' translation of the speaker's sentence
(43b) line 5	Reed Steiner and Lisa Matthewson	citation	(SF | BP 11 June 2026)	the tag or source at the right of the translation
§3.8.3	Reed Steiner and Lisa Matthewson	note	More data is needed before any generalizations can be made. These cases may be exceptional because of the television, whose contents may involve a separate situation spatially disjoined from the speech situation. They could also be exceptional because of joint attention. In any case, demonstratives are highly sensitive to context, and more research is needed to explain the exceptions. See section 4.2.2 for further discussion.	page 37
§3.9	Reed Steiner and Lisa Matthewson	heading	3.9 Summary of generalizations	page 37
§3.9	Reed Steiner and Lisa Matthewson	language	nɬeʔkepmxcín	the language of this paper, a.k.a. Thompson River Salish, Northern Interior Salish, ISO 639-3 thp
§3.9	Reed Steiner and Lisa Matthewson	note	To summarize, nɬeʔkepmxcín nominal demonstratives signify uniqueness, and demonstratives with obliques require anti-uniqueness. Demonstratives are always illicit when there is no uniquely identifiable referent, and they are always acceptable when a gesture is used to identify a unique referent from a larger set (section 3.2). Where demonstratives with plain DPs and demonstratives with obliques differ is in unique contexts, where the referent is already unique and does not need to be isolated from a larger set. In general, plain DPs without a demonstrative are preferred unless the demonstrative adds some new information. But whereas a demonstrative with a plain DP is redundant in these contexts, a demonstrative with an oblique is entirely illicit. In immediate situation unique contexts, where the referent is already unique in the immediate speech situation, demonstratives with plain DPs are acceptable, but demonstratives with obliques are categorically rejected (section 3.3). In larger situation unique contexts, where the referent is not necessarily present in the immediate situation, but is known to be unique in the larger situation, demonstratives with plain DPs are acceptable, but demonstratives with obliques are rejected (section 3.4). In contexts where the referent is known to be globally unique, demonstratives with plain DPs are acceptable, but demonstratives with obliques are rejected, except for some speakers who reject all demonstratives outright on some occasions (section 3.5). In bridging contexts, where the referent is uniquely identifiable through some other DP introduced earlier in the discourse, demonstratives with plain DPs are acceptable, and demonstratives with obliques are unacceptable (sections 3.6-3.7). All these data points support the generalization that demonstratives with plain DPs signify uniqueness, and demonstratives with obliques require anti-uniqueness. The systematic exceptions support this conclusion. Demonstratives with obliques are exceptionally permitted with gradable adjective predicates because the standard of comparison implies another individual and satisfies the anti-uniqueness requirement (§3.8.1). Demonstratives with obliques are also exceptionally permitted with a sub-part reading, where they refer to only one subpart of a larger whole (§3.8.2). This supports the hypothesis that demonstratives with obliques strictly identify some unique individual or part from a larger set or larger individual within which they are non-unique: if the individual is also unique in that larger set, the demonstrative with an oblique is ill-formed.	page 37
§3.9	Reed Steiner and Lisa Matthewson	note	These findings are summarized in Table 2.	page 38
footnote 22	Reed Steiner and Lisa Matthewson	note	22 One additional diagnostic for weak (unique) vs. strong (familiar) definites is co-occur with proper names. According to Schwarz (2009:40), “in cases where a proper name can appear with a definite article, the weak article is used, since proper names by definition pick out a unique individual”. However, not all languages allow any kind of definite element to co-occur with proper names. In nɬeʔkepmxcín, preliminary investigation suggests that demonstratives are infelicitous with names, or at least have an emotive interpretation:	page 39, footnote
§3.9	Reed Steiner and Lisa Matthewson	note	Table 2: Summary of nɬeʔkepmxcín demonstrative facts Plain DP Demonstrative with a plain DP Demonstrative with an oblique Non-unique referent ✔ # # Unique referent via gesture ✔ ✔ ✔ Immediate situation unique referent ✔ ✔ # Larger situation unique referent ✔ ✔ # Global situation unique referent ✔ ✔/# # Part-whole bridging ✔ ✔ # Relational anaphora bridging ✔ ✔ # Gradable predicates ✔ ✔ ✔ Subpart readings # # ✔ From these findings, we generalize that demonstratives signify a referent is unique, and demonstratives with obliques signify a referent is unique within a larger set in which it is non- unique.22	page 39
footnote 22 (i) line 1	Reed Steiner and Lisa Matthewson	note	Context: I ask what you are doing later today, and you reply:	page 39, engine english
footnote 22 (i) line 2	nɬeʔkepmxcín	transcription	a. xʷúy̓ nés míl̓tmne c̓úʔsinek	page 39, engine language
footnote 22 (i) line 3	nɬeʔkepmxcín	segmentation	xʷúy̓ nés míl̓t-m[in]-[t]-∅-ne c̓úʔsinek	page 39, engine language
footnote 22 (i) line 4	nɬeʔkepmxcín	gloss	PROSP go visit-RLT-TR-3OBJ-1SG.ERG c̓úʔsinek	page 39, engine english
footnote 22 (i) line 5	Reed Steiner and Lisa Matthewson	translation	‘I am going to see c̓úʔsinek.’	page 39, engine english, cited VF | KBG 15 June 2026, the authors' translation of the speaker's sentence
footnote 22 (i) line 5	Reed Steiner and Lisa Matthewson	citation	(VF | KBG 15 June 2026)	the tag or source at the right of the translation
footnote 22 (i) line 6	nɬeʔkepmxcín	transcription	b. # xʷúy̓ nés míl̓tmne xéʔe c̓úʔsinek	page 39, engine language
footnote 22 (i) line 7	nɬeʔkepmxcín	segmentation	xʷúy̓ nés míl̓t-m[in]-[t]-∅-ne xéʔe c̓úʔsinek	page 39, engine language
footnote 22 (i) line 8	nɬeʔkepmxcín	gloss	PROSP go visit-RLT-TR-3OBJ-1SG.ERG DIST c̓úʔsinek	page 39, engine english
footnote 22 (i) line 9	Reed Steiner and Lisa Matthewson	translation	‘I am going to see [that] c̓úʔsinek.’	page 39, engine english, cited SF | KBG 15 June 2026, the authors' translation of the speaker's sentence
footnote 22 (i) line 9	Reed Steiner and Lisa Matthewson	citation	(SF | KBG 15 June 2026)	the tag or source at the right of the translation
footnote 22 (i) line 10	kʷaɬtèzetkʷ (Bernice Garcia)	speaker comment	Consultant’s comment on (b): [shakes head] . “For me it sounds rude, it’s you’re like you’re kinda annoyed with her.”	page 39, engine english
footnote 22	Reed Steiner and Lisa Matthewson	language	St’át’imcets	Lillooet, Northern Interior Salish. (11) is St’át’imcets
footnote 22	Reed Steiner and Lisa Matthewson	note	Interestingly, Matthewson (2002) shows that in St’át’imcets, demonstratives can appear with proper names. Further research is required.	page 39
§4	Reed Steiner and Lisa Matthewson	heading	4 Sketch of an analysis	page 40
§4	Reed Steiner and Lisa Matthewson	language	nɬeʔkepmxcín	the language of this paper, a.k.a. Thompson River Salish, Northern Interior Salish, ISO 639-3 thp
§4	Reed Steiner and Lisa Matthewson	note	We do not present a formal analysis here, but we informally sketch our proposal about the semantics of nɬeʔkepmxcín demonstratives. This is work in progress.	page 40
§4	Reed Steiner and Lisa Matthewson	language	St’át’imcets	Lillooet, Northern Interior Salish. (11) is St’át’imcets
§4	Reed Steiner and Lisa Matthewson	note	Broadly speaking, when talking about a specific individual, a nɬeʔkepmxcín speaker has at least three options: a plain DP, a demonstrative with a plain DP, or a demonstrative with an oblique. Plain DPs we argue signify neither uniqueness nor familiarity: following Matthewson (2022) on St’át’imcets, we tentatively assume they are of type <e,t> and combine with a phonologically null choice function that returns a specific individual (section 4.1). When demonstratives combine with a plain DP, they replace the choice function, and return a unique individual which is not necessarily familiar (section 4.2). Obliques modifying demonstratives function as partitives: they introduce a proper superset of individuals containing the referent of the demonstrative (section 4.3). The three options available to a speaker interact with one another, which introduces competition effects.	page 40
§4.1	Reed Steiner and Lisa Matthewson	heading	4.1 Plain DPs	page 40
§4.1	Reed Steiner and Lisa Matthewson	language	nɬeʔkepmxcín	the language of this paper, a.k.a. Thompson River Salish, Northern Interior Salish, ISO 639-3 thp
§4.1	Reed Steiner and Lisa Matthewson	note	We have not undertaken targeted investigation of plain DPs – in other words, of the semantics of determiners – in nɬeʔkepmxcín. However, we assume following Koch & Zimmermann (2010:239) that nɬeʔkepmxcín “[d]eterminers do not encode a definite/indefinite-distinction, nor a uniqueness presupposition”. This means that all plain DPs are indefinites. Due to the absence of any contrasting definite plain DPs, these indefinite plain DPs can be used in contexts that satisfy uniqueness and/or familiarity. They do not, however, require either uniqueness or familiarity.	page 40
§4.1	Reed Steiner and Lisa Matthewson	language	St’át’imcets	Lillooet, Northern Interior Salish. (11) is St’át’imcets
§4.1	nɬeʔkepmxcín	cited form	smúɬec	page 40, ‘a/the woman’
§4.1	Reed Steiner and Lisa Matthewson	note	We further follow Matthewson’s (2022) approach to St’át’imcets, according to which a plain nɬeʔkepmxcín DP such as e smúɬec ‘a/the woman’ contains a phonologically null choice function when it appears in argument position. As schematized in (44), the determiner plus NP constituent is a predicate of type <e,t> (roughly denoting a set of individuals). In this case, the lower DP node denotes the set of all individuals who are women and who are proximal to the discourse situation (due to the determiner (h)e=). The choice function then selects an individual from that set, and the entire phrase is of type e, referring to the chosen individual woman.	page 40
(44)	Reed Steiner and Lisa Matthewson	note	(44)	page 41, drawn as a picture with no text layer
(44)	Reed Steiner and Lisa Matthewson	symbol note	(44)	page 41, a tree drawn as a picture with no text layer: DP of type e over a null choice function ∅ of type ⟨⟨e,t⟩,e⟩ and a DP of type ⟨e,t⟩, which is D e= DET of type ⟨e,t⟩ and NP smúɬec ‘woman’ of type ⟨e,t⟩
§4.1	Reed Steiner and Lisa Matthewson	note	An interesting question for future research is why plain DPs are good in bridging contexts (see sections 3.6 and 3.7). If demonstratives plus plain DPs encode uniqueness, and plain DPs alone do not, we might expect demonstratives to be preferred in bridging contexts, which crucially rely on uniqueness (and which do not allow indefinites in English, for example). Potential avenues to explore in explaining this behavior could involve the specificity of plain DPs (if indeed, they are specific, as they are in St’át’imcets), or perhaps plain determiners do not pragmatically compete with demonstratives when it comes to uniqueness, since they have different deictic properties.	page 41
§4.2	Reed Steiner and Lisa Matthewson	heading	4.2 Demonstratives with plain DPs	page 41
§4.2.1	Reed Steiner and Lisa Matthewson	heading	4.2.1 Syntax	page 41
§4.2.1	Reed Steiner and Lisa Matthewson	language	St’át’imcets	Lillooet, Northern Interior Salish. (11) is St’át’imcets
§4.2.1	Reed Steiner and Lisa Matthewson	language	nɬeʔkepmxcín	the language of this paper, a.k.a. Thompson River Salish, Northern Interior Salish, ISO 639-3 thp
§4.2.1	Reed Steiner and Lisa Matthewson	note	We propose that demonstratives adjoin to plain DPs. This differs from earlier work on St’át’imcets, in which demonstratives are located in the specifier of the DP (Matthewson & Davis 1995). A hypothetical analysis where the demonstrative takes a plain DP as a complement is not viable, because it predicts the demonstrative would be immobile. However, nɬeʔkepmxcín demonstratives frequently move to second position without their associated DP (45), even across clauses (46).	page 41
(45) line 1	nɬeʔkepmxcín	transcription	xʷúy̓ xéʔe cucuténe e tékm e c̓y̓c̓y̓é	page 41, engine language
(45) line 2	nɬeʔkepmxcín	segmentation	xʷúy̓=∅ xéʔe cu~cu-t-∅-éne e=tékm e=c̓y̓~c̓y̓é	page 41, engine language
(45) line 3	nɬeʔkepmxcín	gloss	PROSP=3SBJ DIST AUG~fix-TR-3OBJ-1SG.ERG DET=all DET=AUG~basket	page 41, engine english
(45) line 4	Reed Steiner and Lisa Matthewson	translation	‘I'm gonna fix all these baskets.’	page 41, engine english, cited VF | BP 17 April 2025, the authors' translation of the speaker's sentence
(45) line 4	Reed Steiner and Lisa Matthewson	citation	(VF | BP 17 April 2025)	the tag or source at the right of the translation
(46) line 1	nɬeʔkepmxcín	transcription	kéʔ xéʔ ks wíktxʷ ɬ spzúz̓uʔ	page 41, engine language
(46) line 2	nɬeʔkepmxcín	segmentation	kéʔ=∅ xeʔ k=s=wík-t-∅-xʷ=∅ ɬ=s-pzú≲z̓u≳ʔ	page 41, engine language
(46) line 3	nɬeʔkepmxcín	gloss	Q=3SBJ DIST D/C=NMLZ=see-TR-3OBJ-2SG.ERG=3SBJ DET=NMLZ-bird≲DIM≳	page 41, engine english
(46) line 4	Reed Steiner and Lisa Matthewson	translation	‘Did you see that bird?’	page 41, engine english, cited SF | BP 20 Mar 2025, the authors' translation of the speaker's sentence
(46) line 4	Reed Steiner and Lisa Matthewson	citation	(SF | BP 20 Mar 2025)	the tag or source at the right of the translation
(46) line 5	Reed Steiner and Lisa Matthewson	translation	Literally: ‘Is it that you saw that bird?’	page 42, engine english
§4.2.1	Reed Steiner and Lisa Matthewson	note	While it is likely that nɬeʔkepmxcín has clausal demonstratives, which are generated higher in the structure and do not undergo movement to second position (see Reisinger & Huijsmans 2021, Huijsmans 2023), demonstratives associated with argument positions do undergo syntactic movement, and must obey island constraints. In (47a), a demonstrative is accepted in the argument position of a relative clause. In (47b), the demonstrative is in second position of the main clause, which violates the Complex NP Island Constraint (Ross 1967:127). The sentence is rejected, which provides evidence that demonstratives associated with argument positions undergo syntactic movement to second position.	page 42
(47a) line 1	nɬeʔkepmxcín	transcription	y̓emínne ɬ ntéwmn	page 42, engine residue
(47a) line 2	nɬeʔkepmxcín	segmentation	y̓e-min-n-[t]-∅-[e]ne ɬ=n-téw-mn	page 42, engine language
(47a) line 3	nɬeʔkepmxcín	gloss	good-RLT-CTR-TR-3OBJ-1SG.ERG DET.REM=LOC-buy-INS	page 42, engine english
(47a) line 4	nɬeʔkepmxcín	transcription	tue ʔálne ws xʔé tk kepú	page 42, engine residue
(47a) line 5	nɬeʔkepmxcín	segmentation	tu=e=ʔáz-n-[t]-∅-ne=ws xʔé t=k=kepú	page 42, engine language
(47a) line 6	nɬeʔkepmxcín	gloss	from=DET=buy-CTR-TR-3OBJ-1SG.ERG=3SBJV PROX OBL=DET=coat	page 42, engine english
(47a) line 7	Reed Steiner and Lisa Matthewson	translation	‘I like the store (from) where I bought this coat.’	page 42, engine english, cited SF | BP 27 March 2025, the authors' translation of the speaker's sentence
(47a) line 7	Reed Steiner and Lisa Matthewson	citation	(SF | BP 27 March 2025)	the tag or source at the right of the translation
(47b) line 1	nɬeʔkepmxcín	transcription	*y̓emínne xʔé ɬ ntéwmn	page 42, engine language
(47b) line 2	nɬeʔkepmxcín	segmentation	y̓e-min-n-[t]-ø-ne xʔé ɬ=n-téw-mn	page 42, engine language
(47b) line 3	nɬeʔkepmxcín	gloss	good-REL-CTR-TR-3OBJ-1SG.ERG PROX DET=LOC-sell-INS	page 42, engine english
(47b) line 4	nɬeʔkepmxcín	transcription	tue ʔálne ws tk kepú	page 42, engine english
(47b) line 5	nɬeʔkepmxcín	segmentation	tu=e=ʔáz-n-[t]-∅-ne=ws t=k=kepú	page 42, engine language
(47b) line 6	nɬeʔkepmxcín	gloss	from=DET=buy-CTR-TR-3OBJ-1SG.ERG=3SBJV OBL=DET=coat	page 42, engine english
(47b) line 7	Reed Steiner and Lisa Matthewson	translation	Intended: ‘I like the store (from) where I bought this coat.’	page 42, engine english, cited SF | BP 27 March 2025, the authors' translation of the speaker's sentence
(47b) line 7	Reed Steiner and Lisa Matthewson	citation	(SF | BP 27 March 2025)	the tag or source at the right of the translation
(47b) line 8	Bev Phillips	speaker comment	Consultant's comment on (b): “I don’t know about that. Are you in it [the store]? You're holding a label or pointing at the store or in the store or something.”	page 42, engine english
§4.2.1	Reed Steiner and Lisa Matthewson	note	Because demonstratives can undergo syntactic movement to second position, they are likely generated as adjuncts or specifiers to the DP. Matthewson & Davis (1995) argue against the adjunction analysis for St’át’imcets: if demonstratives were adjoined to DPs, then there would be nothing to prevent the inner DP from containing a quantifier, which incorrectly predicts that demonstratives should be acceptable before quantifiers. This works for St’át’imcets, but there are two reasons to prefer the adjunction analysis for nɬeʔkepmxcín.	page 42
§4.2.1	Reed Steiner and Lisa Matthewson	name	kʷałtèzetkʷ	Bernice Garcia's traditional name, KBG in the tags, written with ł
§4.2.1	Reed Steiner and Lisa Matthewson	note	The first reason to prefer the adjunction analysis for nɬeʔkepmxcín is that on one occasion, kʷałtèzetkʷ did accept a demonstrative before a quantifier, although such cases are never volunteered.	page 42
(48) line 1	nɬeʔkepmxcín	transcription	xʷúy̓ n̓ ʔúpinxʷ xéʔe tékm e səplíl	page 43, engine language
(48) line 2	nɬeʔkepmxcín	segmentation	xʷúy̓=∅=n̓ ʔúpi-n-[t]-∅-[e]xʷ xéʔe tékm e=səplíl	page 43, engine language
(48) line 3	nɬeʔkepmxcín	gloss	PROSP=3SBJ=Q eat-CTR-TR-3OBJ-2SG.ERG DIST all DET=bread	page 43, engine english
(48) line 4	kʷaɬtèzetkʷ (Bernice Garcia)	speaker comment	Consultant’s comment: “Are you gonna eat all that bread?” [chuckles]	page 43, engine english
(48) line 5	Reed Steiner and Lisa Matthewson	citation	(SF | KBG 15 April 2025)	page 43, engine english
§4.2.1	Reed Steiner and Lisa Matthewson	note	It is unclear how robust these judgements are, and BP does reject this word order (see 7b. above). However, the fact that such a sentence is acceptable at all for some speakers is a notable difference from St’át’imcets, and potentially supports an analysis where demonstratives are adjoined to the DP. How the rigid word order is derived for BP remains an unanswered question. The second reason to prefer the adjunction analysis for nɬeʔkepmxcín involves possessors. If demonstratives occupied SpecD, they would be predicted to block possessors from raising to this position. However, this is not the case: when a demonstrative introduces a possessed DP, its possessor can move to a position between the demonstrative and the DP.	page 43
(49) line 1	Reed Steiner and Lisa Matthewson	note	Context: There are two large piles of pens on the table. One of the piles belongs to Brent, and most of those pens are broken. Reed gestures to the broken pens in Brent's pile.	page 43, engine english
(49a) line 1	nɬeʔkepmxcín	transcription	máʕ̓t e tékm xəxʔé c̓əq̓ʷmíns e brent	page 43, engine language
(49a) line 2	nɬeʔkepmxcín	segmentation	máʕ̓-t=∅ e=tékm xə~xʔé [e]=c̓əq̓̕ʷ-mín-s e=Brent	page 43, engine language
(49a) line 3	nɬeʔkepmxcín	gloss	broken-INTR=3SBJ DET=all AUG~PROX DET=write-INS-3POSS DET=Brent	page 43, engine english
(49a) line 4	Reed Steiner and Lisa Matthewson	translation	‘All of these pens of Brent’s are broken.’	page 43, engine english, cited VF | BP 24 April 2026, the authors' translation of the speaker's sentence
(49a) line 4	Reed Steiner and Lisa Matthewson	citation	(VF | BP 24 April 2026)	the tag or source at the right of the translation
(49b) line 1	nɬeʔkepmxcín	transcription	máʕ̓t e tékm xəxʔé brent e c̓əq̓ʷmíns	page 43, engine language
(49b) line 2	nɬeʔkepmxcín	segmentation	máʕ̓-t=∅ e=tékm xə~xʔé [e]=Brent e=c̓əq̓ʷ-mín-s	page 43, engine language
(49b) line 3	nɬeʔkepmxcín	gloss	broken-INTR=3SBJ DET=all AUG~PROX DET=Brent DET=write-INS-3POSS	page 43, engine english
(49b) line 4	Reed Steiner and Lisa Matthewson	translation	‘All of these pens of Brent’s are broken.’	page 43, engine english, cited SF | BP 24 April 2026; Hall 2026, the authors' translation of the speaker's sentence
(49b) line 4	Reed Steiner and Lisa Matthewson	citation	(SF | BP 24 April 2026; Hall 2026)	the tag or source at the right of the translation
§4.2.1	Reed Steiner and Lisa Matthewson	note	These data points support the claim that demonstratives in nɬeʔkepmxcín do not occupy the SpecD position. Short of stipulating a silent functional projection to host the demonstrative in its specifier, we tentatively assume the demonstrative is an adjunct to the DP. Our syntactic proposal for demonstratives with plain DPs is schematized in (50).	page 43
(50)	Reed Steiner and Lisa Matthewson	note	(50)	page 44, drawn as a picture with no text layer
(50)	Reed Steiner and Lisa Matthewson	symbol note	(50)	page 44, a tree drawn as a picture with no text layer: DP of type e over DemP xéʔe DIST of type ⟨⟨e,t⟩,e⟩ and a DP of type ⟨e,t⟩, which is D e= DET and NP smúɬec ‘woman’, each of type ⟨e,t⟩
§4.2.1	Reed Steiner and Lisa Matthewson	note	Comparing the trees in (44) and (50) reveals that demonstratives have the same semantic type as the null choice function. Both take a DP predicate of type <e,t> and return a specific individual. The difference is that the demonstrative returns a unique individual.	page 44
§4.2.2	Reed Steiner and Lisa Matthewson	heading	4.2.2 Semantics	page 44
§4.2.2	Reed Steiner and Lisa Matthewson	language	nɬeʔkepmxcín	the language of this paper, a.k.a. Thompson River Salish, Northern Interior Salish, ISO 639-3 thp
§4.2.2	nɬeʔkepmxcín	cited form	xéʔe	page 44
§4.2.2	nɬeʔkepmxcín	cited form	sqáqx̣aʔ	page 44, ‘that dog’
§4.2.2	Reed Steiner and Lisa Matthewson	note	We propose that nɬeʔkepmxcín nominal demonstratives have the semantics of weak definites, in the sense of Schwarz (2009): they enforce uniqueness within a situation, but do not impose a familiarity requirement. Thus, a demonstrative + plain DP phrase like xéʔe e sqáqx̣aʔ ‘that dog’ picks out the unique dog within a relevant discourse situation. Importantly, as argued by Wolter (2006) among many others, the uniqueness imposed by demonstratives is not required to hold within the entire discourse situation within which definite articles are evaluated. Deictic gestures such as pointing are able to narrow down the domain, picking out a smaller situation within which the uniqueness is verified. In Wolter’s terminology, demonstratives enforce uniqueness within a ‘non-default’ situation.	page 44
§4.2.2	Reed Steiner and Lisa Matthewson	note	The relevance of deictic gestures in narrowing the situation within which the referent is unique is illustrated in (51). In (51a), there are two cats in the speech situation, and the consultant indicates that pointing is necessary to license the demonstrative. In (51b), the consultant volunteers a demonstrative (with an oblique) in a situation where each child is being pointed at.	page 44
(51) line 1	Reed Steiner and Lisa Matthewson	note	Context (storyboard; adapted from Robinson 2005:49, who cites Löbner 1987): Lucy’s grandson just arrived from far away and he doesn’t know the language yet. She is teaching him by pointing out the things they see as they go for a walk.	page 44, engine english
(51a) line 1	nɬeʔkepmxcín	transcription	ʔéx ʕʷóy̓t xéʔe e póṣ ʔeɬ tetéʔ	page 44, engine language
(51a) line 2	nɬeʔkepmxcín	segmentation	ʔéx=∅ ʕʷóy̓-t xéʔe e=póṣ ʔeɬ te~téʔ=∅	page 44, engine language
(51a) line 3	nɬeʔkepmxcín	gloss	IPFV=3SBJ sleep-INTR DIST DET=cat and AUG~NEG	page 44, engine english
(51a) line 4	nɬeʔkepmxcín	transcription	ks ʕʷóy̓ts xéʔe e póṣ	page 44, engine language
(51a) line 5	nɬeʔkepmxcín	segmentation	k=s=ʕʷóy̓-t=s xéʔe e=póṣ	page 44, engine language
(51a) line 6	nɬeʔkepmxcín	gloss	D/C=NMLZ=sleep-INTR=3POSS DIST DET=cat	page 44, engine english
(51a) line 7	Reed Steiner and Lisa Matthewson	translation	‘That cat is sleeping and that cat is not sleeping.’	page 45, engine english, cited SF | BP 2026-04-24, the authors' translation of the speaker's sentence
(51a) line 7	Reed Steiner and Lisa Matthewson	citation	(SF | BP 2026-04-24)	the tag or source at the right of the translation
(51a) line 8	Bev Phillips	speaker comment	Consultant’s comment on (a): “Yeah, if you’re pointing at it, it works. ‘Cause the lady is pointing.”	page 45, engine english
(51b) line 1	nɬeʔkepmxcín	transcription	xéʔe tk sk̓ʷúk̓ʷmiʔt ʔéx sƛ̓éy ʔeɬ e pépyeʔ	page 45, engine language
(51b) line 2	nɬeʔkepmxcín	segmentation	xéʔe t=k=sk̓ʷúk̓ʷmiʔt ʔéx=∅ sƛ̓éy ʔeɬ e=pépyeʔ	page 45, engine language
(51b) line 3	nɬeʔkepmxcín	gloss	DIST OBL=DET=child IPFV=3SBJ dance.female and DET=one.human	page 45, engine english
(51b) line 4	nɬeʔkepmxcín	transcription	te sk̓ʷúk̓ʷmiʔt ʔéx ʔesmíceʔq	page 45, engine language
(51b) line 5	nɬeʔkepmxcín	segmentation	t=e=sk̓ʷúk̓ʷmiʔt ʔéx=∅ ʔes-míceʔq	page 45, engine language
(51b) line 6	nɬeʔkepmxcín	gloss	OBL=DET=child IPFV=3SBJ STAT-sit	page 45, engine english
(51b) line 7	Reed Steiner and Lisa Matthewson	translation	‘That child is dancing and one child is sitting.’	page 45, engine english, cited VF | BP 2026-04-24, the authors' translation of the speaker's sentence
(51b) line 7	Reed Steiner and Lisa Matthewson	citation	(VF | BP 2026-04-24)	the tag or source at the right of the translation
§4.2.2	Reed Steiner and Lisa Matthewson	note	In English, such narrowing to a non-default situation is normally infelicitous for globally unique entities such as the moon. For ordinary reference to a unique entity of this sort, the definite article is a better choice and therefore must be chosen. If one does use a demonstrative when talking about the moon, a pragmatically non-default inference arises, such as an emotive/affective effect. This competition between demonstratives and definites can also explain the anti-uniqueness effect of English demonstratives: reference is to an entity which is unique within the smaller, non-default situation, but because the definite article was not chosen, there is non-uniqueness in the larger, default situation.	page 45
§4.2.2	Reed Steiner and Lisa Matthewson	note	Now, it might seem that we cannot directly use an analysis along these lines for nɬeʔkepmxcín. The two languages differ: as we have shown, in nɬeʔkepmxcín, unlike in English, demonstratives are felicitous in contexts of larger situation uniqueness and even of global uniqueness, such as when referring to the moon.	page 45
§4.2.2	Reed Steiner and Lisa Matthewson	note	However, an independent difference between the languages provides the clue to the cross- linguistic variation. Unlike English, nɬeʔkepmxcín lacks any definite determiner like the. Thus, according to our proposal, demonstratives are the only elements in nɬeʔkepmxcín which enforce uniqueness, and there is no competition with any other uniqueness-imposing element as there is in English. Notice further that even though nɬeʔkepmxcín demonstratives allow narrowing of the situation in which the uniqueness is evaluated, this narrowing is semantically vacuous in larger- situation uniqueness contexts. Given that the moon is globally unique, for example, it makes no difference if we also claim that it is unique within a smaller situation – perhaps one narrowed down by a deictic gesture. The redundancy brought in by adding a demonstrative to an already-unique referent can also explain the fact, illustrated many times above, that speakers prefer to use plain DPs rather than DPs with demonstratives unless there is a particular reason to focus attention on a specific referent.	page 45
§4.2.2	Reed Steiner and Lisa Matthewson	note	Turning briefly to familiarity, our proposal predicts that nɬeʔkepmxcín demonstratives are agnostic with respect this concept. Since the demonstratives do not impose familiarity, they should be fine when referring to novel individuals. And since there is no competing familiarity-requiring element in the language, demonstratives with plain DPs should also be fine when referring to familiar individuals. This is the case, as seen in the examples above – which mostly involve novel referents – and in the familiar referent example in (52):	page 45
(52) line 1	Reed Steiner and Lisa Matthewson	note	Context: You have just told me ‘I was given a cat and a dog yesterday’. Then you say:	page 46, engine english
(52a) line 1	Reed Steiner and Lisa Matthewson	note	Plain DP:	page 46, engine english
(52a) line 2	nɬeʔkepmxcín	transcription	ném e sy̓emínne e póṣ tue sqáqx̣aʔ	page 46, engine language
(52a) line 3	nɬeʔkepmxcín	segmentation	ném=∅ e=s=y̓e-mín-[t]-∅-ne e=póṣ tu=e=sqáqx̣aʔ	page 46, engine language
(52a) line 4	nɬeʔkepmxcín	gloss	intense=3SBJ D/C=NMLZ=good-RLT-TR-3OBJ-1SG.ERG DET=cat from=DET=dog	page 46, engine english
(52a) line 5	Reed Steiner and Lisa Matthewson	translation	‘I like the cat more than the dog.’	page 46, engine english, cited VF | BP 24 April 2026, the authors' translation of the speaker's sentence
(52a) line 5	Reed Steiner and Lisa Matthewson	citation	(VF | BP 24 April 2026)	the tag or source at the right of the translation
(52b) line 1	Reed Steiner and Lisa Matthewson	note	Demonstrative + plain DP:	page 46, engine english
(52b) line 2	nɬeʔkepmxcín	transcription	ném e sy̓emínne xéʔe e póṣ	page 46, engine residue
(52b) line 3	nɬeʔkepmxcín	segmentation	ném=∅ e=s=y̓e-mín-[t]-∅-ne xéʔe e=póṣ	page 46, engine language
(52b) line 4	nɬeʔkepmxcín	gloss	intense=3SBJ D/C=NMLZ=good-RLT-TR-3OBJ-1SG.ERG DIST DET=cat	page 46, engine english
(52b) line 5	nɬeʔkepmxcín	transcription	tue sqáqx̣aʔ	page 46, engine language
(52b) line 6	nɬeʔkepmxcín	segmentation	tu=e=sqáqx̣aʔ	page 46, engine language
(52b) line 7	nɬeʔkepmxcín	gloss	from=DET=dog	page 46, engine english
(52b) line 8	Reed Steiner and Lisa Matthewson	translation	‘I like the cat more than the dog.’	page 46, engine english, cited SF | BP 24 April 2026, the authors' translation of the speaker's sentence
(52b) line 8	Reed Steiner and Lisa Matthewson	citation	(SF | BP 24 April 2026)	the tag or source at the right of the translation
(52b) line 9	Bev Phillips	speaker comment	Consultant’s comment on (b): “Yes.”	page 46, engine english
(52c) line 1	Reed Steiner and Lisa Matthewson	note	Demonstrative + oblique:	page 46, engine english
(52c) line 2	nɬeʔkepmxcín	transcription	# ném e sy̓emínne xéʔe tk póṣ	page 46, engine language
(52c) line 3	nɬeʔkepmxcín	segmentation	ném=∅ e=s=y̓e-mín-[t]-∅-ne xéʔe t=k=póṣ	page 46, engine language
(52c) line 4	nɬeʔkepmxcín	gloss	intense=3SBJ D/C=NMLZ=good-RLT-TR-3OBJ-1SG.ERG DIST OBL=DET=cat	page 46, engine english
(52c) line 5	nɬeʔkepmxcín	transcription	tue sqáqx̣aʔ	page 46, engine language
(52c) line 6	nɬeʔkepmxcín	segmentation	tu=e=sqáqx̣aʔ	page 46, engine language
(52c) line 7	nɬeʔkepmxcín	gloss	from=DET=dog	page 46, engine english
(52c) line 8	Reed Steiner and Lisa Matthewson	translation	‘I like the cat more than the dog.’	page 46, engine english, cited SF | BP 24 April 2026, the authors' translation of the speaker's sentence
(52c) line 8	Reed Steiner and Lisa Matthewson	citation	(SF | BP 24 April 2026)	the tag or source at the right of the translation
(52c) line 9	Bev Phillips	speaker comment	Consultant’s comment on (c): “No.”	page 46, engine english
§4.2.2	Reed Steiner and Lisa Matthewson	note	We very briefly sketch an idea about how this proposal might work compositionally. The demonstrative is of type <<e,t>,e>, like a choice function. It applies to a set-denoting plain DP and picks out the unique referent that satisfies the plain DP predicate within a non-default situation. It also adds deictic or evidential information.	page 46
§4.3	Reed Steiner and Lisa Matthewson	heading	4.3 Demonstratives with obliques	page 46
§4.3	Reed Steiner and Lisa Matthewson	note	We analyze demonstrative with obliques as partitives, and provide an incomplete sketch of an analysis here. Assuming the oblique marker is a preposition, we tentatively propose the structure in (53).23 This analysis is a work in progress.	page 46
footnote 23	Reed Steiner and Lisa Matthewson	note	23 Henry Davis observes (p.c.) that this idea makes predictions about Condition C effects, which we have not had time to test yet.	page 46, footnote
§4.3	Reed Steiner and Lisa Matthewson	note	The oblique PP is a function of type <e,t>, which holds of any individual that satisfies the DP predicate it contains (i.e. in this case, individuals who are women), and which moreover is a proper subpart of the set of salient such individuals in the discourse situation. In this example, the oblique PP picks out the set of individuals who are women and who are a proper subpart of the set of salient women. This proper subpart relation will derive the anti-uniqueness effects (cf. Barker 1998:679: “partitivity is always proper partitivity”.) We further suggest that the oblique PP adjoins to a silent pronoun, and the demonstrative adjoins to the [pro + oblique] constituent. The pronoun identifies the set of salient individuals in a situation s. The pro-DP and the oblique PP combine by Predicate Modification (Heim & Kratzer 1998), giving an intersective meaning. The [pro + oblique] constituent denotes the set of individuals who are salient in the discourse situation, are women, and are a proper subpart of the salient women. The demonstrative then chooses a particular individual from this set.	page 47
§4.3	Reed Steiner and Lisa Matthewson	note	Crucially, pro and the complement of the oblique preposition are evaluated relative to two separate situations. pro is evaluated relative to a non-default, narrowed situation. The complement of the oblique preposition is evaluated relative to a more general situation. This allows the referent of the entire phrase to be unique in a gesture situation, but non-unique in the broader context. Note that the fact that the two situations are distinct is enforced not by the demonstrative itself, but by the partitive relation brought in by the oblique. The non-default pro-situation must be smaller than the situation of the complement of the oblique; otherwise, the set of salient individuals denoted by pro could not be a proper subpart of the set of salient women denoted by the PP. One analytically unfavourable side-effect of this analysis is that pro must be of type <e,t> to compose with the demonstrative, rather than a variable of type e. This means that pro, like other DPs, would have to compose with either a silent choice function or a demonstrative to saturate an argument position. A similar silent nominal has been proposed for partitives in European languages (Falco and Zamparelli 2019, Jackendoff 1977).	page 47
§4.3	Reed Steiner and Lisa Matthewson	note	This analysis is tentative and not worked out in detail yet. There are various other options for the syntactic structure and the semantics; further research is required.	page 48
§5	Reed Steiner and Lisa Matthewson	heading	5 Conclusion	page 48
§5	Reed Steiner and Lisa Matthewson	language	nɬeʔkepmxcín	the language of this paper, a.k.a. Thompson River Salish, Northern Interior Salish, ISO 639-3 thp
§5	Reed Steiner and Lisa Matthewson	note	In this paper we have argued that nɬeʔkepmxcín nominal demonstratives are weak definites in the sense of Schwarz (2009): they convey uniqueness. This uniqueness is required to hold within a non-default situation, often a situation smaller than the entire speech situation and indicated by a deictic gesture. However, this narrowing of the situation can – unlike in languages like English – be semantically vacuous, thus allowing nɬeʔkepmxcín demonstratives to be used, at least for some speakers, even when referring to globally unique entities such as the moon.	page 48
§5	Reed Steiner and Lisa Matthewson	note	We also uncovered anti-uniqueness effects with nɬeʔkepmxcín demonstratives, but these are systematically present when, and only when, the demonstrative combines with an oblique phrase rather than a plain DP. We proposed that these cases are explicit partitive constructions: the oblique marker introduces a necessarily proper superset of entities matching the description provided by the NP. Thus, we argue that there is a cross-linguistic difference between languages like English, where the demonstrative itself (and/or the demonstrative’s pragmatic competition with another form such as a definite article) contributes anti-uniqueness inferences, and languages like nɬeʔkepmxcín, where anti-uniqueness is contributed by an explicit partitive structure. Much work remains to be done. One urgent goal is to better understand the inter-speaker variation we detected. The variation is constrained and non-random: while one speaker consistently patterns in the way summarized here, the other speaker also tends in this direction, and never offers judgements going in the opposite direction. The type of judgments required in this research are extremely context-dependent, and it remains to be determined to what extent our results indicate systematic variation in the grammars of the speakers, as opposed to relative lenience and/or propensity to mentally enrich discourse contexts that are given in elicitation.	page 48
§5	Reed Steiner and Lisa Matthewson	note	We also look forward to broader cross-Salish comparisons in future work by other researchers.	page 48
references	Reed Steiner and Lisa Matthewson	heading	References	page 48
references	Reed Steiner and Lisa Matthewson	reference	Abbott, Barbara, 1999. Support for a unique theory of definiteness. In Tanya Matthews and Devon Strolovitch (eds), Proceedings of SALT IX. pp. 1-15, Ithaca, NY: Cornell University.	
references	Reed Steiner and Lisa Matthewson	reference	Ahn, Dorothy. 2019. THAT thesis: A competition mechanism for anaphoric expressions. Ph.D dissertation, Harvard University.	
references	Reed Steiner and Lisa Matthewson	name	Yağmur	in a reference entry
references	Reed Steiner and Lisa Matthewson	reference	Ahn, Dorothy. 2023. Definite expressions with and without deixis. In Nikolas Webster, Yağmur Kiper, Richard Wang, and Sichen Larry Lyu (eds), Proceedings of 41st West Coast Conference on Formal Linguistics (WCCFL41). pp. 1-17. Somerville, MA: Cascadilla Proceedings Project.	
references	Reed Steiner and Lisa Matthewson	reference	Ahn, Dorothy and Ziling Zhu. 2025. A bridge to definiteness: Identifying unique and relational definites through bridging. Natural Language Semantics 33(4). pp. 433-484.	
references	Skwxwú7mesh	cited form	múta7	a word in the title of a reference entry
references	nɬeʔkepmxcín	cited form	sqwéqwel	page 48
references	Reed Steiner and Lisa Matthewson	language	St’át’imcets	Lillooet, Northern Interior Salish. (11) is St’át’imcets
references	Skwxwú7mesh	cited form	Qwa7yán’ak	a word in the title of a reference entry
references	Reed Steiner and Lisa Matthewson	language	St’át’imc	the St’át’imc, in a reference entry
references	Reed Steiner and Lisa Matthewson	reference	Alexander, Carl, Matt Andrew, Henry Davis and John Lyon. 2025. Sptakwlh múta7 sqwéqwel’: St’át’imcets narratives by Qwa7yán’ak (Carl Alexander). Vancouver and Lillooet: PNWLL Press and Upper St’át’imc Language, Culture and Education Society.	
references	Reed Steiner and Lisa Matthewson	reference	Arkoh, Ruby and Lisa Matthewson. 2013. A familiar definite article in Akan. Lingua 123. pp, 1- 30.	
references	Reed Steiner and Lisa Matthewson	reference	Barker, Chris 1998. Partitives, double genitives and anti-uniqueness. Natural Language and Linguistic Theory 16. pp. 679-717.	
references	Reed Steiner and Lisa Matthewson	reference	Blumberg, Kyle Hammet. 2020. Demonstratives, definite descriptions and non-redundancy. Philosophical Studies 177. pp. 39–64.	
references	Reed Steiner and Lisa Matthewson	reference	Bochnak, M. Ryan and Lisa Matthewson. 2020. Techniques in complex semantic fieldwork. Annual Review of Linguistics 6. pp. 261-283.	
references	Reed Steiner and Lisa Matthewson	name	Jürgen	in a reference entry
references	Reed Steiner and Lisa Matthewson	reference	Bohnemeyer, Jürgen. 2015. A practical epistemology for semantic elicitation in the field and elsewhere. In M. Ryan Bochnak and Lisa Matthewson. (eds.), Methodologies in semantic fieldwork. pp. 13-46. Oxford: Oxford University Press.	
references	Reed Steiner and Lisa Matthewson	name	Stefánsdóttir	in a reference entry
references	Reed Steiner and Lisa Matthewson	reference	Bombi, Carla. 2018. Definiteness in Akan: Familiarity and uniqueness revisited. In Sireemas Maspong, Brynhildur Stefánsdóttir, Katherine Blake & Forrest Davis (eds.), Proceedings of SALT 28. pp. 141-160.	
references	Reed Steiner and Lisa Matthewson	reference	Christopherson, Paul. 1939. The articles: A study of their theory and use in English. Copenhagen: Einar Munksgaard.	
references	Reed Steiner and Lisa Matthewson	reference	Comrie, Bernard, Martin Haspelmath and Balthasar Bickel. 2015. The Leipzig Glossing Rules: Conventions for interlinear morpheme-by-morpheme glosses. Department of Linguistics of the Max Planck Institute for Evolutionary Anthropology and the Department of Linguistics of the University of Leipzig. https://www.eva.mpg.de/lingua/pdf/Glossing-Rules.pdf Davis, Christopher and Christopher Potts. 2010. Affective demonstratives and the division of pragmatic labor. In Maria Aloni, Harald Bastiaanse, Tikitu de Jager and Katrin Schulz eds.), Logic, language, and meaning: 17th Amsterdam Colloquium revised selected papers. pp. 42–52. Berlin: Springer.	
references	Reed Steiner and Lisa Matthewson	place	München	in a reference entry
references	Reed Steiner and Lisa Matthewson	reference	Ebert, Karen. 1971. Zwei Formen des bestimmten Artikels. In Dieter Wunderlich (ed.), Probleme und Fortschritte der Transformationsgrammatik. pp. 159–174. München: Hueber.	
references	Reed Steiner and Lisa Matthewson	reference	Elbourne, Paul. 2008. Demonstratives as individual concepts. Linguistics and Philosophy 31. pp. 409–466.	
references	Reed Steiner and Lisa Matthewson	reference	Elbourne, Paul. 2013. Definite descriptions. Oxford: Oxford University Press.	
references	Reed Steiner and Lisa Matthewson	language	Skwxwú7mesh	Squamish, in a reference entry
references	Reed Steiner and Lisa Matthewson	reference	Falco, Michelangelo and Roberto Zamparelli. 2019. Partitives and Partitivity. Glossa: a journal of general linguistics 4(1). doi: https://doi.org/10.5334/gjgl.642 Gao, Yiran. 2025. Definiteness in Wu Chinese. MA thesis, University of British Columbia.	
references	Reed Steiner and Lisa Matthewson	reference	Gessner, Suzanne, Tracey Herbert, and Aliana Parker. 2022. Report on the status of B.C. First Nations languages, Fourth edition. Brentwood Bay, BC: The First Peoples’ Cultural Council.	
references	Reed Steiner and Lisa Matthewson	reference	Gillon, Carrie. 2014. The semantics of determiners: Domain restriction in Skwxwú7mesh. Newcastle upon Tyne: Cambridge Scholars Publishing.	
references	Reed Steiner and Lisa Matthewson	reference	Hanink, Emily A. 2021. DP structure and internally headed relatives in Washo Natural Language and Linguistic Theory 39. pp. 505-554.	
references	Reed Steiner and Lisa Matthewson	reference	Hawkins, John A. 1978. Definiteness and indefiniteness. London: Croom Helm.	
references	Reed Steiner and Lisa Matthewson	reference	Heim, Irene. 1982. The semantics of definite and indefinite noun phrases. Ph.D thesis, University of Massachusetts.	
references	Reed Steiner and Lisa Matthewson	reference	Heim, Irene and Angelika Kratzer. 1998. Semantics in generative grammar. Oxford: Blackwell. Huang, C.-T. James. 1982. Logical relations in Chinese and the theory of grammar. Ph.D thesis, Massachusetts Institute of Technology.	
references	Reed Steiner and Lisa Matthewson	language	ʔayʔaǰuθəm	Comox-Sliammon, Central Salish, the language of footnote 13's (i)
references	nɬeʔkepmxcín	cited form	nɬeʔképmx	page 49
references	Reed Steiner and Lisa Matthewson	reference	Huijsmans, Marianne. 2023. Second-position clitics, from morphosyntax to semantics: The ʔayʔaǰuθəm (comox-sliammon) perspective. Ph.D thesis, University of British Columbia.	
references	Reed Steiner and Lisa Matthewson	reference	Jackendoff, Ray. 1977. X′-syntax: A study of phrase structure. Cambridge: MIT Press. Jimmie, Mandy Na’zinek. 1994. A prosodic analysis of nɬeʔképmx reduplication. MA thesis, University of British Columbia.	
references	Reed Steiner and Lisa Matthewson	reference	Jenks, Peter. 2015. Two kinds of definites in numeral classifier languages. In Sarah D'Antonio, Mary Moroney, & Carol Rose Little (eds.) Proceedings of SALT 25. pp. 103-124.	
references	Reed Steiner and Lisa Matthewson	reference	Jenks, Peter. 2018. Articulated definiteness without articles. Linguistic Inquiry 49:501-536.	
references	Reed Steiner and Lisa Matthewson	reference	Kadmon, Nirit. 1990. Uniqueness. Linguistics and Philosophy 13. pp. 273-324.	
references	Reed Steiner and Lisa Matthewson	reference	Kim, Kyumin. 2024. Anaphoric definite and syntax of demonstrative. Linguistic Research 41(3). pp. 547-569.	
references	Reed Steiner and Lisa Matthewson	language	Nɬeʔkepmxcin	nɬeʔkepmxcín in a reference title
references	Reed Steiner and Lisa Matthewson	reference	Koch, Karsten A. 2004. On predicate modification in Nɬeʔkepmxcin (Thompson River Salish). In J. C. Brown & Tyler Peterson (eds.), Papers for the 39th Annual International Conference on Salish and Neighboring Languages. pp. 269–282.	
references	Reed Steiner and Lisa Matthewson	reference	Koch, Karsten A. 2006. Transitive word order in Nɬeʔkepmxcin (Thompson River Salish). In Masaru Kiyota, James J. Thompson & Noriko Yamane-Tanaka (eds.), Papers for the 41st Annual International Conference on Salish and Neighboring Languages . pp. 192–220 Koch, Karsten A. 2008. Intonation and focus in Nɬeʔkepmxcin (Thompson River Salish). Ph.D Thesis, University of British Columbia.	
references	Reed Steiner and Lisa Matthewson	language	Nłeʔkepmxcin	nɬeʔkepmxcín in a reference title, written with ł
references	Reed Steiner and Lisa Matthewson	reference	Koch, Karsten A. and Malte Zimmermann. 2010. Focus-sensitive operators in Nłeʔkepmxcin. (Thompson River Salish). In Martin Prinzhorn, Viola Schmitt and Sarah Zobel (eds.), Proceedings of Sinn und Bedeutung 14. pp. 237-255.	
references	Reed Steiner and Lisa Matthewson	reference	Kroeber, Paul D. 1997. Relativization in Thompson River Salish. Anthropological Linguistics 39(3). pp. 76-422.	
references	Reed Steiner and Lisa Matthewson	name	Löbner	Sebastian Löbner, cited on definiteness
references	Reed Steiner and Lisa Matthewson	name	Gärdenfors	in a reference entry
references	Reed Steiner and Lisa Matthewson	reference	Lakoff, Robin. 1974. Remarks on ‘this’ and ‘that’. In Michael W. La Galy, Robert A. Fox & Anthony Bruck (eds.) Proceedings of the Chicago Linguistics Society 10. pp. 345-356. Löbner, Sebastian. 1985. Natural language and Generalized Quantifier Theory. In Peter Gärdenfors (ed.), Generalized Quantifiers: linguistic and logical approaches. Dordrecht: Reidel, S. pp. 181-201.	
references	Reed Steiner and Lisa Matthewson	reference	Matthewson, Lisa. 1998. Determiner systems and quantificational strategies: Evidence from Salish. The Hague: Holland Academic Graphics.	
references	Reed Steiner and Lisa Matthewson	reference	Matthewson, Lisa. 1999. On the interpretation of wide-scope indefinites. Natural Language Semantics 7. pp. 79-134.	
references	Reed Steiner and Lisa Matthewson	reference	Matthewson, Lisa. 2001. Quantification and the nature of cross-linguistic variation. Natural Language Semantics 9. pp. 145-189.	
references	Reed Steiner and Lisa Matthewson	reference	Matthewson, Lisa. 2004. On the methodology of semantic fieldwork. International Journal of American Linguistics 70. pp. 369-415.	
references	Reed Steiner and Lisa Matthewson	reference	Matthewson, Lisa. 2006. Presuppositions and cross-linguistic variation. In Amy Rose Deal, Christopher Davis & Youri Zabbal (eds.) Proceedings of the North East Linguistics Society 36. Amherst, MA: GLSA.	
references	Reed Steiner and Lisa Matthewson	reference	Matthewson, Lisa. 2022. What are the building blocks of definiteness? Evidence from a language in which strong definites don’t exist and demonstratives are weak. Paper presented at the Two Kinds of Definites Workshop, Humboldt University.	
references	Reed Steiner and Lisa Matthewson	reference	Matthewson, Lisa and Henry Davis. 1995. The structure of DP in St’át’imcets (Lillooet Salish). In Papers for the 30th International Conference on Salish and Neighboring Languages. pp. 55- 68.	
references	Reed Steiner and Lisa Matthewson	reference	Nowak, Ethan. 2019. Complex demonstratives, hidden arguments, and presupposition. Synthese 198. pp. 2865-2900.	
references	Reed Steiner and Lisa Matthewson	reference	Owusu, Augustina P. 2022. Cross-Categorial definiteness/Familiarity. Ph.D dissertation, Rutgers, The State University of New Jersey.	
references	Reed Steiner and Lisa Matthewson	reference	Patel-Grosz, Pritty and Patrick G. Grosz 2017. Revisiting pronominal typology. Linguistic Inquiry 48(2). pp. 259-297.	
references	Reed Steiner and Lisa Matthewson	reference	Potts, Christopher and Florian Schwarz. 2010. Affective ‘this’. Linguistic Issues in Language Technology 3(5). pp. 1-30.	
references	Reed Steiner and Lisa Matthewson	reference	Prince, Ellen F. 1981. Toward a taxonomy of given/new information. In P. Cole (ed.), Radical Pragmatics. pp. 223-255. New York: Academic Press.	
references	Reed Steiner and Lisa Matthewson	reference	Reisinger, D.K.E. and Marianne Huijsmans. 2021. Demonstratives in ʔayʔaǰuθəm. In D. K. E. Reisinger, Hannah Green, Laura Griffin, Marianne Huijsmans, Gloria Mellesmoen, & Bailey Trotter (eds.), Papers for the 56th International Conference on Salish and Neighbouring Languages (ICSNL). pp. 305-375. Vancouver: UBCWPL.	
references	Reed Steiner and Lisa Matthewson	reference	Renans, Agata, Sampson Korsah and Akua Campbell. 2025. Deriving (anti)-uniqueness: Demonstratives in Ga (Kwa). Journal of Semantics 42. pp. 217-238.	
references	Reed Steiner and Lisa Matthewson	reference	Bombi, Carla et al. in prep. Field manual definiteness, chapter 4: Definites vs. demonstratives.	
references	Reed Steiner and Lisa Matthewson	reference	Roberts, Craige. 2002. Demonstratives as definites. In Kees van Deemter and Roger Kibble (eds.), Information sharing: Reference and presupposition in language generation and interpretation. pp. 89-106. Stanford: CLSI.	
references	Reed Steiner and Lisa Matthewson	reference	Robinson, Heather M. 2005. Unexpected (in) definiteness: Plural generic expressions in Romance. Ph.D dissertation, Rutgers The State University of New Jersey.	
references	Reed Steiner and Lisa Matthewson	reference	Ross, J.R. 1967. Constraints on variables in syntax. Ph.D dissertation, Massachusetts Institute of Technology.	
references	Reed Steiner and Lisa Matthewson	reference	Royer, Justin. 2022. Elements of (in)definiteness and binding: A Mayan perspective. Ph.D dissertation, McGill University.	
references	Reed Steiner and Lisa Matthewson	reference	Russell, Bertrand. 1905. On denoting. Mind 14. pp. 479-493.	
references	Reed Steiner and Lisa Matthewson	reference	Saha, Ankana. 2025. Demonstrative descriptions and anti-uniqueness. In Federica Longo and Daniele Panizza (eds.), Proceedings of Sinn und Bedeutung 29,1383-1401. Noto: University of Messina, C.U.M.O.	
references	Reed Steiner and Lisa Matthewson	reference	Schwarz, Florian. 2009. Two types of definite in natural language. Ph.D dissertation, University of Massachusetts, Amherst.	
references	Reed Steiner and Lisa Matthewson	reference	Schwarz, Florian 2013. Two kinds of definites cross-linguistically. Language and linguistics compass 7(10). pp. 534-559.	
references	Reed Steiner and Lisa Matthewson	name	Šimík	Radek Šimík, cited on demonstratives
references	Reed Steiner and Lisa Matthewson	name	Schöller	in a reference entry
references	Reed Steiner and Lisa Matthewson	reference	Šimík, Radek. 2016. On pragmatic demonstratives: The case of pragmatic discourse anaphora in Czech. In Nadine Bade, Polina Berezovskaya, and Anthea Schöller (eds.), Proceedings of Sinn und Bedeutung 20. pp. 640-657.	
references	Reed Steiner and Lisa Matthewson	reference	Simonenko, Alexandra. 2014. Grammatical ingredients of definiteness. Ph.D. dissertation, McGill University.	
references	Reed Steiner and Lisa Matthewson	place	Universität	in a reference entry
references	Reed Steiner and Lisa Matthewson	reference	Simonenko, Alexandra and Anne Carlier. 2022. Demonstratives and strong definites: two ways to point to a situation. Paper presented at the Two Kinds of Definites II Workshop, Universität Potsdam.	
references	Reed Steiner and Lisa Matthewson	reference	Simpson, Andrew and Priyanka Biswas. 2016. Bare nominals, classifiers and the representation of definiteness in Bangla. Linguistic Analysis 40(3). pp. 167-198.	
references	Reed Steiner and Lisa Matthewson	language	nɬeʔkepmxcín	the language of this paper, a.k.a. Thompson River Salish, Northern Interior Salish, ISO 639-3 thp
references	Reed Steiner and Lisa Matthewson	reference	Steiner, Reed. 2026. Locative demonstratives in nɬeʔkepmxcín. Ph.D Qualifying Paper, University of British Columbia.	
references	Reed Steiner and Lisa Matthewson	reference	Thompson, Laurence C. and M. Terry Thompson. 1992. The Thompson language. Missoula, MT: UMOPL.	
references	Reed Steiner and Lisa Matthewson	language	nłeʔkepmxcín	nɬeʔkepmxcín written with ł
references	Reed Steiner and Lisa Matthewson	reference	Thompson, Laurence C. and M. Terry Thompson. 1996. Thompson River Salish dictionary: nłeʔkepmxcín. Missoula, MT: UMOPL.	
references	Reed Steiner and Lisa Matthewson	reference	Wolter, Lynsey. 2006. That’s that: The semantics and pragmatics of demonstrative noun phrases. PhD dissertation, University of California Santa Cruz.	
title	Reed Steiner and Lisa Matthewson	title	That moon has risen: The semantics of nɬeʔkepmxcín nominal demonstratives	the paper's title, carrying the star of the acknowledgement footnote
title	Reed Steiner and Lisa Matthewson	name	Reed Steiner	author, University of British Columbia. RS in the discussion of (21c)
title	Reed Steiner and Lisa Matthewson	name	Lisa Matthewson	author, University of British Columbia
footnote *	Reed Steiner and Lisa Matthewson	name	Bev Phillips	consultant, BP in the tags, from Lytton, speaker of ƛ̓q̓mcín. The primary consultant
footnote *	Reed Steiner and Lisa Matthewson	name	Bernice Garcia	consultant, KBG in the tags, kʷaɬtèzetkʷ, from Coldwater, speaker of nc̕eɬétkʷu
footnote *	Reed Steiner and Lisa Matthewson	name	Marty Aspinall	CMA, c̓úʔsinek, from Coldwater, speaker of scw̓exmxcín, recorded in conversation with kʷaɬtèzetkʷ and not consulted directly
footnote *	Reed Steiner and Lisa Matthewson	name	Henry Davis	thanked for feedback and discussion
footnote *	Reed Steiner and Lisa Matthewson	name	Mandy Na’zinek Jimmie	thanked for feedback and discussion. Jimmie 1994 is cited for the orthography
footnote *	Reed Steiner and Lisa Matthewson	name	Ella Hannon	of the Salish Working Group, thanked for detailed comments on a draft
footnote *	Reed Steiner and Lisa Matthewson	name	Marianne Huijsmans	of the Salish Working Group, thanked. Footnote 13 reports her ʔayʔaǰuθəm data
footnote *	Reed Steiner and Lisa Matthewson	name	Bruce Oliver	of the Salish Working Group, thanked
footnote *	Reed Steiner and Lisa Matthewson	name	Salish Working Group	thanked with the UBC nɬab
footnote *	Reed Steiner and Lisa Matthewson	name	Social Sciences and Research Council of Canada	a funder, as the page names it
footnote *	Reed Steiner and Lisa Matthewson	name	Jacobs Research Funds	a funder
footnote *	Reed Steiner and Lisa Matthewson	name	UBC’s Indigenous Strategic Initiatives Fund	a funder
all	Reed Steiner and Lisa Matthewson	notation	SF	a sentence the authors supplied and the speaker judged
all	Reed Steiner and Lisa Matthewson	notation	VF	a sentence the speaker volunteered
all	Reed Steiner and Lisa Matthewson	notation	#	judged infelicitous in the given context
all	Reed Steiner and Lisa Matthewson	notation	*	judged ill-formed
all	Reed Steiner and Lisa Matthewson	notation	?	an uncertain judgement
all	Reed Steiner and Lisa Matthewson	notation	≠	a reading the sentence does not have, set over the one it has in footnote 4's (i), (41b) and (46)
all	Reed Steiner and Lisa Matthewson	symbol note	text layer	the text layer puts a space at every change of font, n ɬeʔkepmxcín demonstrative s. 256 lines were closed up where the glyph positions show no gap, keeping the column gaps of the examples
